1,TẬP ĐOÀN VINGROUP - CTCP,Nguyễn Việt Quang,0101245486,Kinh doanh bất động sản
2,CÔNG TY CP ĐẦU TƯ THẾ GIỚI DI ĐỘNG,Trần Kinh Doanh,0306731335,"Bán lẻ điện tử, điện lạnh, viễn thông, công nghệ thông tin"
3,CÔNG TY CP TẬP ĐOÀN VÀNG BẠC ĐÁ QUÝ DOJI,Đỗ Minh Đức,0100365621,"Bán lẻ vàng, bạc và kim loại quý khác"
4,CÔNG TY CP TẬP ĐOÀN HÒA PHÁT,Nguyễn Việt Thắng,0900189284,"Sản xuất, gia công kim loại, sắt thép, kim khí…"
5,CÔNG TY CP TẬP ĐOÀN MASAN,Danny Lê,0303576603,Dịch vụ khác
6,CÔNG TY CP ÔTÔ TRƯỜNG HẢI,Nguyễn Hùng Minh,3600252847,"Sản xuất, kinh doanh ô tô, xe máy, xe có động cơ và phụ kiện"
7,NGÂN HÀNG TMCP VIỆT NAM THỊNH VƯỢNG,Nguyễn Đức Vinh,0100233583,Ngân hàng
8,CÔNG TY CP SỮA VIỆT NAM,Mai Kiều Liên,0300588569,"Sản xuất, chế biến và kinh doanh sữa, sản phẩm từ sữa"
9,NGÂN HÀNG TMCP SÀI GÒN,Hoàng Minh Hoàn,0311449990,Ngân hàng
10,CÔNG TY CP TẬP ĐOÀN THÀNH CÔNG,Nguyễn Anh Tuấn,0100831174,"Sản xuất, kinh doanh ô tô, xe máy, xe có động cơ và phụ kiện"
11,NGÂN HÀNG TMCP KỸ THƯƠNG VIỆT NAM,Jens Lottner,0100230800,Ngân hàng
12,NGÂN HÀNG TMCP SÀI GÒN THƯƠNG TÍN,Nguyễn Đức Thạch Diễm,0301103908,Ngân hàng
13,CÔNG TY CP TẬP ĐOÀN INTIMEX,Đỗ Hà Nam,0304421306,"Sản xuất, chế biến và kinh doanh thực phẩm khác"
14,NGÂN HÀNG TMCP Á CHÂU,Đỗ Minh Toàn,0301452948,Ngân hàng
15,NGÂN HÀNG TMCP SÀI GÒN - HÀ NỘI,Ngô Thu Hà,1800278630,Ngân hàng
16,CÔNG TY CP FPT,Nguyễn Văn Khoa,0101248141,Hoạt động thông tin khác
17,CÔNG TY CP TẬP ĐOÀN HOA SEN,Trần Quốc Trí,3700381324,"Sản xuất, gia công kim loại, sắt thép, kim khí…"
18,NGÂN HÀNG TMCP PHÁT TRIỂN TP. HỒ CHÍ MINH,Phạm Quốc Thanh,0300608092,Ngân hàng
19,CÔNG TY CP HÀNG TIÊU DÙNG MASAN (MASAN CONSUMER),Trương Công Thắng,0302017440,"Sản xuất, chế biến và kinh doanh thực phẩm khác"
20,CÔNG TY CP HÀNG KHÔNG VIETJET,Nguyễn Thị Phương Thảo,0102325399,Vận tải hàng không
21,NGÂN HÀNG TMCP QUỐC TẾ VIỆT NAM,Hàn Ngọc Vũ,0100233488,Ngân hàng
22,CÔNG TY CP TẬP ĐOÀN HÒA BÌNH MINH,Bùi Minh Lực,5200896375,"Sản xuất, kinh doanh ô tô, xe máy, xe có động cơ và phụ kiện"
23,CÔNG TY TNHH ỐNG THÉP HÒA PHÁT,Nguyễn Mạnh Tuấn,0100598873,"Sản xuất, gia công kim loại, sắt thép, kim khí…"
24,NGÂN HÀNG TMCP BƯU ĐIỆN LIÊN VIỆT,Phạm Doãn Sơn,6300048638,Ngân hàng
25,CÔNG TY CP TẬP ĐOÀN FLC,Hương Trần Kiều Dung,0102683813,Kinh doanh bất động sản
26,CÔNG TY CP TẬP ĐOÀN GELEX,Nguyễn Văn Tuấn,0100100512,"Sản xuất, kinh doanh thiết bị điện"
27,NGÂN HÀNG TMCP TIÊN PHONG,Nguyễn Hưng,0102744865,Ngân hàng
28,CÔNG TY TÀI CHÍNH TNHH NGÂN HÀNG VIỆT NAM THỊNH VƯỢNG SMBC,Kalidas Ghose,0102180545,Dịch vụ tài chính khác
29,CÔNG TY CP STAVIAN HÓA CHẤT,Nguyễn Minh Tú,0104160054,"Sản xuất, kinh doanh nhựa và sản phẩm từ nhựa"
30,CÔNG TY CP VÀNG BẠC ĐÁ QUÝ PHÚ NHUẬN,Lê Trí Thông,0300521758,"Bán lẻ vàng, bạc và kim loại quý khác"
31,CÔNG TY CP GIẢI PHÁP THANH TOÁN VIỆT NAM,Lê Tánh,0102182292,Viễn thông
32,CÔNG TY CP MASAN MEATLIFE,Phạm Trung Lâm,0311224517,Dịch vụ khác
33,CÔNG TY CP TẬP ĐOÀN THÉP NGUYỄN MINH,Nguyễn Minh Huy,1101359647,"Sản xuất, gia công kim loại, sắt thép, kim khí…"
34,CÔNG TY CP TẬP ĐOÀN VAS NGHI SƠN,Nguyễn Bảo Giang,2801115888,"Sản xuất, gia công kim loại, sắt thép, kim khí…"
35,CÔNG TY CP DỊCH VỤ TỔNG HỢP SÀI GÒN,Phan Dương Cửu Long,0301154821,Kinh doanh bất động sản
36,CÔNG TY CP ĐẦU TƯ THƯƠNG MẠI SMC,Nguyễn Thị Ngọc Loan,0303522206,"Kinh doanh kim loại, sắt thép, kim khí…"
37,CÔNG TY CP THÀNH THÀNH CÔNG - BIÊN HÒA,Ông Nguyễn Thanh Ngữ,3900244389,"Sản xuất, chế biến và kinh doanh đường"
38,CÔNG TY CP HYUNDAI THÀNH CÔNG VIỆT NAM,Trần Hữu Phú,2700668614,"Sản xuất, kinh doanh ô tô, xe máy, xe có động cơ và phụ kiện"
39,CÔNG TY CP DƯỢC LIỆU TRUNG ƯƠNG 2,Nguyễn Công Chiến,0302597576,"Kinh doanh, phân phối dược phẩm, thiết bị y tế"
40,CÔNG TY CP BÁN LẺ KỸ THUẬT SỐ FPT,Hoàng Trung Kiên,0311609355,"Bán lẻ điện tử, điện lạnh, viễn thông, công nghệ thông tin"
41,CÔNG TY CP XÂY DỰNG COTECCONS,N.A,0303443233,Xây dựng
42,CÔNG TY TNHH HẢI LINH,Lê Văn Tám,2600261303,Kinh doanh xăng dầu và các sản phẩm liên quan
43,CÔNG TY CP TẬP ĐOÀN THỦY SẢN MINH PHÚ,Lê Văn Quang,2000393273,"Sản xuất, chế biến và kinh doanh thực phẩm tươi sống, đông lạnh"
44,NGÂN HÀNG TMCP PHƯƠNG ĐÔNG,Nguyễn Đình Tùng,0300852005,Ngân hàng
45,TỔNG CÔNG TY CP DỊCH VỤ TỔNG HỢP DẦU KHÍ,Vũ Tiến Dương,0300452060,"Bán lẻ điện tử, điện lạnh, viễn thông, công nghệ thông tin"
46,NGÂN HÀNG TMCP HÀNG HẢI VIỆT NAM,Nguyễn Hoàng Linh,0200124891,Ngân hàng
47,CÔNG TY CP TẬP ĐOÀN SAO MAI,Lê Thanh Thuấn,1600169024,Kinh doanh bất động sản
48,CÔNG TY CP THẾ GIỚI SỐ,Đoàn Hồng Việt,0302861742,"Sản xuất, kinh doanh thiết bị điện tử, điện lạnh, công nghệ thông tin, viễn thông…"
49,NGÂN HÀNG TMCP ĐÔNG NAM Á,Lê Văn Tần,0200253985,Ngân hàng
50,NGÂN HÀNG TMCP XUẤT NHẬP KHẨU VIỆT NAM,Nguyễn Quốc Hương,0301179079,Ngân hàng
51,CÔNG TY CP THƯƠNG MẠI THÁI HƯNG,Nguyễn Thị Vinh,4600310787,"Khai thác, chế biến, kinh doanh quặng kim loại và hoạt động hỗ trợ"
52,CÔNG TY TNHH THƯƠNG MẠI VÀ DƯỢC PHẨM SANG,Lê Quỳnh Liên,0310631333,"Kinh doanh, phân phối dược phẩm, thiết bị y tế"
53,CÔNG TY CP TÔN ĐÔNG Á,Nguyễn Thanh Trung,3700255880,"Sản xuất, kinh doanh máy móc, sản phẩm cơ khí khác"
54,CÔNG TY CP VIỄN THÔNG FPT,Hoàng Việt Anh,0101778163,Viễn thông
55,CÔNG TY CP TẬP ĐOÀN ĐẦU TƯ ĐỊA ỐC NO VA,Nguyễn ngọc Huyên,0301444753,Kinh doanh bất động sản
56,CÔNG TY CP THÉP NAM KIM,Võ Hoàng Vũ,3700477019,"Sản xuất, gia công kim loại, sắt thép, kim khí…"
57,CÔNG TY CP TẬP ĐOÀN XÂY DỰNG HÒA BÌNH,Lê Viết Hiếu,0302158498,Xây dựng
58,CÔNG TY CP DÂY CÁP ĐIỆN VIỆT NAM,Lê Quang Định,0300381564,"Sản xuất, kinh doanh thiết bị điện"
59,CÔNG TY CP TẬP ĐOÀN T&T,Đỗ Quang Hiển,0100233223,Dịch vụ tài chính khác
60,CÔNG TY CP TẬP ĐOÀN DABACO VIỆT NAM,Nguyễn Khắc Thảo,2300105790,"Sản xuất, kinh doanh thức ăn chăn nuôi"
61,NGÂN HÀNG TMCP BẮC Á,Thái Hương,2900325526,Ngân hàng
62,CÔNG TY CP THÉP POMINA,Đỗ Văn Khánh,3700321364,"Sản xuất, gia công kim loại, sắt thép, kim khí…"
63,CÔNG TY CP PVI,Bùi Vạn Thuận,0100151161,Bảo hiểm
64,NGÂN HÀNG TMCP NAM Á,Trần Ngọc Tâm,0300872315,Ngân hàng
65,CÔNG TY TNHH TẬP ĐOÀN BIM,Đoàn Quốc Huy,5701942544,Kinh doanh bất động sản
66,CÔNG TY CP SẢN XUẤT THÉP VINA ONE,Huỳnh Nghĩa Thiện,1100549268,"Sản xuất, gia công kim loại, sắt thép, kim khí…"
67,TỔNG CÔNG TY VIGLACERA - CTCP,Nguyễn Anh Tuấn,0100108173,"Sản xuất, kinh doanh vật liệu xây dựng"
68,CÔNG TY CP CẢNG RAU QUẢ,Đặng Như Bình,0302336158,"Kho bãi, bốc xếp hàng hóa"
69,CÔNG TY CP MASAN HIGH-TECH MATERIALS,Craig Richard Bradshaw,0309966889,Dịch vụ khác
70,CÔNG TY TNHH THƯƠNG MẠI VÀ DỊCH VỤ PHÁT TIẾN,Hồ Minh Trí,0301049150,"Sản xuất, kinh doanh ô tô, xe máy, xe có động cơ và phụ kiện"
71,TỔNG CÔNG TY BẢO HIỂM PVI,Phạm Anh Đức,0105402531,Bảo hiểm
72,CÔNG TY CP TẬP ĐOÀN PAN,Nguyễn Trà My,0301472704,Hoạt động nông nghiệp khác
73,CÔNG TY CP THÉP TVP,Ninh Thị Bích Thùy,1100598716,"Sản xuất, gia công kim loại, sắt thép, kim khí…"
74,CÔNG TY CP TẬP ĐOÀN AN PHÁT HOLDINGS,Đinh Xuân Cường,0801210129,Dịch vụ tài chính khác
75,CÔNG TY CP VINCOM RETAIL,Trần Mai Hoa,0105850244,Kinh doanh bất động sản
76,TỔNG CÔNG TY CP XUẤT NHẬP KHẨU VÀ XÂY DỰNG VIỆT NAM,Nguyễn Xuân Đông,0100105616,Xây dựng
77,CÔNG TY CP TẬP ĐOÀN KIDO,Trần Lệ Nguyên,0302705302,"Sản xuất, chế biến và kinh doanh đường"
78,CÔNG TY CP MEDIAMART VIỆT NAM,Lê Quang Vũ,0102516308,"Bán lẻ điện tử, điện lạnh, viễn thông, công nghệ thông tin"
79,CÔNG TY TNHH HÀO HƯNG,Thang Văn Hóa,0301952517,Hoạt động công nghiệp khác
80,TẬP ĐOÀN GELEXIMCO - CTCP,Vũ Văn Tiền,0100514947,Kinh doanh bất động sản
81,CÔNG TY CP ĐẦU TƯ THÁI BÌNH,Nguyễn Đức Thuấn,3700148737,"Sản xuất, kinh doanh sản phẩm da giầy"
82,CÔNG TY CP DỊCH VỤ PHÂN PHỐI TỔNG HỢP DẦU KHÍ,Vũ Tiến Dương,0305482862,"Sản xuất, kinh doanh thiết bị điện tử, điện lạnh, công nghệ thông tin, viễn thông…"
83,NGÂN HÀNG TMCP AN BÌNH,Lê Hải,0301412222,Ngân hàng
84,CÔNG TY TNHH DỊCH VỤ VÀ THƯƠNG MẠI MESA,Lưu Tuyết Mai,0100520429,"Sản xuất, kinh doanh đồ dùng gia đình"
85,CÔNG TY CP ĐẦU TƯ XÂY DỰNG RICONS,Trần Quang Quân,0303527596,Xây dựng
86,CÔNG TY CP TẬP ĐOÀN LỘC TRỜI,Nguyễn Duy Thuận,1600192619,Hoạt động nông nghiệp khác
87,CÔNG TY CP NHỰA AN PHÁT XANH,Đinh Xuân Cường,0800373586,"Sản xuất, kinh doanh nhựa và sản phẩm từ nhựa"
88,CÔNG TY CP TỔNG CÔNG TY TÍN NGHĨA,Trần Trung Tuấn,3600283394,Kinh doanh bất động sản
89,CÔNG TY CP VĨNH HOÀN,Nguyễn Ngô Vi Tâm,1400112623,"Sản xuất, chế biến và kinh doanh thực phẩm đóng gói, ăn liền, đồ hộp"
90,TỔNG CÔNG TY CP MAY VIỆT TIẾN,Bùi Văn Tiến,0300401524,"Sản xuất, kinh doanh trang phục"
91,TỔNG CÔNG TY XÂY DỰNG SỐ 1 - CTCP,Lê Hữu Việt Đức,0301429113,Xây dựng
92,CÔNG TY CP HIM LAM,Dương Công Hùng,0301437499,Kinh doanh bất động sản
93,CÔNG TY CP THỦY SẢN SÓC TRĂNG,Trần Văn Phẩm,2200108445,"Sản xuất, chế biến và kinh doanh thực phẩm đóng gói, ăn liền, đồ hộp"
94,CÔNG TY CP ĐẦU TƯ HẠ TẦNG KỸ THUẬT TP. HỒ CHÍ MINH,Lê Quốc Bình,0302483177,Xây dựng
95,CÔNG TY CP TẬP ĐOÀN PC1,Trịnh Văn Tuấn,0100100745,Hoạt động xây dựng khác
96,CÔNG TY TNHH ĐẦU TƯ SẢN XUẤT THƯƠNG MẠI DỊCH VỤ PHAN MINH,Phan Hùng Minh,0303283290,"Sản xuất, chế biến và kinh doanh gạo, ngũ cốc, sản phẩm nghiền, đồ khô"
97,CÔNG TY CP ĐƯỜNG QUẢNG NGÃI,Võ Thành Đàng,4300205943,"Sản xuất, chế biến và kinh doanh đường"
98,CÔNG TY CP ỐNG THÉP VIỆT - ĐỨC VG PIPE,Nguyễn Hữu Thể,2500267703,"Sản xuất, gia công kim loại, sắt thép, kim khí…"
99,CÔNG TY CP ĐẦU TƯ VÀ PHÁT TRIỂN ĐA QUỐC GIA I.D.I,Lê Văn Chung,0303141296,"Sản xuất, chế biến và kinh doanh thực phẩm đóng gói, ăn liền, đồ hộp"
100,NGÂN HÀNG TMCP QUỐC DÂN,Phạm Thế Hiệp,1700169765,Ngân hàng
101,NGÂN HÀNG TMCP VIỆT Á,Nguyễn Văn Trọng,0302963695,Ngân hàng
102,CÔNG TY CP VNG,Lê Hồng Minh,0303490096,"Dịch vụ vui chơi, giải trí"
103,NGÂN HÀNG TMCP VIỆT NAM THƯƠNG TÍN,Nguyễn Hữu Trung,2200269805,Ngân hàng
104,CÔNG TY TNHH THƯƠNG MẠI VHC (SIÊU THỊ ĐIỆN MÁY HC),Nguyễn Hoàng Hải,0105690657,"Bán lẻ điện tử, điện lạnh, viễn thông, công nghệ thông tin"
105,CÔNG TY CP XI MĂNG XUÂN THÀNH,Nguyễn Xuân Thủy,0700576529,"Sản xuất, kinh doanh vật liệu xây dựng"
106,CÔNG TY CP CƠ ĐIỆN LẠNH,Huỳnh Thanh Hải,0300741143,Hoạt động xây dựng khác
107,CÔNG TY CP ĐẦU TƯ THÀNH THÀNH CÔNG,Huỳnh Bích Ngọc,0301466073,"Sản xuất, chế biến và kinh doanh đường"
108,CÔNG TY CP CITY AUTO,Nguyễn Hoàng Minh Tiến,0307979603,"Sản xuất, kinh doanh ô tô, xe máy, xe có động cơ và phụ kiện"
109,CÔNG TY CP ĐẦU TƯ SÀI GÒN VRG,Trần Mạnh Hùng,0305268812,Xây dựng
110,CÔNG TY CP VICOSTONE,Phạm Anh Tuấn,0500469512,"Sản xuất, kinh doanh vật liệu xây dựng"
111,CÔNG TY CP HÓA DẦU QUÂN ĐỘI (MIPEC),Dư Cao Sơn,0101436307,Kinh doanh xăng dầu và các sản phẩm liên quan
112,CÔNG TY CP ĐẠI TÂN VIỆT,Didier Lachize,0302505776,"Sản xuất, chế biến và kinh doanh thực phẩm khác"
113,CÔNG TY CP PHÚ TÀI,Lê Văn Thảo,4100259236,"Sản xuất, kinh doanh vật liệu xây dựng"
114,CÔNG TY CP DỊCH VỤ Ô TÔ HÀNG XANH,Nguyễn Thị Ngọc Bích,0302000126,"Sản xuất, kinh doanh ô tô, xe máy, xe có động cơ và phụ kiện"
115,CÔNG TY CP QUỐC TẾ SƠN HÀ,Lê Hoàng Hà,0100776445,"Sản xuất, kinh doanh máy móc, sản phẩm cơ khí khác"
116,CÔNG TY TNHH ĐẦU TƯ XÂY DỰNG UNICONS,Võ Hoàng Lâm,0304472276,Xây dựng
117,CÔNG TY CP DẦU THỰC VẬT TƯỜNG AN,Bùi Thanh Tùng,0303498754,"Sản xuất, chế biến và kinh doanh dầu ăn, mỡ động thực vật"
118,CÔNG TY CP TẬP ĐOÀN ECOPARK,Trần Quốc Việt,0101395308,Kinh doanh bất động sản
119,CÔNG TY CP TẬP ĐOÀN CÔNG NGHỆ CMC,Nguyễn Trung Chính,0100244112,Hoạt động thông tin khác
120,CÔNG TY CP GIAO NHẬN VÀ VẬN CHUYỂN IN DO TRẦN,Trần Tuấn Anh,0301909173,Hoạt động khác hỗ trợ cho vận tải
121,CÔNG TY CP THƯƠNG MẠI XUẤT NHẬP KHẨU THIÊN NAM,Vương Quang Diệu,0301172041,"Kinh doanh kim loại, sắt thép, kim khí…"
122,CÔNG TY CP SẢN XUẤT NHỰA DUY TÂN,Trần Duy Hy,0306151768,"Sản xuất, kinh doanh nhựa và sản phẩm từ nhựa"
123,CÔNG TY CP TẬP ĐOÀN KIM TÍN,Nguyễn Tiến Hải,0303738780,Hoạt động công nghiệp khác
124,CÔNG TY TNHH XUẤT NHẬP KHẨU CÀ PHÊ MINH TIẾN,Nguyễn Thị Hồng Minh,0101013887,"Sản xuất, chế biến và kinh doanh thực phẩm khác"
125,CÔNG TY TNHH TẬP ĐOÀN XÂY DỰNG DELTA,Trần Thành Vinh,0100512717,Xây dựng
126,CÔNG TY CP KINH DOANH KHÍ MIỀN NAM,Nguyễn Ngọc Luận,0305097236,Kinh doanh xăng dầu và các sản phẩm liên quan
127,CÔNG TY CP XÂY DỰNG CENTRAL,Trần Quang Tuấn,0314476689,Xây dựng
128,CÔNG TY CP THÉP VÀ THƯƠNG MẠI HÀ NỘI,Đào Quang Tiến,5400363141,"Kinh doanh kim loại, sắt thép, kim khí…"
129,CÔNG TY CP TẬP ĐOÀN HÀ ĐÔ,Nguyễn Trọng Thông,0100283802,Kinh doanh bất động sản
130,CÔNG TY CP XUẤT NHẬP KHẨU NHẤT THÀNH,Nguyễn Thọ Anh,0106025519,"Sản xuất, chế biến và kinh doanh gạo, ngũ cốc, sản phẩm nghiền, đồ khô"
131,CÔNG TY CP NÔNG SẢN THỰC PHẨM QUẢNG NGÃI,Võ Văn Danh,4300321643,"Sản xuất, chế biến và kinh doanh gạo, ngũ cốc, sản phẩm nghiền, đồ khô"
132,CÔNG TY CP THƯƠNG MẠI THÀNH THÀNH CÔNG,Phan Vũ Hùng,3700594361,"Sản xuất, chế biến và kinh doanh đường"
133,TỔNG CÔNG TY CP BẢO HIỂM BƯU ĐIỆN,Bùi Xuân Thu,0100774631,Bảo hiểm
134,CÔNG TY CP BÓNG ĐÈN PHÍCH NƯỚC RẠNG ĐÔNG,Nguyễn Đoàn Thăng,0101526991,"Sản xuất, kinh doanh thiết bị điện"
135,CÔNG TY TNHH HỆ THỐNG THÔNG TIN FPT (FPT IS),Nguyễn Hoàng Minh,0104128565,Hoạt động thông tin khác
136,CÔNG TY CP CƠ KHÍ XÂY DỰNG THƯƠNG MẠI ĐẠI DŨNG,Trịnh Tiến Dũng,0301932246,Dịch vụ khác
137,CÔNG TY TNHH TRUNG THÀNH THÁI NGUYÊN,Nguyễn Văn Tốt,4600201989,Bán lẻ khác
138,TẬP ĐOÀN TRUNG NGUYÊN LEGEND,Đặng Lê Nguyên Vũ,0304324655,"Sản xuất, chế biến và kinh doanh đồ uống không cồn"
139,CÔNG TY CP NHỰA BÌNH MINH,Nguyễn Hoàng Ngân,0301464823,"Sản xuất, kinh doanh nhựa và sản phẩm từ nhựa"
140,CÔNG TY CP ĐẦU TƯ DỊCH VỤ TÀI CHÍNH HOÀNG HUY,Trần Thị Hoàng Hà,0200117929,"Sản xuất, kinh doanh ô tô, xe máy, xe có động cơ và phụ kiện"
141,CÔNG TY CP ĐẦU TƯ XÂY DỰNG NEWTECONS,Trần Kim Long,0303103212,Xây dựng
142,NGÂN HÀNG TMCP BẢN VIỆT,Ngô Quang Trung,0301378892,Ngân hàng
143,CÔNG TY CP ĐẦU TƯ VÀ KINH DOANH NHÀ KHANG ĐIỀN,Vương Văn Minh,0302588596,Kinh doanh bất động sản
144,CÔNG TY CP NHỰA THIẾU NIÊN TIỀN PHONG,Chu Văn Phương,0200167782,"Sản xuất, kinh doanh nhựa và sản phẩm từ nhựa"
145,CÔNG TY CP HƯNG THỊNH INCONS,Trần Tiến Thanh,0305371707,Xây dựng
146,CÔNG TY CP CHỨNG KHOÁN SSI,Nguyễn Hồng Nam,0301955155,Chứng khoán
147,CÔNG TY CP THƯƠNG MẠI DỊCH VỤ CỔNG VÀNG,Đào Thế Vinh,0102721191,Ẩm thực
148,CÔNG TY CP Á ĐÔNG ADG,Hồ Hoàng Bảo Vinh,0308113486,"Sản xuất, kinh doanh nhựa và sản phẩm từ nhựa"
149,CÔNG TY CP ĐẦU TƯ VÀ THƯƠNG MẠI TNG,Nguyễn Văn Thời,4600305723,"Sản xuất, kinh doanh trang phục"
150,CÔNG TY CP THỰC PHẨM SAO TA,Phạm Hoàng Việt,2200208753,"Sản xuất, chế biến và kinh doanh thực phẩm đóng gói, ăn liền, đồ hộp"
151,CÔNG TY CP GIAO NHẬN VẬN TẢI CON ONG,Đinh Hữu Thạnh,0303482440,Hoạt động khác hỗ trợ cho vận tải
152,CÔNG TY TNHH THƯƠNG MẠI - DỊCH VỤ TÂN HIỆP PHÁT,Trần Quý Thanh,0301387752,"Sản xuất, chế biến và kinh doanh đồ uống không cồn"
153,CÔNG TY CP DÂY VÀ CÁP ĐIỆN THƯỢNG ĐÌNH,Phạm Lương Hòa,0100892628,"Sản xuất, kinh doanh thiết bị điện"
154,CÔNG TY TNHH XUÂN LỘC THỌ,Trần Thị Thu Hà,0100736347,"Sản xuất, kinh doanh thiết bị điện"
155,CÔNG TY CP TẬP ĐOÀN PHƯỢNG HOÀNG XANH A&A,Hồ Xuân Năng,0104961939,"Sản xuất, kinh doanh vật liệu xây dựng"
156,CÔNG TY CP THƯƠNG NGHIỆP CÀ MAU,Nguyễn Thị Việt Ánh,2000110221,"Bán lẻ hàng tiêu dùng nhanh trong siêu thị, cửa hàng tiện lợi, chợ truyền thông"
157,NGÂN HÀNG TMCP KIÊN LONG,Trần Ngọc Minh,1700197787,Ngân hàng
158,CÔNG TY CP TẬP ĐOÀN HƯNG THỊNH,Nguyễn Đình Trung,0305410561,Kinh doanh bất động sản
159,CÔNG TY CP THÉP VIỆT Ý,Nguyễn Thanh Hà,0900222647,"Sản xuất, gia công kim loại, sắt thép, kim khí…"
160,CÔNG TY CP TẬP ĐOÀN IPC,Phí Phong Hà,0102055583,"Kinh doanh kim loại, sắt thép, kim khí…"
161,CÔNG TY CP AN TIẾN INDUSTRIES,Đặng Thị Quỳnh Phương,5200466372,Hoạt động công nghiệp khác
162,CÔNG TY CP TẬP ĐOÀN THÉP TIẾN LÊN,Phạm Thị Hồng,3600512830,"Kinh doanh kim loại, sắt thép, kim khí…"
163,CÔNG TY CP ABC VIỆT NAM,Nguyễn Thị Dịu,0900254448,"Sản xuất, kinh doanh thức ăn chăn nuôi"
164,CÔNG TY CP ĐẦU TƯ PHAN VŨ,Phan Khắc Long,0302217087,"Sản xuất, kinh doanh vật liệu xây dựng"
165,TỔNG CÔNG TY MAY NHÀ BÈ - CTCP,Phạm Phú Cường,0300398889,"Sản xuất, kinh doanh trang phục"
166,CÔNG TY TNHH KẾT CẤU THÉP 568,Phạm Ngọc Lan,0900273306,"Kinh doanh kim loại, sắt thép, kim khí…"
167,TỔNG CÔNG TY CP BẢO MINH,Vũ Anh Tuấn,0300446973,Bảo hiểm
168,CÔNG TY CP CHỨNG KHOÁN VPS,Nguyễn Lâm Dũng,0104979904,Chứng khoán
169,CÔNG TY CP THUẬN HẢI,Dương Thanh Hải,0305601319,"Khai thác, kinh doanh than và hoạt động hỗ trợ"
170,CÔNG TY TNHH THƯƠNG MẠI VÀ DỊCH VỤ THÀNH TÍN,Trần Thanh Nga,2200208834,"Sản xuất, chế biến và kinh doanh gạo, ngũ cốc, sản phẩm nghiền, đồ khô"
171,CÔNG TY CP PHÁT TRIỂN BẤT ĐỘNG SẢN PHÁT ĐẠT,Bùi Quang Anh Vũ,0303493756,Kinh doanh bất động sản
172,CÔNG TY CP GỖ AN CƯỜNG,Lê Đức Nghĩa,3700748131,"Sản xuất, kinh doanh gỗ, sản phẩm từ gỗ và nội thất"
173,CÔNG TY CP LIZEN,Tăng Quốc Thuộc,0302310209,Xây dựng
174,CÔNG TY CP MAY SÔNG HỒNG,Bùi Đức Thịnh,0600333307,"Sản xuất, kinh doanh trang phục"
175,CÔNG TY CP TẬP ĐOÀN SUNHOUSE,Nguyễn Xuân Phú,0101976905,"Sản xuất, kinh doanh đồ dùng gia đình"
176,CÔNG TY TNHH THỨC ĂN GIA SÚC LÁI THIÊU,Nguyễn Thị Kim Anh,3700149709,"Sản xuất, kinh doanh thức ăn chăn nuôi"
177,CÔNG TY CP ĐẦU TƯ TỔNG HỢP HÀ NỘI,Nguyễn Đại Hải,0102287094,Kinh doanh bất động sản
178,CÔNG TY CP PHÚC SINH,Phan MinhThông,0302401061,"Sản xuất, chế biến và kinh doanh đồ uống không cồn"
179,CÔNG TY CP THỰC PHẨM Á CHÂU,Nguyễn Mạnh Hà,3700150020,"Sản xuất, chế biến và kinh doanh thực phẩm đóng gói, ăn liền, đồ hộp"
180,CÔNG TY CP CÔNG NGHỆ VÀ DỊCH VỤ IMEDIA,Phạm Ngọc Tú,0105837941,Viễn thông
181,CÔNG TY TNHH TẬP ĐOÀN BIM - BIM GROUP,Đoàn Quốc Huy,5700103433,Kinh doanh bất động sản
182,CÔNG TY CP TẬP ĐOÀN VITTO,Nguyễn Xuân Quang,2500578360,"Sản xuất, kinh doanh vật liệu xây dựng"
183,CÔNG TY CP CASPER VIỆT NAM,Nguyễn Viết Chung,0107009894,"Sản xuất, kinh doanh thiết bị điện"
184,CÔNG TY TNHH SẢN XUẤT VÀ THƯƠNG MẠI MINH NGỌC,Đồng Tuấn Vũ,0900237146,"Sản xuất, kinh doanh máy móc, sản phẩm cơ khí khác"
185,CÔNG TY CP THƯƠNG MẠI DỊCH VỤ DẦU KHÍ HẢI PHÁT,Phạm Thị Thu Tâm,3603262480,Kinh doanh xăng dầu và các sản phẩm liên quan
186,CÔNG TY CP DATVIET VAC GROUP HOLDINGS,Đinh Bá Thành,0315744468,Quảng cáo và nghiên cứu thị trường
187,CÔNG TY TNHH THƯƠNG MẠI-DỊCH VỤ-XUẤT NHẬP KHẨU TƯỜNG NGUYÊN,Lê Thị Hoa,1400683063,"Sản xuất, kinh doanh phân bón, thuốc trừ sâu"
188,CÔNG TY CP ĐẦU TƯ NĂM BẢY BẢY,Lưu Hải Ca,0303885305,Kinh doanh bất động sản
189,CÔNG TY CP NHỰA ĐỒNG NAI,Nguyễn Văn Hiếu,3600662561,"Sản xuất, kinh doanh nhựa và sản phẩm từ nhựa"
190,CÔNG TY CP SẢN XUẤT KINH DOANH XUẤT NHẬP KHẨU BÌNH THẠNH,Nguyễn Gia Vinh,0302181666,Hoạt động công nghiệp khác
191,CÔNG TY CP DỆT MAY - ĐẦU TƯ - THƯƠNG MẠI THÀNH CÔNG,JUNG SUNG KWAN,0301446221,"Sản xuất, kinh doanh trang phục"
192,CÔNG TY CP GENTRACO,Nguyễn Trung Kiên,1800241743,"Sản xuất, chế biến và kinh doanh gạo, ngũ cốc, sản phẩm nghiền, đồ khô"
193,TỔNG CÔNG TY MAY 10 - CTCP,Thân Đức Việt,0100101308,"Sản xuất, kinh doanh trang phục"
194,CÔNG TY CP TRANSIMEX,Lê Duy Hiệp,0301874259,Hoạt động khác hỗ trợ cho vận tải
195,CÔNG TY CP DỊCH VỤ & KỸ THUẬT CƠ ĐIỆN LẠNH R.E.E,Phạm Công Pháp,0302660700,Hoạt động xây dựng khác
196,CÔNG TY TNHH THƯƠNG MẠI XUẤT NHẬP KHẨU VIỆT HÀN,Phạm Thị Yến,0101325854,"Sản xuất, kinh doanh thiết bị điện"
197,"CÔNG TY CP DỊCH VỤ LẮP ĐẶT, VẬN HÀNH VÀ BẢO DƯỠNG CÔNG TRÌNH DẦU KHÍ BIỂN PTSC",Dương Hùng Văn,3500818790,Dịch vụ khác
198,CÔNG TY CP DƯỢC PHẨM THIẾT BỊ Y TẾ HÀ NỘI,Đinh Văn Đông,0100109699,"Kinh doanh, phân phối dược phẩm, thiết bị y tế"
199,CÔNG TY CP NHỰA CHÂU ÂU,Hoàng Quốc Huy,0700253609,"Sản xuất, kinh doanh nhựa và sản phẩm từ nhựa"
200,CÔNG TY CP MASCOPEX,Ngô Xuân Nam,4200236666,"Sản xuất, chế biến và kinh doanh thực phẩm tươi sống, đông lạnh"
201,CÔNG TY CP PHÁT HÀNH SÁCH TP. HỒ CHÍ MINH - FAHASA,Phạm Minh Thuận,0304132047,"Bán lẻ sách, báo, tạp chí, văn phòng phẩm"
202,CÔNG TY CỔ PHẦN TẬP ĐOÀN NOVA CONSUMER,Tôn Thất Đề,0301447257,Nông nghiệp
203,CÔNG TY CP LEC GROUP,Trần Đức Tuân,3502380495,Hoạt động khác hỗ trợ cho vận tải
204,CÔNG TY CP CHỨNG KHOÁN KỸ THƯƠNG,Nguyễn Thị Thu Hiền,0102935813,Chứng khoán
205,CÔNG TY CP THƯƠNG MẠI HIỆP HƯƠNG,Trương Công Hiệp,0100953567,"Khai thác, chế biến, kinh doanh quặng kim loại và hoạt động hỗ trợ"
206,CÔNG TY CP VẬT TƯ HẬU GIANG,Lê Hoàng Nam,1800506679,"Sản xuất, kinh doanh vật liệu xây dựng"
207,CÔNG TY TNHH THƯƠNG MẠI VÀ SẢN XUẤT TƯỜNG VIỆT,Dương Tấn Trước,0302853607,"Sản xuất, kinh doanh thiết bị điện"
208,CÔNG TY CP FECON,Nguyễn Văn Thanh,0101502599,Hoạt động xây dựng khác
209,CÔNG TY CP CÔNG NGHỆ ELITE,Trần Hoài Phương Chi,0303853575,Hoạt động thông tin khác
210,TỔNG CÔNG TY CP ĐẦU TƯ PHÁT TRIỂN XÂY DỰNG,Ông Hoàng Văn Tăng,3500101107,Kinh doanh bất động sản
211,CÔNG TY CP THÉP ASEAN,Hồ Văn Phương,6000746180,"Sản xuất, gia công kim loại, sắt thép, kim khí…"
212,CÔNG TY CP UNIBEN,Vũ Tiến Dũng,0301442989,"Sản xuất, chế biến và kinh doanh thực phẩm đóng gói, ăn liền, đồ hộp"
213,CÔNG TY TNHH THƯƠNG MẠI TỔNG HỢP TUẤN VIỆT,Lê Thị Nữ,3100261120,"Sản xuất, chế biến và kinh doanh đường"
214,CÔNG TY CP NƯỚC - MÔI TRƯỜNG BÌNH DƯƠNG,Trần Chiến Công,3700145694,Hoạt động xây dựng khác
215,CÔNG TY TNHH PHÂN PHỐI TIÊN TIẾN,Trương Quốc Chí,0303549039,"Sản xuất, kinh doanh đồ dùng gia đình"
216,CÔNG TY TNHH PHÁT TÀI,Lê Phát Long,1400105785,"Sản xuất, chế biến và kinh doanh gạo, ngũ cốc, sản phẩm nghiền, đồ khô"
217,CÔNG TY CP DỊCH VỤ TRỰC TUYẾN CỘNG ĐỒNG VIỆT,Ngô Trung Lĩnh,0305458683,Ngân hàng
218,CÔNG TY CP TẬP ĐOÀN ĐẤT XANH,Bùi Ngọc Đức,0303104343,Kinh doanh bất động sản
219,CÔNG TY CP THAIHOLDINGS,Nguyễn Văn Dũng,0105202998,"Thăm dò, khai thác dầu mỏ và hoạt động hỗ trợ"
220,CÔNG TY TNHH MTV THỰC PHẨM VÀ ĐẦU TƯ FOCOCEV,Đào Quý Chung,0400101588,"Sản xuất, chế biến và kinh doanh gạo, ngũ cốc, sản phẩm nghiền, đồ khô"
221,CÔNG TY CP TẬP ĐOÀN ĐỨC TƯỜNG,Nguyễn Đức Tường,1701884951,"Sản xuất, kinh doanh thiết bị điện"
222,CÔNG TY CP ĐẦU TƯ PHÁT TRIỂN CÔNG NGHIỆP VÀ VẬN TẢI,Bùi Thiện Phương Đông,0300482393,Xây dựng
223,CÔNG TY CP ĐẦU TƯ NAM LONG,Trần Xuân Ngọc,0301438936,Kinh doanh bất động sản
224,CÔNG TY CP KẾT CẤU THÉP ATAD,Nguyễn Lê Anh Tuấn,1100641143,Xây dựng
225,CÔNG TY CP DINH DƯỠNG HỒNG HÀ,Đỗ Đức Tiến,0700220547,"Sản xuất, kinh doanh thức ăn chăn nuôi"
226,CÔNG TY CP XÂY DỰNG AN PHONG,Nguyễn Khắc Phong,0304621513,Xây dựng
227,CÔNG TY CP CƠ KHÍ XÂY DỰNG AMECC,Ngô Quốc Thịnh,0200786983,"Sản xuất, kinh doanh máy móc, sản phẩm cơ khí khác"
228,CÔNG TY CP SẢN XUẤT VÀ THƯƠNG MẠI P.P,Phan Thị Thu Hương,0101437981,Hoạt động công nghiệp khác
229,CÔNG TY CP VINACAFÉ BIÊN HÒA,Đoàn Quốc Hưng,3600261626,"Sản xuất, chế biến và kinh doanh đường"
230,CÔNG TY CP ĐẦU TƯ & PHÁT TRIỂN CÔNG NGHỆ QUỐC GIA ADG,Đặng Vũ Toàn,0102023052,"Sản xuất, kinh doanh thiết bị điện tử, điện lạnh, công nghệ thông tin, viễn thông…"
231,CÔNG TY CP XUẤT NHẬP KHẨU THIÊN Á,Phan Thanh Tùng,0101726782,"Sản xuất, kinh doanh máy móc, sản phẩm cơ khí khác"
232,CÔNG TY CP TẬP ĐOÀN SEMEC,Lê Sơn Long,2900608267,"Kinh doanh kim loại, sắt thép, kim khí…"
233,CÔNG TY CP VẬT TƯ XĂNG DẦU (COMECO),Lê Tấn Thương,0300450673,Kinh doanh xăng dầu và các sản phẩm liên quan
234,CÔNG TY CP HƯNG THỊNH LAND,Lê Trọng Khương,0302588518,Kinh doanh bất động sản
235,CÔNG TY CP ĐÔNG HẢI BẾN TRE,Lê Bá Phương,1300358260,"Sản xuất, kinh doanh giấy và các sản phẩm từ giấy"
236,CÔNG TY CP THƯƠNG MẠI DẦU KHÍ CỬU LONG,Lê Trung Nguyên Khôi,1500498480,Kinh doanh xăng dầu và các sản phẩm liên quan
237,CÔNG TY CP TẬP ĐOÀN DẦU KHÍ AN PHA,Trần Minh Loan,0303224471,Kinh doanh xăng dầu và các sản phẩm liên quan
238,CÔNG TY CP CÔNG NGHIỆP VĨNH TƯỜNG,Trần Đức Huy,0304075529,"Sản xuất, kinh doanh vật liệu xây dựng"
239,CÔNG TY CP TẬP ĐOÀN ĐIỆN LẠNH ĐIỆN MÁY VIỆT ÚC,Nguyễn Thành Phương,0101360104,"Sản xuất, kinh doanh thiết bị điện tử, điện lạnh, công nghệ thông tin, viễn thông…"
240,CÔNG TY CP GIỐNG BÒ SỮA MỘC CHÂU,Trần Công Chiến,5500154060,"Sản xuất, chế biến và kinh doanh sữa, sản phẩm từ sữa"
241,CÔNG TY CP EUROWINDOW,Nguyễn Cảnh Hồng,2500217526,"Sản xuất, kinh doanh vật liệu xây dựng"
242,TỔNG CÔNG TY CÔNG NGHIỆP DẦU THỰC VẬT VIỆT NAM - CTCP,Nguyễn Thị Xuân Liễu,0300585984,"Sản xuất, chế biến và kinh doanh dầu ăn, mỡ động thực vật"
243,TỔNG CÔNG TY VẬT LIỆU XÂY DỰNG SỐ 1 - CTCP,Nguyễn Quang Trung,0300402493,"Sản xuất, kinh doanh vật liệu xây dựng"
244,CÔNG TY TNHH VĨNH HIỆP,Thái Như Hiệp,5900315114,"Sản xuất, chế biến và kinh doanh thực phẩm tươi sống, đông lạnh"
245,CÔNG TY CP TẬP ĐOÀN THIÊN LONG,Trần Phương Nga,0301464830,Hoạt động công nghiệp khác
246,CÔNG TY CP THỦY SẢN SẠCH VIỆT NAM,Võ Văn Phục,2200325351,"Sản xuất, chế biến và kinh doanh thực phẩm đóng gói, ăn liền, đồ hộp"
247,CÔNG TY CP RẠNG ĐÔNG HOLDING,Hồ Đức Lam,0300384357,"Sản xuất, kinh doanh nhựa và sản phẩm từ nhựa"
248,CÔNG TY CP TẬP ĐOÀN HOÀNG LONG,Nguyễn Quốc Đạo,1100414052,Xây dựng
249,CÔNG TY CP TẬP ĐOÀN BAMBOO CAPITAL,Nguyễn Thế Tài,0311315789,Dịch vụ khác
250,CÔNG TY CP GEMADEPT,Nguyễn Thanh Bình,0301116791,Vận tải đường biển
251,CÔNG TY CP SÀI GÒN FOOD,Nguyễn Quang Tường,0302994301,"Sản xuất, chế biến và kinh doanh thực phẩm đóng gói, ăn liền, đồ hộp"
252,NGÂN HÀNG TMCP XĂNG DẦU PETROLIMEX,Nguyễn Quang Định,1400116233,Ngân hàng
253,CÔNG TY CP XÂY DỰNG HỢP LỰC,Trần Ngọc Tân,0103711478,Xây dựng
254,CÔNG TY CP VẬT TƯ NÔNG SẢN,Nguyễn Tiến Dũng,0100104066,"Sản xuất, kinh doanh phân bón, thuốc trừ sâu"
255,CÔNG TY TNHH ĐẦU TƯ ĐỊA ỐC THÀNH PHỐ,Bùi Mạnh Hưng,0302980690,Kinh doanh bất động sản
256,CÔNG TY TNHH CƠ KHÍ XÂY DỰNG DST VIỆT NAM,Nguyễn Mạnh Hùng,0106462325,"Sản xuất, gia công kim loại, sắt thép, kim khí…"
257,CÔNG TY TNHH THƯƠNG MẠI VÀ CÔNG NGHIỆP MỸ VIỆT,Nguyễn Minh Tuấn,0900239753,"Sản xuất, kinh doanh máy móc, sản phẩm cơ khí khác"
258,TỔNG CÔNG TY CP BẢO HIỂM QUÂN ĐỘI,Ông Uông Đông Hưng- chủ tịch,0102385623,Bảo hiểm
259,CÔNG TY CP ĐẦU TƯ VÀ XÂY DỰNG XUÂN MAI,Nguyễn Cao Thắng,0500443916,Xây dựng
260,CÔNG TY TNHH MTV BÒ SỮA VIỆT NAM,Trịnh Quốc Dũng,5000268824,Chăn nuôi
261,CÔNG TY CP THÉP VÀ VẬT TƯ XÂY DỰNG,Vũ Thị Năm,0101967587,"Kinh doanh kim loại, sắt thép, kim khí…"
262,CÔNG TY TNHH MTV THỨC ĂN THỦY SẢN MEKONG,Đặng Hoàng Phương,1401934305,"Sản xuất, kinh doanh thức ăn chăn nuôi"
263,CÔNG TY CP KỸ THUẬT SIGMA,Nguyễn Quang Ngọc,0101600518,Hoạt động xây dựng khác
264,CÔNG TY CP CƠ ĐIỆN TRẦN PHÚ,Đặng Quốc Chính,0100106063,"Sản xuất, kinh doanh thiết bị điện"
265,CÔNG TY CP VINAFREIGHT,Nguyễn Huy Diệu,0302511219,Hoạt động khác hỗ trợ cho vận tải
266,CÔNG TY CP NHỰA HƯNG YÊN,Nguyễn Minh Tân,0900108380,"Sản xuất, kinh doanh nhựa và sản phẩm từ nhựa"
267,CÔNG TY CP ỐNG ĐỒNG TOÀN PHÁT,Bùi Hồng Phúc,0900246768,"Sản xuất, gia công kim loại, sắt thép, kim khí…"
268,CÔNG TY CP TƯ VẤN VÀ XÂY DỰNG PHÚ XUÂN,Nguyễn Quốc Mến,0101185572,Xây dựng
269,TỔNG CÔNG TY THIẾT BỊ ĐIỆN ĐÔNG ANH - CTCP,Nguyễn Vũ Cường,0100101322,"Sản xuất, kinh doanh thiết bị điện"
270,CÔNG TY CP TẬP ĐOÀN TOJI,Hồ Minh Tiến,0101261431,"Sản xuất, kinh doanh thiết bị điện"
271,CÔNG TY TNHH XÂY DỰNG TỰ LẬP,Nguyễn Văn Thỏa,2600251062,Xây dựng
272,CÔNG TY TNHH XUẤT NHẬP KHẨU VI NA ĐẠI VIỆT,Trần Vũ Quỳnh Như,3602576702,"Sản xuất, chế biến và kinh doanh thực phẩm tươi sống, đông lạnh"
273,CÔNG TY CP MEGRAM,Đỗ Thành Trung,0105284398,"Sản xuất, kinh doanh thiết bị điện"
274,CÔNG TY TNHH THIẾT BỊ ĐIỆN LIOA,Nguyễn Chí Linh,0900246535,"Sản xuất, kinh doanh thiết bị điện"
275,CÔNG TY CP LICOGI 13,Phạm Văn Thăng,0100106426,Xây dựng
276,CÔNG TY TNHH XUẤT NHẬP KHẨU - THƯƠNG MẠI - CÔNG NGHỆ - DỊCH VỤ HÙNG DUY,Lê Minh Trúc,3900212443,"Sản xuất, chế biến và kinh doanh gạo, ngũ cốc, sản phẩm nghiền, đồ khô"
277,CÔNG TY CP THƯƠNG MẠI CITICOM,Lê Phụng Thắng,0101370014,"Kinh doanh kim loại, sắt thép, kim khí…"
278,CÔNG TY CP ĐẦU TƯ THƯƠNG MẠI XNK VIỆT PHÁT,Nguyễn Xuân Trường,0200826844,"Khai thác, chế biến, kinh doanh quặng kim loại và hoạt động hỗ trợ"
279,TỔNG CÔNG TY 36,Nguyễn Đăng Giáp,0105454762,Xây dựng
280,TỔNG CÔNG TY LICOGI- CTCP,Vũ Tiến Giao,0100106440,Xây dựng
281,CÔNG TY CP HAWEE CƠ ĐIỆN,Nguyễn Thị Hải Yến,0101466566,Hoạt động xây dựng khác
282,CÔNG TY CP THỰC PHẨM CHOLIMEX,Diệp Nam Hải,0304475742,"Sản xuất, chế biến và kinh doanh thực phẩm khác"
283,TỔNG CÔNG TY CỔ PHẦN BẢO HIỂM SÀI GÒN - HÀ NỘI,Nguyễn Văn Trưởng,0103085460,Bảo hiểm
284,CÔNG TY CP ĐẦU TƯ VĂN PHÚ - INVEST,Triệu Hữu Đại,0102702590,Kinh doanh bất động sản
285,CÔNG TY CP ĐẦU TƯ VÀ PHÁT TRIỂN BẤT ĐỘNG SẢN AN GIA,Nguyễn Bá Sáng,0311500196,Kinh doanh bất động sản
286,CÔNG TY CP XÂY DỰNG PHƯỚC THÀNH,Phạm Thị Thanh Hằng,0303615482,Xây dựng
287,CÔNG TY CP ECOBA VIỆT NAM,Võ Tiến Đạt,0104415496,Xây dựng
288,CÔNG TY CP CHỨNG KHOÁN TP. HỒ CHÍ MINH,Johan Nyvene,0302910950,Chứng khoán
289,CÔNG TY TNHH THƯƠNG MẠI XÂY DỰNG VẬN TẢI THANH LONG,Hồ Kiến Phong,0304133227,"Sản xuất, kinh doanh vật liệu xây dựng"
290,CÔNG TY CP ĐÓNG TÀU VÀ VẬN TẢI BIỂN NAM PHÁT,Phạm Đắc Nam,5701483604,Công nghiệp đóng tàu và thuyền
291,TỔNG CÔNG TY HÓA CHẤT VÀ DỊCH VỤ DẦU KHÍ - CTCP,Phan Công Thành,0100150873,"Thăm dò, khai thác dầu mỏ và hoạt động hỗ trợ"
292,CÔNG TY CP TẬP ĐOÀN VINACAM,Vũ Duy Hải,0303800051,"Sản xuất, kinh doanh phân bón, thuốc trừ sâu"
293,CÔNG TY CP ĐẦU TƯ DU LỊCH VÀ PHÁT TRIỂN THỦY SẢN,Ông Lê Văn Lâm,1600895650,Hoạt động xây dựng khác
294,CÔNG TY CP BẤT ĐỘNG SẢN THẾ KỶ,Nguyễn Trung Vũ,0101160306,Kinh doanh bất động sản
295,CÔNG TY CP NHỰA BẢO VÂN,Nguyễn Quốc Bảo,3700257662,"Sản xuất, kinh doanh nhựa và sản phẩm từ nhựa"
296,CÔNG TY CP TẬP ĐOÀN CIENCO4,Nguyễn Tuấn Huỳnh,2900324850,Xây dựng
297,CÔNG TY CP MÁY TÍNH VĨNH XUÂN,Ngô Thị Kim Ngân,0100516045,"Sản xuất, kinh doanh thiết bị điện tử, điện lạnh, công nghệ thông tin, viễn thông…"
298,CÔNG TY CP KỸ NGHỆ THỰC PHẨM VIỆT NAM (VIFON),Lê Thị Ánh Phương,0300627384,"Sản xuất, chế biến và kinh doanh thực phẩm đóng gói, ăn liền, đồ hộp"
299,CÔNG TY CP TẬP ĐOÀN ĐẠT PHƯƠNG,Trần Anh Tuấn,0101218757,Xây dựng
300,CÔNG TY CP CHỨNG KHOÁN VNDIRECT,Nguyễn Vũ Long,0102065366,Chứng khoán
301,TỔNG CÔNG TY CP PHONG PHÚ,Phạm Xuân Trình,0301446006,"Sản xuất, kinh doanh sợi, sản phẩm dệt"
302,CÔNG TY CP ĐỒNG TÂM,Nguyễn Văn Hùng,1100548578,Kinh doanh bất động sản
303,CÔNG TY CP ĐẦU TƯ LBM,Nguyễn Mạnh Bảo,0308783233,"Sản xuất, kinh doanh máy móc, sản phẩm cơ khí khác"
304,CÔNG TY CP THỰC PHẨM AN LONG,Huỳnh Tuân Phương Mai,1100814572,"Sản xuất, chế biến và kinh doanh dầu ăn, mỡ động thực vật"
305,CÔNG TY TNHH HÙNG CÁ,Trần Văn Hùng,1400528082,"Sản xuất, chế biến và kinh doanh thực phẩm đóng gói, ăn liền, đồ hộp"
306,CÔNG TY CP SAM HOLDINGS,Trần Việt Anh,3600253537,"Sản xuất, kinh doanh thiết bị điện"
307,CÔNG TY CP GAVI,Lê Thị Hoàng Trinh,1601645981,"Sản xuất, chế biến và kinh doanh gạo, ngũ cốc, sản phẩm nghiền, đồ khô"
308,CÔNG TY CP ĐẦU TƯ APAX HOLDINGS,Vũ Cẩm La Hương,0105824156,Dịch vụ khác
309,CÔNG TY CP XĂNG DẦU TÍN NGHĨA,Trần Thanh Tùng,3601038204,Kinh doanh xăng dầu và các sản phẩm liên quan
310,CÔNG TY CP KHO VẬN MIỀN NAM,Trần Tuấn Anh,0300645369,"Kho bãi, bốc xếp hàng hóa"
311,CÔNG TY CP KỸ THƯƠNG THIÊN HOÀNG,Phạm Bách Tùng,0101272578,"Sản xuất, kinh doanh vật liệu xây dựng"
312,CÔNG TY CP BM WINDOWS,Trần Văn Tiến,0313919539,Xây dựng
313,CÔNG TY CP ỐNG THÉP THUẬN PHÁT,Trần Văn Thắng,0800902222,"Sản xuất, gia công kim loại, sắt thép, kim khí…"
314,CÔNG TY CP DƯỢC PHẨM HÀ TÂY,Lê Xuân Thắng,0500391400,"Sản xuất dược phẩm, thiết bị y tế"
315,CÔNG TY CP XÂY DỰNG FLC FAROS,Nguyễn Thiện Phú,0105167581,Xây dựng
316,CÔNG TY CP TẬP ĐOÀN TRANG KHANH,Đoàn Thanh Duy,0201725327,"Kinh doanh kim loại, sắt thép, kim khí…"
317,CÔNG TY CP TẬP ĐOÀN TONMAT,Trần Văn Sơn,2300238060,"Sản xuất, gia công kim loại, sắt thép, kim khí…"
318,CÔNG TY CP ĐẠI THIÊN LỘC,Nguyễn Thanh Loan,3700381282,"Sản xuất, kinh doanh máy móc, sản phẩm cơ khí khác"
319,CÔNG TY CP XÂY DỰNG SỐ 1,Lê Đăng Vinh,0300408745,Xây dựng
320,CÔNG TY TNHH THƯƠNG MẠI VÀ SẢN XUẤT NAM PHÁT,Nguyễn Lương Ngọc,0101806244,"Sản xuất, kinh doanh máy móc, sản phẩm cơ khí khác"
321,CÔNG TY CP TRAPHACO,Trần Túc Mã,0100108656,"Sản xuất dược phẩm, thiết bị y tế"
322,CÔNG TY CP PHÂN BÓN HÓA CHẤT DẦU KHÍ MIỀN TRUNG,Trần Tuấn Nam,4100733174,"Sản xuất, kinh doanh phân bón, thuốc trừ sâu"
323,CÔNG TY TNHH HÒA BÌNH,Nguyễn Hữu Đường,0100276146,"Bán lẻ hàng tiêu dùng nhanh trong siêu thị, cửa hàng tiện lợi, chợ truyền thông"
324,CÔNG TY CP ĐỊA ỐC SÀI GÒN THƯƠNG TÍN,Vũ Quốc Thái,0303315400,Kinh doanh bất động sản
325,CÔNG TY CP TRUNG ĐÔNG,Trương Quang Thọ,3600669165,"Sản xuất, kinh doanh nhựa và sản phẩm từ nhựa"
326,CÔNG TY CP B.C.H,Nguyễn Văn Tuấn,0800286887,"Kinh doanh kim loại, sắt thép, kim khí…"
327,CÔNG TY TNHH THÉP NHẬT QUANG,Nguyễn Nhật Thăng,0900234699,"Sản xuất, gia công kim loại, sắt thép, kim khí…"
328,CÔNG TY CP MÍA ĐƯỜNG LAM SƠN,Lê Văn Tân,2800463346,"Sản xuất, chế biến và kinh doanh đường"
329,CÔNG TY CP LOUIS HOLDINGS,Nguyễn Mai Long,1101573295,Dịch vụ tài chính khác
330,"CÔNG TY CP ĐẦU TƯ, THƯƠNG MẠI VÀ DỊCH VỤ - VINACOMIN",Thiều Quang Thảo,0200170658,"Khai thác, kinh doanh than và hoạt động hỗ trợ"
331,CÔNG TY TNHH BÊ TÔNG VÀ XÂY DỰNG MINH ĐỨC,Tạ Quyết Thắng,0200611969,"Sản xuất, kinh doanh vật liệu xây dựng"
332,CÔNG TY CP DƯỢC PHẨM ECO,Ngô Chí Dũng,0102637020,"Kinh doanh, phân phối dược phẩm, thiết bị y tế"
333,CÔNG TY CP CHỨNG KHOÁN SÀI GÒN - HÀ NỘI,Vũ Đức Tiến,0102524651,Chứng khoán
334,CÔNG TY CP ĐẦU TƯ XÂY DỰNG VÀ THƯƠNG MẠI QUỐC TẾ - ICT,Tạ Thanh Xuân,0100828742,Công nghiệp khác
335,CÔNG TY CP TẬP ĐOÀN GIỐNG CÂY TRỒNG VIỆT NAM,Trần Kim Liên,0101449271,Hoạt động nông nghiệp khác
336,CÔNG TY CP ĐẦU TƯ VÀ KINH DOANH THÉP NHÂN LUẬT,Phan Châu Luật,0400102616,"Kinh doanh kim loại, sắt thép, kim khí…"
337,CÔNG TY CP BẢO HIỂM VIỄN ĐÔNG,Đặng Diệp Đại Khoa,0303099446,Bảo hiểm
338,CÔNG TY CP SẢN XUẤT VÀ CÔNG NGHỆ NHỰA PHA LÊ,Mai Thanh Phương - Chủ tịch HĐQT,0103018538,"Sản xuất, kinh doanh nhựa và sản phẩm từ nhựa"
339,CÔNG TY CP ĐẦU TƯ VÀ XÂY DỰNG TIỀN GIANG,Trần Hoàng Huân,1200526842,Xây dựng
340,BMB STEEL,Trần Lê Quốc Thái,3700778489,Xây dựng
341,CÔNG TY CP TẬP ĐOÀN AUSTDOOR,Dương Quốc Tuấn,0101306139,"Sản xuất, kinh doanh vật liệu xây dựng"
342,CÔNG TY TNHH SAO MAI SUPER FEED,Lê Thị Phượng,1401976866,"Sản xuất, kinh doanh thức ăn chăn nuôi"
343,CÔNG TY CP SADICO CẦN THƠ,Nguyễn Văn Cường,1800155452,"Sản xuất, kinh doanh trang phục"
344,NGÂN HÀNG TMCP SÀI GÒN CÔNG THƯƠNG,Dương Xuân Minh,0300610408,Ngân hàng
345,CÔNG TY CP TẬP ĐOÀN NHỰA ĐÔNG Á,Nguyễn Bá Hùng,0101099228,"Sản xuất, kinh doanh nhựa và sản phẩm từ nhựa"
346,CÔNG TY TNHH THƯƠNG MẠI THÉP TOÀN THẮNG,Đoàn Danh Tuấn,0301424404,"Kinh doanh kim loại, sắt thép, kim khí…"
347,CÔNG TY TÀI CHÍNH CP ĐIỆN LỰC,Lương Hải Sinh,0102806367,Ngân hàng
348,CÔNG TY CP CHỨNG KHOÁN BẢN VIỆT,Tô Hải,0305299779,Chứng khoán
349,CÔNG TY CP VẬN TẢI DẦU KHÍ THÁI BÌNH DƯƠNG,Lê Mạnh Tuấn,0305475110,Vận tải đường biển
350,CÔNG TY CP DỆT 10/10,Dương Văn Bình,0100100590,"Sản xuất, kinh doanh trang phục"
351,CÔNG TY CP THƯƠNG MẠI XUẤT NHẬP KHẨU DẦU KHÍ MINH ĐỨC,Trần Đức Dũng,0313094165,Kinh doanh xăng dầu và các sản phẩm liên quan
352,TỔNG CÔNG TY XÂY DỰNG BẠCH ĐẰNG,Nguyễn Trọng Khải,0200157840,Xây dựng
353,TỔNG CÔNG TY ĐỨC GIANG - CTCP,Hoàng Vệ Dũng,0100101403,"Sản xuất, kinh doanh trang phục"
354,CÔNG TY CP SCI,Nguyễn Văn Phúc,0101405355,Xây dựng
355,CÔNG TY TNHH THƯƠNG MẠI DỊCH VỤ SẢN XUẤT GIẤY KHẢI HOÀN,Ung Thị Thu Mỹ,0306012059,"Sản xuất, kinh doanh giấy và các sản phẩm từ giấy"
356,CÔNG TY TNHH RITA VÕ,Võ Mậu Quốc Duy,0302802627,"Sản xuất, kinh doanh vật liệu xây dựng"
357,CÔNG TY CP DATVIET MEDIA,Đào Văn Kính,0304752594,Quảng cáo và nghiên cứu thị trường
358,CÔNG TY CP VIỄN THÔNG - TIN HỌC BƯU ĐIỆN (CTIN),Hà Thanh Hải,0100683374,"Sản xuất, kinh doanh thiết bị điện tử, điện lạnh, công nghệ thông tin, viễn thông…"
359,CÔNG TY CP HẢI ĐĂNG,Thái Trường Giang,3900513521,Xây dựng
360,CÔNG TY CP THIỆN PHÚ SĨ,Trần Thị Xuân Hạ,0303376241,"Sản xuất, kinh doanh nhựa và sản phẩm từ nhựa"
361,CÔNG TY TNHH XÂY DỰNG TUẤN LÊ,Lê Anh Tuấn,0307859271,Xây dựng
362,CÔNG TY CP DƯỢC - THIẾT BỊ Y TẾ ĐÀ NẴNG,Tống Viết Phải,0400101404,"Kinh doanh, phân phối dược phẩm, thiết bị y tế"
363,CÔNG TY CP VẬN TẢI SẢN PHẨM KHÍ QUỐC TẾ,Đoàn Đức Trọng,0305390530,Vận tải đường biển
364,CÔNG TY CP XÂY DỰNG CDC,Trần Văn Trường,0105283073,Xây dựng
365,CÔNG TY CP DẦU THỰC VẬT TÂN BÌNH,Trương Hoàng Minh,0303587122,"Sản xuất, chế biến và kinh doanh dầu ăn, mỡ động thực vật"
366,CÔNG TY CP XÂY DỰNG PHỤC HƯNG HOLDINGS,Trần Hồng Phúc,0101311315,Xây dựng
367,CÔNG TY TNHH TNI KING COFFEE,Lê Hoàng Diệp Thảo,0313743966,"Sản xuất, chế biến và kinh doanh đồ uống không cồn"
368,CÔNG TY CP ĐỊA ỐC PHÚ LONG,Phùng Chu Cường,0303739921,Kinh doanh bất động sản
369,CÔNG TY CP TỔNG CÔNG TY MAY ĐỒNG NAI,Bùi Thế Kích,3600506058,"Sản xuất, kinh doanh trang phục"
370,CÔNG TY CP XUẤT NHẬP KHẨU THUẬN MINH,Huỳnh Bảo Trọng,0309828977,"Sản xuất, chế biến và kinh doanh gạo, ngũ cốc, sản phẩm nghiền, đồ khô"
371,CÔNG TY CỔ PHẦN SEAREFICO,Nguyễn Thị Thanh Hường,0301825452,Hoạt động xây dựng khác
372,CÔNG TY TNHH THƯƠNG MẠI THÉP NAM VIỆT,Đào Minh Hiếu,0301985093,"Kinh doanh kim loại, sắt thép, kim khí…"
373,CÔNG TY TNHH CỎ MAY LAI VUNG,Phan Minh Thiện,1401598685,"Sản xuất, kinh doanh thức ăn chăn nuôi"
374,CÔNG TY TNHH THƯƠNG MẠI VÀ VẬN TẢI THÁI TÂN,Nguyễn Thanh Nga,0101188943,Bán lẻ khác
375,CÔNG TY CP CHỨNG KHOÁN TÂN VIỆT,Nguyễn Tiến Thành,0102117529,Chứng khoán
376,CÔNG TY CP XÂY LẮP VÀ VẬT TƯ XÂY DỰNG,Hoàng Thị Bạch Tuyết,0300588664,Xây dựng
377,CÔNG TY CP ĐẦU TƯ MAI TIẾN PHÁT,Mai Văn Phục,0309930593,"Sản xuất, kinh doanh thiết bị điện"
378,CÔNG TY TNHH KIẾN VƯƠNG,Nguyễn Tuấn Cường,0304355389,"Sản xuất, kinh doanh phân bón, thuốc trừ sâu"
379,CÔNG TY CP PI CO,Trịnh Đức Tuấn,0102018260,"Bán lẻ điện tử, điện lạnh, viễn thông, công nghệ thông tin"
380,CÔNG TY CP TẬP ĐOÀN C.E.O,Đoàn Văn Minh,0101183550,Kinh doanh bất động sản
381,CÔNG TY CP DƯỢC PHẨM IMEXPHARM,Trần Thị Đào,1400384433,"Sản xuất dược phẩm, thiết bị y tế"
382,CÔNG TY TNHH THƯƠNG MẠI DỊCH VỤ TIN HỌC AN PHÁT,Lê Thị Hương Giang,0101468933,"Sản xuất, kinh doanh thiết bị điện tử, điện lạnh, công nghệ thông tin, viễn thông…"
383,TỔNG CÔNG TY CP BẢO HIỂM HÀNG KHÔNG,Trần Trọng Dũng,0102737963,Bảo hiểm
384,CÔNG TY CP XÂY DỰNG SCG,Lê Văn Nam,0108704763,Xây dựng
385,CÔNG TY CP XÂY DỰNG VÀ CÔNG NGHIỆP NSN,Thạch Hoàng Ngọc,0101428070,Hoạt động xây dựng khác
386,CÔNG TY TNHH THƯƠNG MẠI VÀ SẢN XUẤT HOÀNG MAI,Nguyễn Thị Tuyết Mai,0101179473,"Sản xuất, chế biến và kinh doanh bánh kẹo"
387,TỔNG CÔNG TY CP BẢO HIỂM BẢO LONG,Phan Quốc Dũng,0301458065,Bảo hiểm
388,CÔNG TY CP KHOÁNG SẢN VÀ XÂY DỰNG BÌNH DƯƠNG,Trần Đình Hà,3700148825,Khai khoáng khác và kinh doanh các sản phẩm khác từ khai khoáng
389,CÔNG TY CP CAO SU SAO VÀNG,Mai Chiến Thắng,0100100625,"Sản xuất, kinh doanh cao su và sản phẩm từ cao su"
390,CÔNG TY CP CÔNG NGHIỆP Á MỸ,Đinh Quốc Tuấn,2500552524,"Sản xuất, kinh doanh vật liệu xây dựng"
391,CÔNG TY CP THUẬN ĐỨC,Nguyễn Đức Cường,0900264799,"Sản xuất, kinh doanh nhựa và sản phẩm từ nhựa"
392,CÔNG TY CP DAMSAN,Vũ Huy Đông,1000389853,"Sản xuất, kinh doanh sợi, sản phẩm dệt"
393,CÔNG TY CP THƯƠNG MẠI THÉP INDECO,Đào Đình Đông,0313562014,"Kinh doanh kim loại, sắt thép, kim khí…"
394,CÔNG TY TNHH CHẾ BIẾN DỪA LƯƠNG QUỚI,Cù Văn Thành,1300230895,"Sản xuất, chế biến và kinh doanh thực phẩm khác"
395,CÔNG TY CP GIẤY VIỆT TRÌ,Nguyễn Văn Hiện,2600107284,"Sản xuất, kinh doanh giấy và các sản phẩm từ giấy"
396,CÔNG TY CP CMC,Nguyễn Quang Huy,2600106523,"Sản xuất, kinh doanh vật liệu xây dựng"
397,CÔNG TY CP KỸ THUẬT XÂY DỰNG DINCO,Lê Trường Kỹ,0400461301,Xây dựng
398,CÔNG TY CP KOSY,Nguyễn Việt Cường,0102681319,Kinh doanh bất động sản
399,CÔNG TY CP TẬP ĐOÀN F.I.T,Nguyễn Thị Minh Nguyệt,0102182140,Dịch vụ tài chính khác
400,CÔNG TY CP BIBICA,Nguyễn Quốc Hoàng,3600363970,"Sản xuất, chế biến và kinh doanh bánh kẹo"
401,CÔNG TY TNHH VINA,Phạm Đức Ngữ,3600364780,"Sản xuất, kinh doanh thức ăn chăn nuôi"
402,CÔNG TY CP DƯỢC - TRANG THIẾT BỊ Y TẾ BÌNH ĐỊNH,Phạm Thị Thanh Hương,4100259564,"Sản xuất dược phẩm, thiết bị y tế"
403,CÔNG TY TNHH THƯƠNG MẠI DƯỢC PHẨM ĐÔNG Á,Lê Minh Nguyệt,0100274124,"Kinh doanh, phân phối dược phẩm, thiết bị y tế"
404,CÔNG TY CP PHÂN BÓN VÀ HÓA CHẤT DẦU KHÍ MIỀN BẮC,Cao Trung Kiên,0102886450,"Sản xuất, kinh doanh phân bón, thuốc trừ sâu"
405,CÔNG TY CP TRUYỀN THÔNG TK - L,Nguyễn Thị Trúc Mai,0300993574,Quảng cáo và nghiên cứu thị trường
406,CÔNG TY TNHH CÔNG NGHIỆP MINH HƯNG,Lâm Đạo Minh,1201044062,"Sản xuất, kinh doanh nhựa và sản phẩm từ nhựa"
407,CÔNG TY CP TƯ VẤN D.P,Trần Song Hải,0302273109,"Sản xuất, kinh doanh thiết bị điện"
408,CÔNG TY TNHH THƯƠNG MẠI KIM ĐỨC,Lê Thị Hiền Lương,0301921780,"Sản xuất, kinh doanh nhựa và sản phẩm từ nhựa"
409,CÔNG TY CP PHÁT TRIỂN ĐẦU TƯ XÂY DỰNG HT,Tôn Thất Nhật Minh,0314637978,Xây dựng
410,CÔNG TY CP DỊCH VỤ HÀNG HẢI HÀNG KHÔNG CON CÁ HEO,Trần Đăng Nam,0305358801,Hoạt động khác hỗ trợ cho vận tải
411,CÔNG TY CP VẬT LIỆU XÂY DỰNG VÀ TRANG TRÍ NỘI THẤT TP. HỒ CHÍ MINH,Huỳnh Văn Tư,0302495140,"Sản xuất, kinh doanh vật liệu xây dựng"
412,CÔNG TY CP TẬP ĐOÀN NGỌC DIỆP,Trần Thị Thu Diệp,0901019782,"Sản xuất, kinh doanh vật liệu xây dựng"
413,CÔNG TY CP XNK MÁY VÀ PHỤ TÙNG,Trần Viết Hưng,0100107275,"Sản xuất, kinh doanh ô tô, xe máy, xe có động cơ và phụ kiện"
414,CÔNG TY TNHH HOÀNG ĐẠI VƯƠNG,Nguyễn Đức Hậu,3600697236,"Sản xuất, kinh doanh giấy và các sản phẩm từ giấy"
415,CÔNG TY CP XÂY DỰNG 47,Dương Minh Quang,4100258747,Xây dựng
416,CÔNG TY TNHH CÁ NGỪ VIỆT NAM,Nguyễn Văn Dư,4201620427,"Sản xuất, chế biến và kinh doanh thực phẩm đóng gói, ăn liền, đồ hộp"
417,CÔNG TY CP HÓA - DƯỢC PHẨM MEKOPHAR,Huỳnh Thị Lan,0302533156,"Sản xuất dược phẩm, thiết bị y tế"
418,CÔNG TY CP CÔNG NGHIỆP ĐÔNG HƯNG,Hà Duy Hưng,3700820571,"Sản xuất, kinh doanh sản phẩm da giầy"
419,CÔNG TY CP BAO BÌ VÀ IN NÔNG NGHIỆP,Lê Duy Toàn,0101508664,"In ấn, xuất bản"
420,CÔNG TY CP ĐẦU TƯ HẠ TẦNG GIAO THÔNG ĐÈO CẢ,Nguyễn Xuân Hưởng,0400101965,Xây dựng
421,CÔNG TY CP VẬN TẢI VÀ XẾP DỠ HẢI AN,Tạ Mạnh Cường,0103818809,"Kho bãi, bốc xếp hàng hóa"
422,CÔNG TY CP LOGISTICS VINALINK,Nguyễn Nam Tiến,0301776205,Hoạt động khác hỗ trợ cho vận tải
423,CÔNG TY CP ĐẦU TƯ VÀ XÂY DỰNG VINA2,Nguyễn Khắc Hải,0100105895,Xây dựng
424,CÔNG TY CP TẬP ĐOÀN SƠN HÀ XANH,Nguyễn Nam Hải,2500209363,"Sản xuất, kinh doanh máy móc, sản phẩm cơ khí khác"
425,CÔNG TY CP TẬP ĐOÀN ĐẠI DƯƠNG,Lò Hồng Hiệp,0102278484,Kinh doanh bất động sản
426,CÔNG TY CP NHÔM ĐÔ THÀNH,Lê Ánh Tuyết,0100510501,"Sản xuất, gia công kim loại, sắt thép, kim khí…"
427,CÔNG TY CP GẠCH MEN V.T.C,Trần Hiền Phong,3600723398,"Sản xuất, kinh doanh vật liệu xây dựng"
428,CÔNG TY CP SIÊU THANH,Phạm Vĩnh Phú,0302563707,"Sản xuất, kinh doanh máy móc, sản phẩm cơ khí khác"
429,CÔNG TY TNHH TM QUỐC TẾ THỦY LINH,Nguyễn Anh Linh,0101099475,"Sản xuất, kinh doanh thiết bị điện tử, điện lạnh, công nghệ thông tin, viễn thông…"
430,CÔNG TY CP DƯỢC PHẨM AN THIÊN,Trần Ngọc Dũng,0305706103,"Kinh doanh, phân phối dược phẩm, thiết bị y tế"
431,CÔNG TY TNHH THANG MÁY & THIẾT BỊ THĂNG LONG,Lê Minh Hùng,0101130774,"Sản xuất, kinh doanh vật liệu xây dựng"
432,CÔNG TY CP DỊCH VỤ HÀNG KHÔNG SÂN BAY TÂN SƠN NHẤT (SASCO),Đoàn Thị Mai Hương,0301123125,Bán lẻ
433,CÔNG TY TNHH CỬA SỔ VIỆT CHÂU Á ASEANWINDOW,Hà Thị Diệu Linh,0308779300,"Sản xuất, kinh doanh vật liệu xây dựng"
434,CÔNG TY CP TẬP ĐOÀN TƯ VẤN ĐẦU TƯ XÂY DỰNG KIÊN GIANG,Phạm Thị Như Phượng,1700113586,Dịch vụ khác
435,CÔNG TY CP CHỨNG KHOÁN MB,Trần Hải Hà,0106393583,Chứng khoán
436,CÔNG TY CP ĐẠI HỮU,Đức Minh Đạo,0101206367,"Sản xuất, kinh doanh nhựa và sản phẩm từ nhựa"
437,CÔNG TY CP DỊCH VỤ NÔNG NGHIỆP BÌNH THUẬN,Nguyễn Nhật Huy,3400382278,"Sản xuất, kinh doanh phân bón, thuốc trừ sâu"
438,CÔNG TY CP TUẤN ĐẠT,Trần Thị Dung,4000378744,"Sản xuất, kinh doanh trang phục"
439,CÔNG TY TÀI CHÍNH CỔ PHẦN TÍN VIỆT,Hồ Minh Tâm,0102766770,Dịch vụ tài chính khác
440,CÔNG TY CP TẬP ĐOÀN NAGAKAWA,Nguyễn Thị Huyền Thương,2500217389,"Sản xuất, kinh doanh thiết bị điện tử, điện lạnh, công nghệ thông tin, viễn thông…"
441,CÔNG TY CP ĐẦU TƯ QUỐC TẾ VÀ XUẤT NHẬP KHẨU DHT,Nguyễn Anh Dũng,0102036100,"Sản xuất, kinh doanh gỗ, sản phẩm từ gỗ và nội thất"
442,CÔNG TY CP ĐẦU TƯ VCN,Nguyễn Khánh Toàn,4200644489,Kinh doanh bất động sản
443,CÔNG TY CP DƯỢC PHẨM NAM HÀ,Hà Linh,0600206147,"Sản xuất dược phẩm, thiết bị y tế"
444,CÔNG TY CP ĐẦU TƯ XÂY DỰNG BCONS,Lê Như Thạch,0312173537,Xây dựng
445,CÔNG TY CP ĐÔNG GIANG,Vũ Hồng Quân,0900220897,"Sản xuất, kinh doanh thiết bị điện"
446,CÔNG TY TNHH MTV THƯƠNG MẠI THÀNH PHÁT,Đặng Phú Quý,4300369451,"Sản xuất, chế biến và kinh doanh đồ uống có cồn"
447,CÔNG TY CP VINAFCO,Phạm Thị Lan Hương,0100108504,Vận tải đường bộ
448,CÔNG TY CP ĐẦU TƯ XÂY DỰNG SOL E&C,Lê Chí Trung,0313541575,Xây dựng
449,TỔNG CÔNG TY THƯƠNG MẠI HÀ NỘI - CTCP,Vũ Thanh Sơn,0100101273,"Bán lẻ hàng tiêu dùng nhanh trong siêu thị, cửa hàng tiện lợi, chợ truyền thông"
450,CÔNG TY CP XÂY DỰNG AN PHÚ GIA,Hứa Đình Tuấn,0304172307,Xây dựng
451,CÔNG TY CP XÂY LẮP THƯƠNG MẠI 2,Đinh Viết Duy,0300584155,Xây dựng
452,CÔNG TY CP DƯỢC MEDIPHARCO,Phan Thị Minh Tâm,3300101406,"Kinh doanh, phân phối dược phẩm, thiết bị y tế"
453,CÔNG TY CP AZB,Trần Minh Nhơn,0310734321,Xây dựng
454,CÔNG TY CP THIẾT BỊ VẬT TƯ Y TẾ THANH HOÁ,Nguyễn Văn Mong,2800588271,"Kinh doanh, phân phối dược phẩm, thiết bị y tế"
455,CÔNG TY TNHH TRUYỀN THÔNG BEE,Nguyễn Tấn Thái,0314115227,"Truyền hình, phát thanh, phim ảnh"
456,CÔNG TY TNHH DELOITTE VIỆT NAM,Phạm Văn Thinh,0100112500,Dịch vụ khác
456,CÔNG TY TNHH SẢN XUẤT TẬP ĐOÀN ĐẠI VIỆT,Ngô Xuân Mạnh,1101928050,"Sản xuất, kinh doanh thiết bị điện tử, điện lạnh, công nghệ thông tin, viễn thông…"
457,CÔNG TY CP BÊ TÔNG 620 CHÂU THỚI,Trần Thanh Vũ,1500419552,"Sản xuất, kinh doanh vật liệu xây dựng"
458,CÔNG TY CP CƠ ĐIỆN ĐOÀN NHẤT,Nguyễn Duy Pháp,0305289273,Hoạt động xây dựng khác
459,CÔNG TY CP BÓNG ĐÈN ĐIỆN QUANG,Hồ Quỳnh Hưng,0300363808,"Sản xuất, kinh doanh thiết bị điện"
460,CÔNG TY CP DƯỢC PHẨM OPC,Nguyễn Chí Linh,0302560110,"Sản xuất dược phẩm, thiết bị y tế"
461,CÔNG TY CP KHÓA VIỆT - TIỆP,Nguyễn Văn Tuấn,0100100537,"Sản xuất, kinh doanh đồ dùng gia đình"
461,CÔNG TY CP GIAO DỊCH HÀNG HÓA TÂY NGUYÊN,Đỗ Văn Thắng,6001552050,"Sản xuất, chế biến và kinh doanh đồ uống không cồn"
462,CÔNG TY CP NHẬT TIẾN,Nguyễn Lê Thụy,0200919993,"Kinh doanh kim loại, sắt thép, kim khí…"
463,CÔNG TY CP DÂY CÁP ĐIỆN DAPHACO,Đào Quang Huy,0302008774,"Sản xuất, kinh doanh thiết bị điện"
464,CÔNG TY TNHH THƯƠNG MẠI VÀ SẢN XUẤT DẦU THỰC VẬT MINH HUÊ,Tăng Quốc Khánh,0304391796,"Sản xuất, chế biến và kinh doanh dầu ăn, mỡ động thực vật"
465,MINH HƯNG GROUP,Phạm Tú Anh,1200748517,"Sản xuất, kinh doanh hóa chất khác"
466,CÔNG TY CP TẬP ĐOÀN ĐUA FAT,Lê Duy Hưng,0104008162,Xây dựng
467,CÔNG TY CP ĐẦU TƯ XÂY DỰNG HẠ TẦNG VÀ PHÁT TRIỂN NÔNG THÔN,Nguyễn Đức Hà,0101093709,"Sản xuất, kinh doanh vật liệu xây dựng"
468,CÔNG TY CP HỢP NHẤT QUỐC TẾ,Bùi Đức Ngoãn,0305141894,"Bưu chính, chuyển phát"
469,CÔNG TY CP SƠN HẢI PHÒNG,Nguyễn Văn Dũng,0200575580,"Sản xuất, kinh doanh hóa chất khác"
470,TỔNG CÔNG TY CỔ PHẦN MIỀN TRUNG,Nguyễn Hữu Vinh,2800976203,Xây dựng
471,CÔNG TY CỔ PHẦN ĐẦU TƯ CÔNG NGHỆ HACOM,Đặng Tiến Trung,0101161194,"Sản xuất, kinh doanh thiết bị điện tử, điện lạnh, công nghệ thông tin, viễn thông…"
472,CÔNG TY CP VILACONIC,Hoàng Văn Ngoạn,2901274715,"Sản xuất, chế biến và kinh doanh gạo, ngũ cốc, sản phẩm nghiền, đồ khô"
473,CÔNG TY CP BÊ TÔNG LY TÂM THỦ ĐỨC 1,Nguyễn Ngọc Hùng,3700912751,"Sản xuất, kinh doanh vật liệu xây dựng"
474,CÔNG TY CP TIẾN HƯNG,Desmond Nguyen,2300223949,"Sản xuất, chế biến và kinh doanh gạo, ngũ cốc, sản phẩm nghiền, đồ khô"
475,CÔNG TY CP SAO THÁI DUONG,Nguyễn Hữu Thắng,0101252356,"Sản xuất dược phẩm, thiết bị y tế"
476,CÔNG TY CP XÂY DỰNG CBC,Đỗ Văn Cường,0313717010,Xây dựng
477,CÔNG TY CP CÔNG NÔNG NGHIỆP TIẾN NÔNG,Nguyễn Hồng Phong,2800142141,"Sản xuất, kinh doanh phân bón, thuốc trừ sâu"
478,CÔNG TY CP MAY VIỆT THỊNH,Nguyễn Đình Chương,0303614739,"Sản xuất, kinh doanh trang phục"
479,CÔNG TY TNHH FSI VIỆT NAM,Trần Hoàng Giang,0103812250,"Sản xuất, kinh doanh hóa chất khác"
480,CÔNG TY CP DỊCH VỤ CÔNG NGHỆ TIN HỌC HPT,Đinh Hà Duy Linh,0301447426,Hoạt động thông tin khác
481,CÔNG TY CP DẦU KHÍ THÁI DƯƠNG,Lê Minh Hiếu,2400345718,Kinh doanh xăng dầu và các sản phẩm liên quan
482,CÔNG TY CP MIZA,Nguyễn Tuấn Minh,0105028958,"Sản xuất, kinh doanh giấy và các sản phẩm từ giấy"
483,CÔNG TY CP VẬN TẢI 1 TRACO,Đỗ Minh Tuấn,0200380768,Hoạt động khác hỗ trợ cho vận tải
484,CÔNG TY CP NỘI THẤT 190,Ngô Duy Hưng,0200656938,"Sản xuất, kinh doanh gỗ, sản phẩm từ gỗ và nội thất"
485,CÔNG TY TNHH XÂY DỰNG LÊ PHAN,Phan Xuân Lộc,0301125316,"Sản xuất, kinh doanh vật liệu xây dựng"
486,CÔNG TY CP THƯƠNG MẠI DỊCH VỤ THIÊN NAM HOÀ,Nguyễn Trần Thảo Nguyên,0302429934,"Sản xuất, kinh doanh thiết bị điện"
487,CÔNG TY TNHH XE ĐIỆN XE MÁY DETECH,Đinh Văn Bắc,0900189171,"Sản xuất, kinh doanh ô tô, xe máy, xe có động cơ và phụ kiện"
488,CÔNG TY CỔ PHẦN ĐẦU TƯ EVERLAND,Nguyễn Thúc Cẩn,0104228175,Kinh doanh bất động sản
489,CÔNG TY TNHH NHỰA LONG THÀNH,Phạm Văn Mười,0301275199,"Sản xuất, kinh doanh nhựa và sản phẩm từ nhựa"
490,CÔNG TY TNHH DINH DƯỠNG QUỐC TẾ VIỆT ĐỨC,Phạm Trần Sum,0102075540,"Sản xuất, kinh doanh thức ăn chăn nuôi"
491,CÔNG TY CP TỔNG CÔNG TY XÂY DỰNG THĂNG LONG,Nguyễn Đức Kiên,0100105020,Xây dựng
492,CÔNG TY TNHH BẢO TÍN MINH CHÂU,Vũ Minh Châu,0100683952,"Bán lẻ vàng, bạc và kim loại quý khác"
493,CÔNG TY TNHH THƯƠNG MẠI THÉP ĐẠI TOÀN THẮNG,Đoàn Danh Hồng,0301893928,"Kinh doanh kim loại, sắt thép, kim khí…"
494,CÔNG TY CP TÔ THÀNH PHÁT,Lý Nguyệt Anh,0301521415,"Sản xuất, kinh doanh vật liệu xây dựng"
495,CÔNG TY CP THIẾT KẾ VÀ XÂY DỰNG GIZA VIỆT NAM,Ngô Hữu Tiệp,0106300187,Xây dựng
496,CÔNG TY CP SẢN XUẤT THƯƠNG MẠI SÀI GÒN,Nguyễn Thành Vinh,0302776127,"Sản xuất, kinh doanh vật liệu xây dựng"
497,CÔNG TY CP IN VÀ BAO BÌ MỸ CHÂU,Trịnh Hữu Minh,0301671386,Hoạt động công nghiệp khác
498,CÔNG TY CỔ PHẦN MẠC TÍCH,Dương Quốc Bảo,0301096513,"Sản xuất, kinh doanh máy móc, sản phẩm cơ khí khác"
499,CÔNG TY TNHH XÂY DỰNG CÔNG TRÌNH HÙNG VƯƠNG,Nguyễn Anh Tài,0301115156,"Sản xuất, kinh doanh vật liệu xây dựng"
500,CÔNG TY TNHH ONPOINT,Trần Vũ Quang,0314709816,Bán lẻ khác
