,Chuẩn hoá tên
0,CÔNG TY TNHH MỘT THÀNH VIÊN QUẢN LÝ NỢ VÀ KHAI THÁC TÀI SẢN NGÂN HÀNG THƯƠNG MẠI CỔ PHẦN CÔNG THƯƠNG VIỆT NAM
1,CÔNG TY TNHH MỘT THÀNH VIÊN VÀNG BẠC ĐÁ QUÝ NGÂN HÀNG THƯƠNG MẠI CỔ PHẦN CÔNG THƯƠNG VIỆT NAM
2,CÔNG TY TNHH MỘT THÀNH VIÊN CHUYỂN TIỀN TOÀN CẦU - VIETINBANK
3,NGÂN HÀNG TNHH CÔNG THƯƠNG VIỆT NAM TẠI LÀO
4,CÔNG TY TNHH MỘT THÀNH VIÊN CHO THUÊ TÀI CHÍNH NGÂN HÀNG THƯƠNG MẠI CỔ PHẦN CÔNG THƯƠNG VIỆT NAM
5,CÔNG TY TNHH MỘT THÀNH VIÊN QUẢN LÝ QUỸ NGÂN HÀNG THƯƠNG MẠI CỔ PHẦN CÔNG THƯƠNG VIỆT NAM
6,CÔNG TY CỔ PHẦN CHỨNG KHOÁN NGÂN HÀNG CÔNG THƯƠNG VIỆT NAM
7,CÔNG TY TNHH MỘT THÀNH VIÊN BẢO HIỂM NGÂN HÀNG THƯƠNG MẠI CỔ PHẦN CÔNG THƯƠNG VIỆT NAM
8,CÔNG TY TNHH MỘT THÀNH VIÊN THƯƠNG MẠI ĐẦU TƯ VÀ PHÁT TRIỂN THỜI ĐẠI
9,CÔNG TY CỔ PHẦN THÉP HÒA PHÁT DUNG QUẤT
10,CÔNG TY TNHH THÉP HÒA PHÁT HƯNG YÊN
11,CÔNG TY TNHH TÔN HÒA PHÁT
12,CÔNG TY CỔ PHẦN THÉP HÒA PHÁT HẢI DƯƠNG
13,CÔNG TY CỔ PHẦN PHÁT TRIỂN NÔNG NGHIỆP HÒA PHÁT
14,CÔNG TY TNHH ỐNG THÉP HÒA PHÁT
15,CÔNG TY CỔ PHẦN ĐẦU TƯ KHOÁNG SẢN AN THÔNG
16,CÔNG TY TNHH THIẾT BỊ PHỤ TÙNG HÒA PHÁT
17,CÔNG TY CỔ PHẦN XÂY DỰNG & PHÁT TRIỂN ĐÔ THỊ HÒA PHÁT
18,CÔNG TY TNHH ĐIỆN LẠNH HÒA PHÁT
19,CÔNG TY CỔ PHẦN NỘI THẤT HÒA PHÁT
20,CÔNG TY TNHH MỘT THÀNH VIÊN CÔNG NGHỆ THÔNG TIN THẾ GIỚI DI ĐỘNG
21,"MWG (CAMBODIA) CO., LTD"
22,CÔNG TY CỔ PHẦN THẾ GIỚI DI ĐỘNG
23,CÔNG TY CỔ PHẦN THƯƠNG MẠI BÁCH HÓA XANH
24,CÔNG TY CỔ PHẦN THẾ GIỚI SỐ TRẦN ANH
25,CÔNG TY CỔ PHẦN KINH DOANH VÀ THƯƠNG MẠI DỊCH VỤ VINPRO
26,CÔNG TY TNHH MỘT THÀNH VIÊN VINSCHOOL
27,CÔNG TY CỔ PHẦN SẢN XUẤT ỐNG THÉP DẦU KHÍ (PV-PIPE)
28,CÔNG TY CỔ PHẦN CNG VIỆT NAM
29,CÔNG TY CỔ PHẦN BỌC ỐNG DẦU KHÍ VIỆT NAM
30,CÔNG TY CỔ PHẦN KINH DOANH LPG VIỆT NAM
31,CÔNG TY CỔ PHẦN PHÂN PHỐI KHÍ THẤP ÁP DẦU KHÍ VIỆT NAM
32,CÔNG TY XĂNG DẦU CAO BẰNG
33,CÔNG TY XĂNG DẦU ĐIỆN BIÊN
34,CÔNG TY XĂNG DẦU QUẢNG BÌNH
35,CÔNG TY TNHH MỘT THÀNH VIÊN ĐẦU TƯ PHÁT TRIỂN HẠ TẦNG KHU CÔNG NGHIỆP VÀ ĐÔ THỊ CHU LAI TRƯỜNG HẢI
36,CÔNG TY TNHH MỘT THÀNH VIÊN CƠ KHÍ CHU LAI TRƯỜNG HẢI
37,CÔNG TY TNHH MỘT THÀNH VIÊN CẢNG CHU LAI TRƯỜNG HẢI
38,CÔNG TY TNHH MỘT THÀNH VIÊN VẬN TẢI-GIAO NHẬN-PHÂN PHỐI Ô TÔ CHU LAI TRƯỜNG HẢI
39,CÔNG TY TNHH MỘT THÀNH VIÊN CƠ KHÍ CHUYÊN DỤNG BẮC BỘ TRƯỜNG HẢI
40,CÔNG TY TNHH VẬN TẢI BIỂN CHU LAI TRƯỜNG HẢI
41,CÔNG TY TNHH SẢN XUẤT VÀ LẮP RÁP Ô TÔ AN THÀNH PHÁT
42,CÔNG TY TNHH MỘT THÀNH VIÊN GIA CÔNG THÉP CHU LAI TRƯỜNG HẢI
43,CÔNG TY TNHH MỘT THÀNH VIÊN SẢN XUẤT Ô TÔ CHUYÊN DỤNG TRƯỜNG HẢI
44,CÔNG TY TNHH MỘT THÀNH VIÊN SẢN XUẤT & LẮP RÁP Ô TÔ KHÁCH TRƯỜNG HẢI
45,CÔNG TY TNHH MỘT THÀNH VIÊN CHO THUÊ TÀI CHÍNH VIETCOMBANK
46,CÔNG TY TNHH CHỨNG KHOÁN VIETCOMBANK
47,CÔNG TY TNHH TÀI CHÍNH VIỆT NAM - HỒNG KÔNG
48,CÔNG TY TNHH MỘT THÀNH VIÊN KIỀU HỐI VIETCOMBANK
49,NGÂN HÀNG TNHH NGOẠI THƯƠNG VIỆT NAM TẠI LÀO
50,CÔNG TY CHUYỂN TIỀN VIETCOMBANK
51,CÔNG TY TNHH VIETCOMBANK TOWER 198
52,CÔNG TY TNHH MỘT THÀNH VIÊN BÒ SỮA THỐNG NHẤT THANH HÓA
53,DRIFTWOOD DAIRY HOLDINGS CORPORATION
54,VINAMILK EUROPE SPÓSTKA Z ORGANICZONA ODPOWIEDZIALNOSCIA
55,ANGKOR DAIRY HOLDINGS CORPORATION
56,CÔNG TY TNHH MỘT THÀNH VIÊN BÒ SỮA VIỆT NAM
57,CÔNG TY CỔ PHẦN ĐƯỜNG VIỆT NAM
58,"LAO-JAGRO DEVELOPMENT XIENGKHOUANG CO., LTD.,"
59,CÔNG TY TNHH MỘT THÀNH VIÊN CHO THUÊ TÀI CHÍNH NGÂN HÀNG SÀI GÒN THƯƠNG TÍN (SBL)
60,CÔNG TY TNHH QUẢN LÝ VÀ KHAI THÁC NỢ TÀI SẢN NGÂN HÀNG SÀI GÒN THƯƠNG TÍN (SBA)
61,CÔNG TY KIỀU HỐI NGÂN HÀNG SÀI GÒN THƯƠNG TÍN (SBR)
62,CÔNG TY TNHH MỘT THÀNH VIÊN VÀNG BẠC ĐÁ QUÝ SÀI GÒN THƯƠNG TÍN (SBJ)
63,CÔNG TY TNHH MỘT THÀNH VIÊN QUẢN LÝ NỢ VÀ KHAI THÁC TÀI SẢN BIDỊCH VỤ (BAMC)
64,CÔNG TY TNHH ĐẦU TƯ PHÁT TRIỂN QUỐC TẾ
65,NGÂN HÀNG ĐẦU TƯ VÀ PHÁT TRIỂN CAMPUCHIA (BIDC)
66,CÔNG TY CHỨNG KHOÁN CAMPUCHIA - VIỆT NAM (CVS)
67,NGÂN HÀNG LIÊN DOANH LÀO-VIỆT (LVB)
68,CÔNG TY CỔ PHẦN CHỨNG KHOÁN MHB
69,TỔNG CÔNG TY CỔ PHẦN BẢO HIỂM NGÂN HÀNG ĐẦU TƯ VÀ PHÁT TRIỂN VIỆT NAM
70,CÔNG TY BẢO HIỂM CAMPUCHIA - VIỆT NAM (CVI)
71,CÔNG TY TNHH DỊCH VỤ BẢO VỆ VINCOM
72,CÔNG TY TNHH VIỆT NAM GRAND PRIX
73,CÔNG TY CỔ PHẦN VINWONDER
74,CÔNG TY XĂNG DẦU QUẢNG TRỊ
75,CÔNG TY XĂNG DẦU THỪA THIÊN HUẾ
76,CÔNG TY TNHH MỘT THÀNH VIÊN XĂNG DẦU QUẢNG NGÃI
77,CÔNG TY XĂNG DẦU BÌNH ĐỊNH
78,CÔNG TY XĂNG DẦU PHÚ KHÁNH
79,CÔNG TY TNHH MỘT THÀNH VIÊN THƯƠNG MẠI SẢN XUẤT DIỆU BẰNG
80,CÔNG TY TNHH MỘT THÀNH VIÊN PHỤ TÙNG TRƯỜNG HẢI
81,CÔNG TY TNHH SẢN XUẤT VÀ LẮP RÁP Ô TÔ CHU LAI TRƯỜNG HẢI
82,CÔNG TY TNHH SẢN XUẤT VÀ LẮP RÁP Ô TÔ DU LỊCH TRƯỜNG HẢI-KIA
83,CÔNG TY TNHH MỘT THÀNH VIÊN CƠ ĐIỆN CHU LAI TRƯỜNG HẢI
84,SACOMBANK CAMBODIA PLC
85,CHI NHÁNH LÀO
86,CÔNG TY TNHH MỘT THÀNH VIÊN CHO THUÊ TÀI CHÍNH BIDỊCH VỤ (BLC)
87,CÔNG TY LIÊN DOANH BẢO HIỂM LÀO VIỆT (LVI)
88,CÔNG TY CỔ PHẦN ĐẦU TƯ BẢO VIỆT
89,TỔNG CÔNG TY BẢO VIỆT NHÂN THỌ
90,CÔNG TY TNHH QUẢN LÝ QUỸ BẢO VIỆT
91,TỔNG CÔNG TY BẢO HIỂM BẢO VIỆT
92,CÔNG TY TNHH BẢO VIỆT – ÂU LẠC
93,CÔNG TY CỔ PHẦN CHỨNG KHOÁN BẢO VIỆT
94,CÔNG TY TNHH MỘT THÀNH VIÊN QUẢN LÝ NỢ VÀ KHAI THÁC TÀI SẢN NGÂN HÀNG THƯƠNG MẠI CỔ PHẦN SÀI GÒN
95,CÔNG TY TNHH ĐẦU TƯ KINH DOANH VÀ THƯƠNG MẠI P&S
96,CÔNG TY TNHH DỊCH VỤ VẬN TẢI SINH THÁI VINBUS
97,CÔNG TY CỔ PHẦN PHÁT TRIỂN ĐÔ THỊ NAM HÀ NỘI
98,CÔNG TY XĂNG DẦU BẮC TÂY NGUYÊN
99,CÔNG TY XĂNG DẦU NAM TÂY NGUYÊN
100,CÔNG TY XĂNG DẦU LÂM ĐỒNG
101,CÔNG TY XĂNG DẦU BÀ RỊA – VŨNG TÀU
102,CÔNG TY TNHH MỘT THÀNH VIÊN XĂNG DẦU SÔNG BÉ
103,TRƯỜNG CAO ĐẲNG NGHỀ CHU LAI TRƯỜNG HẢI
104,CÔNG TY TNHH MỘT THÀNH VIÊN CHÈ THUẬN PHÁT
105,CÔNG TY TNHH MỘT THÀNH VIÊN SẢN XUẤT & LẮP RẮP ĐIỆN LẠNH TRƯỜNG HẢI
106,CÔNG TY TNHH MỘT THÀNH VIÊN XÂY DỰNG CHU LAI TRƯỜNG HẢI
107,CÔNG TY TNHH MỘT THÀNH VIÊN VĨNH CÁT
108,CÔNG TY TNHH MỘT THÀNH VIÊN HÓA CHẤT CHUYÊN DỤNG CHU LAI TRƯỜNG HẢI
109,CÔNG TY TNHH MỘT THÀNH VIÊN THƯƠNG MẠI DỊCH VỤ VẬN TẢI TRƯỜNG HẢI-BÌNH PHƯỚC
110,CÔNG TY TNHH MỘT THÀNH VIÊN PHÂN PHỐI XE Ô TÔ DU LỊCH CHU LAI TRƯỜNG HẢI
111,CÔNG TY TNHH QUẢN LÝ TÀI SẢN NGÂN HÀNG THƯƠNG MẠI CỔ PHẦN VIỆT NAM THỊNH VƯỢNG (VPBANK AMC)
112,CÔNG TY TÀI CHÍNH TNHH MỘT THÀNH VIÊN NGÂN HÀNG VIỆT NAM THỊNH VƯỢNG
113,CÔNG TY TNHH MỘT THÀNH VIÊN KỸ THUẬT MÁY BAY (VAECO)
114,CÔNG TY TNHH MỘT THÀNH VIÊN NHIÊN LIỆU HÀNG KHÔNG
115,CÔNG TY TNHH MỘT THÀNH VIÊN DỊCH VỤ MẶT ĐẤT SÂN BAY VIỆT NAM
116,CÔNG TY TNHH MỘT THÀNH VIÊN SUẤT ĂN HÀNG KHÔNG VIỆT NAM
117,CÔNG TY PHÂN PHỐI TOÀN CẦU ABACUS VIỆT NAM
118,CÔNG TY CỔ PHẦN HÀNG KHÔNG JETSTAR PACIFIC AIRLINES
119,CÔNG TY TNHH GIAO NHẬN HÀNG HÓA (VINAKO)
120,CÔNG TY CỔ PHẦN TẦM NHÌN MA SAN
121,CÔNG TY TNHH MASANCONSUMERHOLDINGS
122,CÔNG TY CỔ PHẦN MASAN NUTRI-SCIENCE
123,CÔNG TY TNHH MỘT THÀNH VIÊN QUẢN LÝ NỢ VÀ KHAI THÁC TÀI SẢN-NGÂN HÀNG THƯƠNG MẠI CỔ PHẦN KỸ THƯƠNG VIỆT NAM
124,CÔNG TY TNHH QUẢN LÝ QUỸ KỸ THƯƠNG
125,CÔNG TY TNHH CHỨNG KHOÁN KỸ THƯƠNG
126,CÔNG TY TNHH MỘT THÀNH VIÊN QUẢN LÝ NỢ VÀ KHAI THÁC TÀI SẢN-NGÂN HÀNG THƯƠNG MẠI CỔ PHẦN SÀI GÒN-HÀ NỘI (SHAMC)
127,CÔNG TY CỔ PHẦN CHỨNG KHOÁN SHB
128,CÔNG TY TNHH FPT SMART CLOUD
129,CÔNG TY TNHH GIÁO DỤC FPT
130,CÔNG TY TNHH HỆ THỐNG THÔNG TIN FPT
131,CÔNG TY TNHH PHẦN MỀM FPT
132,CÔNG TY TNHH ĐẦU TƯ FPT
133,CÔNG TY CỔ PHẦN BỆNH VIỆN ĐA KHOA QUỐC TẾ VINMEC
134,CÔNG TY TNHH VINPEARL TRAVEL
135,CÔNG TY XĂNG DẦU VĨNH LONG
136,CÔNG TY TNHH MỘT THÀNH VIÊN XĂNG DẦU ĐỒNG THÁP
137,CÔNG TY XĂNG DẦU ĐỒNG NAI
138,CÔNG TY XĂNG DẦU LONG AN
139,CÔNG TY XĂNG DẦU TIỀN GIANG
140,CÔNG TY XĂNG DẦU BẾN TRE
141,CÔNG TY TNHH MỘT THÀNH VIÊN BẮC NINH TRƯỜNG HẢI
142,CÔNG TY TNHH MỘT THÀNH VIÊN ĐẦU TƯ PHÁT TRIỂN HẠ TẦNG KHU CÔNG NGHIỆP CƠ KHÍ Ô TÔ NAM TAM ANH
143,CÔNG TY TNHH MỘT THÀNH VIÊN THƯƠNG MẠI DỊCH VỤ TÂY NINH-TRƯỜNG HẢI
144,CÔNG TY CỔ PHẦN XÂY DỰNG VÀ VẬT TƯ THIẾT BỊ
145,CÔNG TY TNHH THƯƠNG MẠI VỎ XE TRIỀU HẢI
146,CÔNG TY TNHH THÁI NGUYÊN TRƯỜNG HẢI
147,CÔNG TY CỔ PHẦN SẢN XUẤT PHỤ TÙNG Ô TÔ
148,CÔNG TY TNHH VŨNG TÀU TRƯỜNG HẢI
149,CÔNG TY CỔ PHẦN CÔNG TRÌNH HÀNG KHÔNG (ACC)
150,CÔNG TY CỔ PHẦN SUẤT ĂN HÀNG KHÔNG NỘI BÀI
151,CÔNG TY TNHH DỊCH VỤ HÀNG HÓA TÂN SƠN NHẤT
152,CÔNG TY CỔ PHẦN DỊCH VỤ HÀNG HÓA NỘI BÀI
153,CÔNG TY CỔ PHẦN TIN HỌC VIỄN THÔNG HÀNG KHÔNG
154,CÔNG TY CỔ PHẦN SABRE VIỆT NAM
155,CÔNG TY CỔ PHẦN ĐÀO TẠO BAY VIỆT (VFT)
156,CÔNG TY CỔ PHẦN CUNG ỨNG XUẤT NHẬP KHẨU LAO ĐỘNG HÀNG KHÔNG (ALSIMEXCO)
157,CÔNG TY TNHH DỊCH VỤ GIAO NHẬN HÀNG HÓA TÂN SƠN NHẤT
158,CÔNG TY CỔ PHẦN DỊCH VỤ HÀNG KHÔNG SÂN BAY NỘI BÀI
159,CÔNG TY CỔ PHẦN DỊCH VỤ HÀNG KHÔNG SÂN BAY ĐÀ NẴNG
160,CÔNG TY CỔ PHẦN VIỄN THÔNG FPT
161,CÔNG TY CỔ PHẦN DỊCH VỤ TRỰC TUYẾN FPT
162,CÔNG TY TNHH MỘT THÀNH VIÊN QUẢN LÝ NỢ & KHAI THÁC TÀI SẢN-NGÂN HÀNG THƯƠNG MẠI CỔ PHẦN PHÁT TRIỂN T.P HỒ CHÍ MINH
163,CÔNG TY TÀI CHÍNH TNHH HD SAISON
164,CÔNG TY TNHH MỘT THÀNH VIÊN CHO THUÊ TÀI CHÍNH NGÂN HÀNG Á CHÂU (ACBL)
165,CÔNG TY TNHH QUẢN LÝ NỢ VÀ KHAI THÁC TÀI SẢN NGÂN HÀNG Á CHÂU (ACBA)
166,CÔNG TY TNHH CHỨNG KHOÁN ACB
167,CÔNG TY TNHH MỘT THÀNH VIÊN QUẢN LÝ QUỸ ACB (ACBC)
168,CÔNG TY CỔ PHẦN CHỨNG KHOÁN MB
169,CÔNG TY TNHH QUẢN LÝ NỢ VÀ KHAI THÁC TÀI SẢN NGÂN HÀNG THƯƠNG MẠI CỔ PHẦN QUÂN ĐỘI
170,CÔNG TY CỔ PHẦN QUẢN LÝ QUỸ ĐẦU TƯ MB
171,TỔNG CÔNG TY CỔ PHẦN BẢO HIỂM QUÂN ĐỘI
172,CÔNG TY TNHH BẢO HIỂM NHÂN THỌ MB AGEAS
173,CÔNG TY TÀI CHÍNH TNHH MB SHINSEI
174,CÔNG TY CỔ PHẦN THỦY ĐIỆN ĐAKĐRINK
175,CÔNG TY CỔ PHẦN THỦY ĐIỆN HỦA NA
176,CÔNG TY CỔ PHẦN ĐIỆN LỰC DẦU KHÍ NHƠN TRẠCH 2
177,CÔNG TY CỔ PHẦN DỊCH VỤ KỸ THUẬT ĐIỆN LỰC DẦU KHÍ VIỆT NAM
178,CÔNG TY CỔ PHẦN MÁY - THIẾT BỊ DẦU KHÍ
179,CÔNG TY TNHH MỘT THÀNH VIÊN CÔNG NGHỆ THỰC PHẨM VIỆT TIẾN
180,CÔNG TY CỔ PHẦN BAO BÌ MINH VIỆT
181,CÔNG TY CỔ PHẦN CÔNG  NGHIỆP MASAN VÀ CÔNG TY CON - CÔNG TY CỔ PHẦN CÔNG NGHỆ THỰC PHẨM HOA SEN
182,CÔNG TY TNHH MỘT THÀNH VIÊN MASAN BEVERAGE (MSB)
183,CÔNG TY TNHH MỘT THÀNH VIÊN THỰC PHẨM MASAN
184,MASAN CONSUMER (THAILAND) LIMITED
185,CÔNG TY CỔ PHẦN MA SAN PQ
186,CÔNG TY CỔ PHẦN VINPEARL
187,CÔNG TY TNHH GIÁO DỤC VÀ ĐÀO TẠO VINACADEMY
188,CÔNG TY CỔ PHẦN BẤT ĐỘNG SẢN XAVINCO
189,CÔNG TY XĂNG DẦU TÂY NINH
190,CÔNG TY TNHH MỘT THÀNH VIÊN XĂNG DẦU TÂY NAM BỘ
191,CÔNG TY XĂNG DẦU AN GIANG
192,CÔNG TY XĂNG DẦU TRÀ VINH
193,CÔNG TY XĂNG DẦU CÀ MAU
194,CÔNG TY TNHH MỘT THÀNH VIÊN PETROLIMEX SINGAPORE
195,CÔNG TY CỔ PHẦN CHO THUÊ MÁY BAY VIỆT NAM
196,CÔNG TY TNHH MỘT THÀNH VIÊN TỔNG CÔNG TY CAO SU ĐỒNG NAI
197,CÔNG TY TNHH MỘT THÀNH VIÊN HOA SEN NGHỆ AN
198,CÔNG TY TNHH MỘT THÀNH VIÊN HOA SEN HÀ NAM
199,CÔNG TY TNHH MỘT THÀNH VIÊN ĐẦU TƯ KHU LIÊN HỢP LUYỆN CÁN THÉP HOA SEN CÀ NÁ - NINH THUẬN
200,CÔNG TY TNHH MỘT THÀNH VIÊN ĐẦU TƯ HẠ TẦNG KHU CÔNG NGHIỆP HOA SEN CÀ NÁ - NINH THUẬN
201,CÔNG TY TNHH MỘT THÀNH VIÊN CẢNG TỔNG HỢP QUỐC TẾ HOA SEN CÀ NÁ - NINH THUẬN
202,CÔNG TY CỔ PHẦN ĐẦU TƯ VÀ PHÁT TRIỂN DU LỊCH PHÚC AN
203,CÔNG TY CỔ PHẦN CẢNG NHA TRANG
204,CÔNG TY TNHH 1 THÀNH VIÊN PETROLIMEX LÀO
205,TỔNG CÔNG TY VẬN TẢI THỦY PETROLIMEX-CÔNG TY TNHH MỘT THÀNH VIÊN
206,CÔNG TY XĂNG DẦU B12
207,CÔNG TY XĂNG DẦU HÀ SƠN BÌNH
208,CÔNG TY TNHH MỘT THÀNH VIÊN CAO SU BÌNH LONG
209,CÔNG TY TNHH MỘT THÀNH VIÊN CAO SU DẦU TIẾNG
210,CÔNG TY TNHH MỘT THÀNH VIÊN NĂNG LƯỢNG TÁI TẠO HOA SEN CÀ NÁ - NINH THUẬN
211,CÔNG TY TNHH MỘT THÀNH VIÊN XI MĂNG HOA SEN CÀ NÁ - NINH THUẬN
212,CÔNG TY TNHH MỘT THÀNH VIÊN VẬT LIỆU XÂY DỰNG HOA SEN YÊN BÁI
213,CÔNG TY CỔ PHẦN HOA SEN YÊN BÁI
214,CÔNG TY TNHH MỘT THÀNH VIÊN DỊCH VỤ KHẢO SÁT VÀ CÔNG TRÌNH NGẦM PTSC
215,CÔNG TY CỔ PHẦN KHÁCH SẠN DẦU KHÍ
216,CÔNG TY TNHH MỘT THÀNH VIÊN DICH VỤ CƠ KHÍ HÀNG HẢI PTSC
217,CÔNG TY TNHH MỘT THÀNH VIÊN DỊCH VỤ KỸ THUẬT DẦU KHÍ LABUAN
218,CÔNG TY CỔ PHẦN DỊCH VỤ DẦU KHÍ QUẢNG NGÃI
219,"CÔNG TY CỔ PHẦN DỊCH VỤ LẮP ĐẶT, VẬN HÀNH VÀ BẢO DƯỠNG CÔNG TRÌNH DẦU KHÍ BIỂN PTSC"
220,CÔNG TY CỔ PHẦN CẢNG DỊCH VỤ DẦU KHÍ TỔNG HỢP PHÚ MỸ
221,CÔNG TY CỔ PHẦN CẢNG DỊCH VỤ DẦU KHÍ TỔNG HỢP PTSC THANH HÓA
222,CÔNG TY CỔ PHẦN DỊCH VỤ KHAI THÁC DẦU KHÍ PTSC
223,CÔNG TY LIÊN DOANH PTSC SOUTH EAST ASIA (SEA)
224,CÔNG TY LIÊN DOANH PTSC ASIA PACIFIC
225,VIETJET AIR IVB NO.I LIMITED
226,VIETJET AIR IVB NO.II LIMITED
227,"VIETJET AIR SINGAPORE PTE., LTD"
228,VIETJET AIR IRELAND NO.I LIMITED
229,SKYMATE LIMITED
230,CÔNG TY CỔ PHẦN VIETJETAIR CARGO
231,CÔNG TY TNHH MỘT THÀNH VIÊN QUẢN LÝ KHÁCH SẠN VÀ KHU NGHỈ DƯỠNG FLC
232,CÔNG TY TNHH FLC QUẢNG BÌNH GOLF & RESORT
233,CÔNG TY TNHH ĐẦU TƯ PHÁT TRIỂN VÀ QUẢN LÝ KHU CÔNG NGHIỆP FLC
234,CÔNG TY CỔ PHẦN  ĐẦU TƯ KHU CÔNG NGHIỆP VINHOMES
235,CÔNG TY CỔ PHẦN KINH DOANH BẤT ĐỘNG SẢN MV VIỆT NAM
236,CÔNG TY XĂNG DẦU LÀO CAI
237,CÔNG TY XĂNG DẦU YÊN BÁI
238,CÔNG TY TNHH MỘT THÀNH VIÊN CAO SU LỘC NINH
239,CÔNG TY CỔ PHẦN KHẢO SÁT ĐỊA VẬT LÝ PTSC-CGGV
240,CÔNG TY CỔ PHẦN CẢNG DỊCH VỤ DẦU KHÍ ĐÌNH VŨ
241,CÔNG TY CỔ PHẦN ĐẦU TƯ DẦU KHÍ SAO MAI – BẾN ĐÌNH
242,CÔNG TY CỔ PHẦN DỊCH VỤ BẢO VỆ AN NINH DẦU KHÍ VIỆT NAM
243,CÔNG TY TNHH VÀNG BẠC ĐÁ QUÝ FLC
244,CÔNG TY TNHH ĐẦU TƯ VÀ PHÁT TRIỂN FLC HẠ LONG
245,CÔNG TY TNHH BOT KHAI THÁC QUẢN LÝ BÃI BIỂN FLC SẦM SƠN
246,CÔNG TY TNHH FLC SAM SƠN GOLF & RESORT
247,CÔNG TY CỔ PHẦN FLC QUY NHƠN GOLF & RESORT
248,CÔNG TY CỔ PHẦN FLC LAND
249,CÔNG TY CỔ PHẦN ĐẦU TƯ VÀ PHÁT TRIỂN ĐÔ THỊ SÀI ĐỒNG
250,CÔNG TY TNHH PHÁT TRIỂN CÔNG VIÊN TRUNG TÂM
251,CÔNG TY XĂNG DẦU TUYÊN QUANG
252,CÔNG TY XĂNG DẦU BẮC THÁI
253,CÔNG TY XĂNG DẦU HÀ BẮC
254,CÔNG TY XĂNG DẦU PHÚ THỌ
255,CÔNG TY TNHH MỘT THÀNH VIÊN CAO SU PHÚ RIỀNG
256,CÔNG TY TNHH MỘT THÀNH VIÊN CAO SU KRÔNG BUK
257,CÔNG TY TNHH FLC ĐỒ SƠN GOLF & RESORT
258,CÔNG TY CỔ PHẦN ĐỊA ỐC STAR HÀ NỘI
259,CÔNG TY CỔ PHẦN NƯỚC GIẢI KHÁT FLC
260,CÔNG TY TNHH ĐẦU TƯ VÀ QUẢN LÝ TOÀ NHÀ ION COMPLEX
261,CÔNG TY CỔ PHẦN DU LỊCH VÀ SỰ KIỆN FLC
262,CÔNG TY CỔ PHẦN ĐẦU TƯ ĐỊA ỐC ALASKA
263,CÔNG TY TNHH HÀNG KHÔNG TRE VIỆT
264,CÔNG TY TNHH MỘT THÀNH VIÊN QUẢN LÝ NỢ VÀ KHAI THÁC TÀI SẢN-NGÂN HÀNG THƯƠNG MẠI CỔ PHẦN QUỐC TẾ VIỆT NAM (VIBAMC)
265,CÔNG TY CỔ PHẦN THIẾT BỊ ĐIỆN GELEX
266,CÔNG TY CỔ PHẦN HẠ TẦNG GELEX
267,TỔNG CÔNG TY VIGLACERA - CÔNG TY CỔ PHẦN
268,CÔNG TY CỔ PHẦN GIẢI PHÁP VÀ DỊCH VỤ CÔNG NGHỆ VANTIX
269,CÔNG TY CỔ PHẦN TRUNG TÂM HỘI CHỢ TRIỂN LÃM VIỆT NAM
270,CÔNG TY VINGROUP HÀN QUỐC
271,CÔNG TY XĂNG DẦU HÀ NAM NINH
272,CÔNG TY XĂNG DẦU THANH HOÁ
273,CÔNG TY XĂNG DẦU NGHỆ AN
274,CÔNG TY XĂNG DẦU HÀ TĨNH
275,TỔNG CÔNG TY DỊCH VỤ XĂNG DẦU PETROLIMEX
276,CÔNG TY TNHH MỘT THÀNH VIÊN XĂNG DẦU KV2
277,CÔNG TY TNHH MỘT THÀNH VIÊN CAO SU EAH LEO
278,CÔNG TY TNHH MỘT THÀNH VIÊN CAO SU CHƯ PRÔNG
279,CÔNG TY TNHH MỘT THÀNH VIÊN THỜI TRANG CAF
280,CÔNG TY TNHH MỘT THÀNH VIÊN GIÁM ĐỊNH PNJLAB
281,CÔNG TY TNHH MỘT THÀNH VIÊN CHẾ TÁC VÀ KINH DOANH TRANG SỨC PNJP
282,CÔNG TY TNHH MỘT THÀNH VIÊN KỶ NGUYÊN KHÁCH HÀNG CECL
283,CÔNG TY TNHH TRIỂN KHAI HỆ THỐNG PHẦN MỀM VINSOFTWARE
284,CÔNG TY TNHH VINTECH VENTURES
285,CÔNG TY TNHH TƯ VẤN GIẢI PHÁP TỰ ĐỘNG HÓA QUẢN TRỊ VINBRAIN
286,CÔNG TY XĂNG DẦU KV1 – CÔNG TY TNHH MỘT THÀNH VIÊN
287,CÔNG TY XĂNG DẦU KV5 – CÔNG TY TNHH MỘT THÀNH VIÊN
288,CÔNG TY XĂNG DẦU KV3 – CÔNG TY TNHH MỘT THÀNH VIÊN
289,CÔNG TY XĂNG DẦU THÁI BÌNH
290,CÔNG TY XĂNG DẦU LAI CHÂU
291,CÔNG TY TNHH THƯƠNG MẠI DỊCH VỤ HẢI CHÂU
292,CÔNG TY TNHH MỘT THÀNH VIÊN CAO SU CHƯ SÊ
293,CÔNG TY TNHH MỘT THÀNH VIÊN CAO SU KON TUM
294,CÔNG TY TNHH VINGROUP RU
295,CÔNG TY TNHH VINGROUP USA
296,CÔNG TYY LIÊN DOANH TNHH KHO X.DẦU NGOẠI QUAN VÂN PHONG
297,TỔNG CÔNG TY HÓA DẦU PETROLIMEX-CÔNG TY CỔ PHẦN
298,CÔNG TY THƯƠNG MẠI DỊCH VỤ CÁI BÈ
299,CÔNG TY TNHH HÓA CHẤT PTN
300,CÔNG TY TNHH MỘT THÀNH VIÊN CAO SU MANG YANG
301,CÔNG TY TNHH MỘT THÀNH VIÊN CAO SU CHƯ PĂH
302,CÔNG TY TNHH VINGROUP NHẬT BẢN
303,CÔNG TY TNHH SẢN XUẤT VÀ KINH DOANH PHẦN MỀM HMS
304,CÔNG TY TNHH DỊCH VỤ AN NINH MẠNG VINCSS
305,CÔNG TY CỔ PHẦN NHIÊN LIỆU BAY PETROLIMEX
306,CÔNG TY CỔ PHẦN VẬN TẢI HÓA DẦU VP
307,CÔNG TY CỔ PHẦN XUẤT NHẬP KHẨU PETROLIMEX
308,TỔNG CÔNG TY GAS PETROLIMEX-CÔNG TY CỔ PHẦN
309,CÔNG TY TNHH MỘT THÀNH VIÊN CAO SU QUẢNG NAM
310,CÔNG TY TNHH MỘT THÀNH VIÊN CAO SU NAM GIANG - QUẢNG NAM
311,CÔNG TY CỔ PHẦN ĐÀ NẴNG SƠN TRÀ
312,CÔNG TY CỔ PHẦN ÔTÔ VĨNH THỊNH (HINO VĨNH THỊNH)
313,CÔNG TY CỔ PHẦN Ô TÔ SÀI GÒN CỬU LONG
314,CÔNG TY TNHH THƯƠNG MẠI DỊCH VỤ SÀI GÒN (YAMAHA SÀI GÒN)
315,CÔNG TY CỔ PHẦN OTOS
316,CÔNG TY CỔ PHẦN ÔTÔ TÂY BẮC SÀI GÒN
317,CÔNG TY CỔ PHẦN SAVICO HÀ NỘI
318,CÔNG TY CỔ PHẦN PHÁT TRIỂN CÔNG NGHỆ VINTECH
319,CÔNG TY TNHH VINPEARL TRAVEL RU
320,CÔNG TY CỔ PHẦN HÀNG KHÔNG VINPEARL AIR
321,CÔNG TY TNHH XĂNG DẦU KIÊN GIANG
322,CÔNG TY CỔ PHẦN ĐẦU TƯ VÀ DỊCH VỤ HẠ TẦNG XĂNG DẦU
323,CÔNG TY CỔ PHẦN TƯ VẤN XÂY DỰNG PETROLIMEX
324,CÔNG TY CỔ PHẦN THIẾT BỊ XĂNG DẦU PETROLIMEX
325,CÔNG TY CỔ PHẦN CƠ KHÍ XĂNG DẦU
326,CÔNG TY TNHH MỘT THÀNH VIÊN CAO SU HÀ TĨNH
327,CÔNG TY TNHH MỘT THÀNH VIÊN CAO SU HƯƠNG KHÊ - HÀ TĨNH
328,CÔNG TY CỔ PHẦN SAVICO ĐÀ NẴNG
329,CÔNG TY CỔ PHẦN SÀI GÒN NGÔI SAO
330,CÔNG TY TNHH XE VÀ THIẾT BỊ CHUYÊN DÙNG VĨNH THỊNH HYUNDAI VĨNH THỊNH - CV
331,CÔNG TY TNHH SÀI GÒN Ô TÔ (SAIGON FORD)
332,CÔNG TY LIÊN DOANH TOYOTA GIẢI PHÓNG
333,CÔNG TY TNHH TOYOTA CẦN THƠ
334,CÔNG TY CỔ PHẦN ÔTÔ NAM SÔNG HẬU ( HONDA CẦN THƠ)
335,CÔNG TY CỔ PHẦN VINDFS
336,CÔNG TY CỔ PHẦN ĐẦU TƯ VÀ PHÁT TRIỂN ĐỊA ỐC THÀNH PHỐ HOÀNG GIA
337,CÔNG TY CỔ PHẦN KINH DOANH VÀ PHÁT TRIỂN THƯƠNG MẠI AN THỊNH
338,CÔNG TY CỔ PHẦN TIN HỌC VIỄN THÔNG PETROLIMEX
339,CÔNG TY XĂNG DẦU HÀ GIANG
340,CÔNG TY TNHH MỘT THÀNH VIÊN CAO SU THANH HÓA
341,CÔNG TY TNHH MỘT THÀNH VIÊN CAO SU QUẢNG TRỊ
342,CÔNG TY TNHH MỘT THÀNH VIÊN THƯƠNG MẠI SMC
343,CÔNG TY CỔ PHẦN SMC HÀ NỘI
344,CÔNG TY TNHH MỘT THÀNH VIÊN SMC TÂN TẠO
345,CÔNG TY CỔ PHẦN PHÁT TRIỂN THÀNH PHỐ XANH
346,CÔNG TY CỔ PHẦN ĐẦU TƯ XÂY DỰNG THÁI SƠN
347,CÔNG TY CỔ PHẦN ĐẦU TƯ VÀ PHÁT TRIỂN LÀNG VÂN
348,CÔNG TY TNHH MỘT THÀNH VIÊN CAO SU BÌNH THUẬN
349,CÔNG TY TNHH MỘT THÀNH VIÊN CAO SU QUẢNG NGÃI
350,CÔNG TY CỔ PHẦN ĐẦU TƯ VÀ PHÁT TRIỂN SINH THÁI
351,CÔNG TY CỔ PHẦN ĐÔ THỊ DU LỊCH CẦN GIỜ
352,CÔNG TY CỔ PHẦN DELTA
353,VIỆN NGHIÊN CỨU CAO SU VIỆT NAM
354,TRUNG TÂM Y TẾ CAO SU
355,CÔNG TY TNHH MỘT THÀNH VIÊN SẢN XUẤT CHẾ PHẨM SINH HỌC MINH PHÚ
356,CÔNG TY TNHH NUÔI TRỒNG THỦY SẢN MINH PHÚ - LỘC AN
357,CÔNG TY TNHH MỘT THÀNH VIÊN CHUỖI CUNG ỨNG THUỶ SẢN MINH PHÚ
358,CÔNG TY TNHH KHO VẬN EBISUMO
359,CÔNG TY TNHH THỰC PHẨM MINH PHÚ
360,CÔNG TY TNHH THỦY HẢI SẢN MINH PHÚ - KIÊN GIANG
361,CÔNG TY TNHH SẢN XUẤT GIỐNG THỦY SẢN MINH PHÚ
362,CÔNG TY TNHH CHẾ BIẾN THỦY SẢN MINH PHÁT
363,MSEAFOOD CORPORATION (USA)
364,CÔNG TY CỔ PHẦN CẢNG MINH PHÚ HẬU GIANG
365,CÔNG TY CỔ PHẦN THỦY SẢN MINH PHÚ - HẬU GIANG
366,CÔNG TY CỔ PHẦN NÔNG NGHIỆP CÔNG NGHỆ CAO MINH PHÚ
367,CÔNG TY TNHH METROPOLIS HÀ NỘI
368,CÔNG TY TNHH ĐÔ THỊ ĐẠI HỌC QUỐC TẾ BERJAYA VIỆT NAM
369,CÔNG TY TNHH THƯƠNG MẠI ĐẦU TƯ VÀ PHÁT TRIỂN THIÊN NIÊN KỶ
370,TẠP CHÍ CAO SU VIỆT NAM
371,TRƯỜNG CAO ĐẲNG CÔNG NGHIỆP CAO SU
372,CÔNG TY CỔ PHẦN PHÁT TRIỂN GS CỦ CHI
373,CÔNG TY TNHH KINH DOANH BẤT ĐỘNG SẢN PHÚ GIA
374,CÔNG TY TNHH XALIVICO
375,CÔNG TY CỔ PHẦN CAO SU ĐIỆN BIÊN
376,CÔNG TY CỔ PHẦN CAO SU HÀ GIANG
377,CÔNG TY CỔ PHẦN DỊCH VỤ PHÂN PHỐI TỔNG HỢP DẦU KHÍ
378,CÔNG TY CỔ PHẦN THƯƠNG MẠI DỊCH VỤ DẦU KHÍ MIỀN TRUNG (PSMT)
379,CÔNG TY CỔ PHẦN QUẢN LÝ VÀ KHAI THÁC TÀI SẢN DẦU KHÍ (PSA)
380,CÔNG TY CỔ PHẦN DỊCH VỤ BÁN LẺ DẦU KHÍ (PVR)
381,CÔNG TY CỔ PHẦN DỊCH VỤ TỔNG HỢP DẦU KHÍ VŨNG TÀU (PSV)
382,CÔNG TY CỔ PHẦN DỊCH VỤ LOGISTICS DẦU KHÍ VIỆT NAM
383,CÔNG TY TNHH MỘT THÀNH VIÊN THƯƠNG MẠI VÀ DỊCH VỤ DẦU KHÍ BIỂN (POTS)
384,CÔNG TY CỔ PHẦN HỘI TỤ THÔNG MINH (SMARTCOM)
385,CÔNG TY CỔ PHẦN PHÂN PHỐI SẢN PHẨM CÔNG NGHỆ CAO DẦU KHÍ
386,CÔNG TY TNHH PETROSETCO SSG (PSSSG)
387,CÔNG TY CỔ PHẦN ĐẦU TƯ KINH DOANH BẤT ĐỘNG SẢN THĂNG LONG
388,CÔNG TY TNHH LÀNG HOA THỤY KHUÊ
389,CÔNG TY CỔ PHẦN VINHOMES
390,CÔNG TY CỔ PHẦN CAO SU MANG YANG RATANAKIRI (VN)
391,CÔNG TY CỔ PHẦN CAO SU KRÔNG BUK – RATANAKIRI
392,CÔNG TY CỔ PHẦN ĐẦU TƯ XÂY DỰNG UY NAM (UNICONS)
393,CÔNG TY TNHH COVESTCONS
394,CÔNG TY CỔ PHẦN PHÚ NHUẬN 168
395,CÔNG TY TNHH BẤT ĐỘNG SẢN TÂY TĂNG LONG
396,CÔNG TY CỔ PHẦN SÁCH VIỆT NAM
397,CÔNG TY TNHH MỘT THÀNH VIÊN ĐỊA ỐC CAO SU ĐỒNG NAI
398,CÔNG TY PHÁT TRIỂN CAO SU C.R.C.K
399,CÔNG TY TNHH ĐẦU TƯ VÀ PHÁT TRIỂN ĐÔ THỊ GIA LÂM
400,CÔNG TY CỔ PHẦN NGHIÊN CỨU VÀ SẢN XUẤT VINSMART
401,CÔNG TY TNHH CAO SU BOLIKHAMXAY HÀ TĨNH
402,CÔNG TY TNHH MỘT THÀNH VIÊN VRG OUDOMXAY
403,CÔNG TY TNHH MỘT THÀNH VIÊN QUẢN LÝ NỢ & KHAI THÁC TÀI SẢN NGÂN HÀNG THƯƠNG MẠI CỔ PHẦN HÀNG HẢI VIỆT NAM
404,CÔNG TY TÀI CHÍNH TNHH MỘT THÀNH VIÊN CỘNG ĐỒNG (FCCOM)
405,VINGROUP GLOBAL PTE. LTD.
406,CÔNG TY CỔ PHẦN VINID PAY
407,CÔNG TY CỔ PHẦN VINFA
408,CÔNG TY TNHH EAH'LEO BM
409,CÔNG TY CỔ PHẦN CAO SU MƯỜNG NHÉ - ĐIỆN BIÊN
410,CÔNG TY CỔ PHẦN VINCOM RETAIL
411,CÔNG TY TNHH VINCOM RETAIL MIỀN NAM
412,CÔNG TY TNHH VINCOM RETAIL MIỀN BẮC
413,CÔNG TY TNHH MỘT THÀNH VIÊN CAO SU QUA VAN
414,CÔNG TY CỔ PHẦN CAO SU DẦU TIẾNG - LAI CHÂU
415,CÔNG TY CỔ PHẦN ĐẦU TƯ BẤT ĐỘNG SẢN HÀ THÀNH
416,CÔNG TY CỔ PHẦN ĐẦU TƯ VÀ PHÁT TRIỂN ĐÔ THỊ SUỐI HOA
417,CÔNG TY CỔ PHẦN TƯ VẤN ĐẦU TƯ VÀ ĐẦU TƯ VIỆT NAM
418,CÔNG TY CỔ PHẦN CAO SU CHƯ SÊ - KOMPONG THOM
419,CÔNG TY CỔ PHẦN CAO SU CHƯ PRÔNG - STUNG TRENG
420,CÔNG TY CỔ PHẦN DU LỊCH BIỂN MỸ KHÊ
421,CÔNG TY CỔ PHẦN QUẢN LÝ QUỸ ĐẦU TƯ TÀI CHÍNH DẦU KHÍ
422,CÔNG TY CỔ PHẦN ONEID
423,CÔNG TY CỔ PHẦN ONE MOUNT GROUP
424,CÔNG TY CỔ PHẦN PHÁT TRIỂN THƯƠNG MẠI DỊCH VỤ ADAYROI
425,CÔNG TY CỔ PHẦN GỖ MDF VRG KIÊN GIANG
426,CÔNG TY CỔ PHẦN CAO SU LAI CHÂU 2
427,CÔNG TY TNHH MỘT THÀNH VIÊN QUẢN LÝ QUỸ ĐÔNG NAM Á
428,CÔNG TY TNHH MỘT THÀNH VIÊN QUẢN LÝ NỢ VÀ KHAI THÁC TÀI SẢN SEABANK (SEABANK-AMC)
429,CÔNG TY QUẢN LÝ NỢ VÀ KHAI THÁC TÀI SẢN NGÂN HÀNG THƯƠNG MẠI CỔ PHẦN XUẤT NHẬP KHẨU VIỆT NAM
430,CÔNG TY TNHH SẢN XUẤT VÀ KINH DOANH VINFAST
431,CÔNG TY TNHH KINH DOANH THƯƠNG MẠI VÀ DỊCH VỤ VINFAST
432,CÔNG TY CỔ PHẦN CAO SU YÊN BÁI
433,CÔNG TY CỔ PHẦN CAO SU SƠN LA
434,CÔNG TY CỔ PHẦN CẢNG ĐÀ NẴNG
435,CÔNG TY CỔ PHẦN CẢNG CẦN THƠ
436,CÔNG TY CỔ PHẦN CẢNG HẢI PHÒNG
437,CÔNG TY CỔ PHẦN CẢNG CAM RANH 
438,CÔNG TY CỔ PHẦN CẢNG SÀI GÒN
439,CÔNG TY CỔ PHẦN ĐẦU TƯ CẢNG CÁI LÂN
440,CÔNG TY CỔ PHẦN ĐẠI LÝ HÀNG HẢI VIỆT NAM  
441,VINFAST ENGINEERING AUSTRALIA PTY LTD
442,VINFAST GERMANY GMBH
443,CÔNG TY TNHH TRUNG TÂM TÀI CHÍNH VIỆT NAM BERJAYA
444,CÔNG TY CỔ PHẦN CAO SU QUASA GERUCO (LÀO)
445,CÔNG TY CỔ PHẦN CAO SU TÂN BIÊN
446,CÔNG TY CỔ PHẦN VẬN TẢI BIỂN VIỆT NAM
447,CÔNG TY CỔ PHẦN VẬN TẢI BIỂN VINASHIP
448,CÔNG TY CỔ PHẦN CẢNG NGHỆ TĨNH
449,CÔNG TY CỔ PHẦN TƯ VẤN VÀ XÂY DỰNG CÔNG TRÌNH HÀNG HẢI
450,CÔNG TY CỔ PHẦN CẢNG QUẢNG NINH
451,CÔNG TY CỔ PHẦN DỊCH VỤ VẬN TẢI VÀ THƯƠNG MẠI
452,CÔNG TY TNHH CẢNG QUỐC TẾ CÁI MÉP
453,CÔNG TY TNHH CẢNG QUỐC TẾ SP - PSA
454,CÔNG TY CỔ PHẦN HÀNG HẢI SÀI GÒN
455,CÔNG TY CỔ PHẦN TNHH MỘT THÀNH VIÊN MÁY XÂY DỰNG MATEC
456,CÔNG TY TNHH TƯ VẤN THIẾT KẾ HÒA BÌNH (HBA)
457,CÔNG TY TNHH SƠN HÒA BÌNH (HBP)
458,CÔNG TY CỔ PHẦN NHÀ HÒA BÌNH
459,CÔNG TY CỔ PHẦN KỸ THUẬT JESCO HÒA BÌNH
460,CÔNG TY CỔ PHẦN ĐẦU TƯ XÂY DỰNG HẠ TẦNG HÒA BÌNH (HBI)
461,CÔNG TY CỔ PHẦN VINFAST LEASING
462,"IOT & MOBILITY Y COMMERCE, S.L."
463,MUNDO READER S.L
464,CÔNG TY CỔ PHẦN DU LỊCH - THƯƠNG MẠI - KHÁCH SẠN HƯNG YÊN
465,CÔNG TY CỔ PHẦN CAO SU LAI CHÂU
466,CÔNG TY CỔ PHẦN PHÁT TRIỂN HÀNG HẢI
467,CÔNG TY CỔ PHẦN VINALINES LOGISTICS - VIỆT NAM 
468,CÔNG TY TNHH MỘT THÀNH VIÊN DỊCH VỤ HÀNG HẢI HẬU GIANG
469,CÔNG TY CỔ PHẦN CẢNG VINALINES ĐÌNH VŨ
470,CÔNG TY TNHH VẬN TẢI HÀNG CÔNG NGHỆ CAO
471,CÔNG TY TNHH MỘT THÀNH VIÊN VẬN TẢI BIỂN ĐÔNG (BISCO)
472,CÔNG TY LIÊN DOANH KHAI THÁC CONTAINER VIỆT NAM (VINABRIDGE)
473,CÔNG TY CỔ PHẦN CẢNG KHUYẾN LƯƠNG
474,CÔNG TY CỔ PHẦN VẬN TẢI BIỂN VÀ HỢP TÁC LAO ĐỘNG QUỐC TẾ
475,CÔNG TY LIÊN DOANH VẬN TẢI QUỐC TẾ VIỆT NHẬT
476,CÔNG TY LIÊN DOANH DỊCH VỤ CONTAINER QUỐC TẾ CSG - SSA
477,CÔNG TY TNHH MỘT THÀNH VIÊN ĐỊA ỐC NO VA
478,CÔNG TY TNHH NO VA LUCKY PALACE
479,CÔNG TY TNHH MỘT THÀNH VIÊN NOVALAND AGENT
480,LUARNA EDICIONES S.L.
481,"DEEP TECHNOLOGY & ENGINEERING SERVICES, S.L."
482,CÔNG TY CỔ PHẦN CAO SU DẦU TIẾNG - CAMPUCHIA
483,CÔNG TY CỔ PHẦN CAO SU BÀ RỊA
484,CÔNG TY TNHH BẤT ĐỘNG SẢN KHẢI HƯNG
485,CÔNG TY TNHH ĐẦU TƯ ĐỊA ỐC THÀNH NHƠN
486,CÔNG TY TNHH NOVA AN PHÚ
487,CÔNG TY CỔ PHẦN BẤT ĐỘNG SẢN THỊNH VƯỢNG
488,"CONTACÔNG TY SERVICES FOR SATISFACÔNG TYION, S.L."
489,EDUCACIÓN Y ROBÓTICA S.L.
490,CÔNG TY TNHH VKETI
491,CÔNG TY CỔ PHẦN THƯƠNG MẠI DỊCH VỤ VÀ DU LỊCH CAO SU
492,CÔNG TY TNHH BẤT ĐỘNG SẢN BÁCH HỢP
493,CÔNG TY CỔ PHẦN ĐỊA ỐC NOVA MỸ ĐÌNH
494,CÔNG TY TNHH BẤT ĐỘNG SẢN GIA PHÚ
495,CÔNG TY TNHH BẤT ĐỘNG SẢN GIA ĐỨC
496,CÔNG TY TNHH NOVA PROPERTY MANAGEMENT
497,CÔNG TY TNHH MỘT THÀNH VIÊN ỐNG THÉP NAM KIM
498,CÔNG TY TNHH MỘT THÀNH VIÊN ỐNG THÉP NAM KIM CHU LAI
499,3D PRINTING & PRINTERS
500,"BQ-MUNDO RADER, UNIPESSOAL LDA"
501,MUNDO READER FRANCE S.A.R.L
502,CÔNG TY CỔ PHẦN GỖ LỘC NINH
503,CÔNG TY CỔ PHẦN CAO SU SA THẦY
504,CÔNG TY TNHH ĐẦU TƯ VÀ BẤT ĐỘNG SẢN TƯỜNG MINH
505,CÔNG TY TNHH NOVA SASCO
506,CÔNG TY TNHH ĐẦU TƯ VÀ PHÁT TRIỂN PHƯỚC LONG
507,CÔNG TY TNHH ĐẦU TƯ ĐỊA ỐC NOVA SAIGON ROYAL
508,CÔNG TY TNHH NO VA THẢO ĐIỀN
509,CÔNG TY CỔ PHẦN NOVA NIPPON
510,CÔNG TY CỔ PHẦN DỊCH VỤ NHIÊN LIỆU HÀNG KHÔNG NỘI BÀI (NAFSC)
511,CÔNG TY TNHH DỊCH VỤ BẢO DƯỠNG MÁY BAY CẢNG HÀNG KHÔNG MIỀN NAM
512,MUNDO READER GMBH
513,MUNDO READER S.R.L.
514,CÔNG TY CỔ PHẦN CAO SU DẦU TIẾNG - KRATIE
515,CÔNG TY CỔ PHẦN VRG - PHÚ YÊN
516,CÔNG TY CỔ PHẦN NOVA HOSPITALITY
517,CÔNG TY CỔ PHẦN THƯƠNG MẠI ĐẦU TƯ BẤT ĐỘNG SẢN PHÚ TRÍ
518,CÔNG TY TNHH MỘT THÀNH VIÊN QUẢN LÝ NỢ VÀ KHAI THÁC TÀI SẢN NGÂN HÀNG THƯƠNG MẠI CỔ PHẦN BẮC Á
519,CÔNG TY TNHH KIỀU HỐI ĐÔNG Á
520,SMART EUROPEAN DEVICES LIMITED
521,CÔNG TY CỔ PHẦN ĐẦU TƯ PHÁT TRIỂN CAO SU NGHỆ AN
522,CÔNG TY TNHH BẤT ĐỘNG SẢN NOVA RIVERSIDE
523,CÔNG TY CỔ PHẦN NOVA RICHSTAR
524,CÔNG TY CỔ PHẦN ĐẦU TƯ VÀ THƯƠNG MẠI NHÀ RỒNG
525,CÔNG TY CỔ PHẦN KINH DOANH BẤT ĐỘNG SẢN THÁI BÌNH
526,CÔNG TY TNHH DẦU THỰC VẬT DABACO
527,CÔNG TY TNHH DABACO BÌNH PHƯỚC
528,CÔNG TY TNHH LỢN GIỐNG HẠT NHÂN DABACO
529,CÔNG TY TNHH MỘT THÀNH VIÊN LỢN GIỐNG LẠC VỆ
530,CÔNG TY TNHH ĐẦU TƯ VÀ PHÁT TRIỂN CHĂN NUÔI GIA CÔNG
531,CÔNG TY TNHH ĐẦU TƯ PHÁT TRIỂN CHĂN NUÔI LỢN DABACO
532,XIBANTRONICS TRADING COMPANY LTD.
533,FUNDACIÓN PARA LA EDUCACIÓN Y EL DESARROLLO TECNOLÓGICO
534,"INTELIGENCIA OPERACIONAL PARA LA INGENIERÍA, S.L."
535,CÔNG TY CỔ PHẦN CAO SU BẢO LÂM
536,CÔNG TY CỔ PHẦN CAO SU TÂN BIÊN - KAMPONGTHOM
537,CÔNG TY TNHH ĐẦU TƯ VÀ PHÁT TRIỂN BẤT ĐỘNG SẢN 350
538,CÔNG TY CỔ PHẦN BẤT ĐỘNG SẢN ĐỈNH PHÁT
539,CÔNG TY CỔ PHẦN NOVA PRINCESS RESIDENCE
540,CÔNG TY TNHH MERUFA - NOVA
541,CÔNG TY TNHH ĐẦU TƯ VÀ PHÁT TRIỂN BẤT ĐỘNG SẢN NOVA PHÚC NGUYÊN
542,CÔNG TY TNHH DABACO TUYÊN QUANG
543,CÔNG TY TNHH LỢN GIỐNG DABACO LƯƠNG TÀI
544,CÔNG TY TNHH LỢN GIỐNG DABACO HÀ TĨNH
545,CÔNG TY TNHH LỢN GIỐNG DABACO HẢI PHÒNG
546,CÔNG TY TNHH LỢN GIỐNG DABACO HÀ NAM
547,CÔNG TY TNHH LỢN GIỐNG DABACO PHÚ THỌ
548,CÔNG TY TNHH MỘT THÀNH VIÊN GÀ GIỐNG DABACO
549,CÔNG TY CỔ PHẦN QUẢN LÝ QUỸ PVI
550,CÔNG TY TNHH DỊCH VỤ VÀ KINH DOANH VINFAST
551,MARCHA TECHNOLOGY S.L.
552,CÔNG TY CỔ PHẦN CAO SU BÀ RỊA - KOMPONG THOM
553,CÔNG TY CỔ PHẦN KHU CÔNG NGHIỆP AN ĐIỀN
554,CÔNG TY CỔ PHẦN CAO ỐC PHƯƠNG ĐÔNG
555,CÔNG TY CỔ PHẦN ĐẦU TƯ NGỌC LINH HOA
556,CÔNG TY CỔ PHẦN ĐẦU TƯ BẤT ĐỘNG SẢN VƯƠNG GIA
557,CÔNG TY CỔ PHẦN ĐỊA ỐC NHẬT HOA
558,CÔNG TY TNHH MỘT THÀNH VIÊN THƯƠNG MẠI HIỆP QUANG
559,CÔNG TY TNHH DỊCH VỤ THƯƠNG MẠI BẮC NINH
560,CÔNG TY TNHH CHẾ BIẾN THỰC PHẨM DABACO
561,CÔNG TY TNHH NÔNG NGHIỆP CÔNG NGHỆ CAO DABACO
562,CÔNG TY TNHH ĐẦU TƯ XÂY DỰNG VÀ PHÁT TRIỂN HẠ TẦNG DABACO
563,CÔNG TY CỔ PHẦN THỂ THAO CAO SU PHÚ RIỀNG
564,CÔNG TY CỔ PHẦN CƠ KHÍ CAO SU
565,CÔNG TY CỔ PHẦN THE PRINCE RESIDENCE
566,CÔNG TY TNHH NOVA RIVERGATE
567,CÔNG TY CỔ PHẦN ĐỊA ỐC THÀNH NHƠN
568,CÔNG TY CỔ PHẦN SÀI GÒN GÔN
569,CÔNG TY TNHH ĐẦU TƯ VÀ PHÁT TRIỂN BẤT ĐỘNG SẢN CQ89
570,CÔNG TY CỔ PHẦN VRG - ĐAK NÔNG
571,CÔNG TY CỔ PHẦN CAO SU VIỆT LÀO
572,CÔNG TY CỔ PHẦN ĐẦU TƯ VÀ PHÁT TRIỂN QUỐC TẾ THẾ KỶ 21
573,CÔNG TY TNHH ĐẦU TƯ VÀ PHÁT TRIỂN BẤT ĐỘNG SẢN SUN CITY
574,CÔNG TY CỔ PHẦN NGÔI NHÀ MEGA
575,CÔNG TY TNHH MEGA TIE
576,CÔNG TY CỔ PHẦN PHÁT TRIỂN NHÀ Ở VÀ HẠ TẦNG SÀI GÒN
577,CÔNG TY CỔ PHẦN CAO SU ĐỒNG NAI - KRATIE
578,CÔNG TY CỔ PHẦN CAO SU DẦU TIẾNG LÀO CAI
579,CÔNG TY TNHH BẤT ĐỘNG SẢN PHÚC BÌNH
580,CÔNG TY CỔ PHẦN NOVA FESTIVAL
581,CÔNG TY TNHH NOVA NAM Á
582,CÔNG TY CỔ PHẦN ĐẦU TƯ ĐỊA ỐC NO VA
583,CÔNG TY CỔ PHẦN THỰC PHẨM PAN (PAN FOOD)
584,CÔNG TY CỔ PHẦN PHÂN PHỐI HÀNG TIÊU DÙNG PAN (PAN CG)
585,CÔNG TY CỔ PHẦN CHẾ BIẾN THỰC PHẨM PAN (PFM)
586,CÔNG TY CỔ PHẦN BIBICA
587,CÔNG TY CỔ PHẦN ĐẦU TƯ XÂY DỰNG CAO SU PHÚ THỊNH
588,CÔNG TY CỔ PHẦN GỖ MDF VRG QUẢNG TRỊ
589,CÔNG TY TNHH NOVA SAGEL
590,CÔNG TY CỔ PHẦN CẢNG PHÚ ĐỊNH
591,CÔNG TY CỔ PHẦN KHÁCH SẠN DU LỊCH THANH NIÊN VŨNG TÀU
592,CÔNG TY CỔ PHẦN PHÁT TRIỂN ĐÔ THỊ KỶ NGUYÊN
593,CÔNG TY TNHH ĐẦU TƯ VÀ PHÁT TRIỂN ĐỊA ỐC GIA HUY
594,CÔNG TY CỔ PHẦN ĐẦU TƯ BẤT ĐỘNG SẢN PHONG ĐIỀN
595,CÔNG TY CỔ PHẦN PAN FARM
596,CÔNG TY CỔ PHẦN CHẾ BIẾN HÀNG XUẤT KHẨU LONG AN
597,CÔNG TY CỔ PHẦN CÀ PHÊ GOLDEN BEANS (GOLDENS BEAN)
598,CÔNG TY CỔ PHẦN THỦY SẢN 584 NHA TRANG
599,CÔNG TY CỔ PHẦN XUẤT NHẬP KHẨU THỦY SẢN BẾN TRE
600,CÔNG TY CỔ PHẦN PAN-HULIC (PAN-HULIC)
601,CÔNG TY CỔ PHẦN THỰC PHẨM SAO TA 
602,CÔNG TY CỔ PHẦN TẬP ĐOÀN GIỐNG CÂY TRỒNG VIỆT NAM
603,CÔNG TY CỔ PHẦN CÔNG NGHIỆP VÀ XUẤT NHẬP KHẨU CAO SU
604,CÔNG TY CỔ PHẦN VRG BẢO LỘC
605,CÔNG TY CỔ PHẦN THỦY ĐIỆN VRG NGỌC LINH
606,CÔNG TY CỔ PHẦN NHỰA AN PHÁT XANH
607,CÔNG TY CỔ PHẦN NHỰA HÀ NỘI
608,CÔNG TY CỔ PHẦN AN TIẾN INDUSTRIES
609,CÔNG TY CỔ PHẦN THỦY ĐIỆN GERUCO SÔNG CÔN
610,CÔNG TY CỔ PHẦN XÂY DỰNG SỐ 4
611,CÔNG TY TNHH MỘT THÀNH VIÊN GIÁO DỤC LÝ THÁI TỔ
612,CÔNG TY TNHH BOHEMIA
613,CÔNG TY CỔ PHẦN BẤT ĐỘNG SẢN VINACONEX
614,CÔNG TY CỔ PHẦN BÁCH THIÊN LỘC
615,CÔNG TY CỔ PHẦN VINACONEX DUNG QUẤT
616,CÔNG TY CỔ PHẦN KHU CÔNG NGHIỆP LONG KHÁNH
617,CÔNG TY CỔ PHẦN KHU CÔNG NGHIỆP DẦU GIÂY
618,CÔNG TY CỔ PHẦN XÂY DỰNG SỐ 1
619,CÔNG TY CỔ PHẦN XÂY DỰNG SỐ 17
620,CÔNG TY CỔ PHẦN VINACONEX SÀI GÒN
621,CÔNG TY CỔ PHẦN XÂY DỰNG VINACONEX ĐÀ NẴNG
622,CÔNG TY CỔ PHẦN VINACONEX 25
623,CÔNG TY CỔ PHẦN VINACONEX 27
624,CÔNG TY CỔ PHẦN XÂY DỰNG VÀ XUẤT NHẬP KHẨU QUYẾT THẮNG
625,CÔNG TY CỔ PHẦN PHÂN VI SINH QUẢNG TRỊ
626,CÔNG TY CỔ PHẦN CAO SU PHÚ RIỀNG - KRATIE
627,CÔNG TY CỔ PHẦN PHÁT TRIỂN THƯƠNG MẠI VINACONEX
628,CÔNG TY CỔ PHẦN XÂY DỰNG VINACONEX SỐ 16
629,CÔNG TY CỔ PHẦN VIMECO
630,CÔNG TY CỔ PHẦN ĐẦU TƯ VÀ PHÁT TRIỂN DU LỊCH VINACONEX
631,CÔNG TY CỔ PHẦN VINACONSULT
632,CÔNG TY CỔ PHẦN ĐẦU TƯ XÂY DỰNG VÀ KINH DOANH NƯỚC SẠCH VIWACO
633,CÔNG TY CỔ PHẦN SIÊU THỊ VÀ XUẤT NHẬP KHẨU THƯƠNG MẠI VIỆT NAM
634,CÔNG TY CỔ PHẦN ĐẦU TƯ PHÁT TRIỂN ĐIỆN MIỀN BẮC 2
635,CÔNG TY TNHH VINCOM RETAIL MIỀN BẮC
636,CÔNG TY TNHH VINCOM RETAIL MIỀN NAM
637,CÔNG TY CỔ PHẦN ĐẦU TƯ VÀ PHÁT TRIỂN ĐÔ THỊ SUỐI HOA
638,CÔNG TY TNHH THƯƠNG MẠI VÀ DỊCH VỤ KIDO
639,CÔNG TY TNHH MỘT THÀNH VIÊN THỰC PHẨM KIDO
640,TỔNG CÔNG TY CÔNG NGHIỆP DẦU THỰC VẬT VIỆT NAM - CÔNG TY CỔ PHẦN
641,CÔNG TY DẦU ĂN GOLDEN HOPE NHÀ BÈ
642,CÔNG TY CỔ PHẦN THỰC PHẨM ĐÔNG LẠNH KIDO
643,CÔNG TY CỔ PHẦN DẦU THỰC VẬT TƯỜNG AN
644,CÔNG TY CỔ PHẦN BAO BÌ DẦU THỰC VẬT
645,CÔNG TY CỔ PHẦN CHẾ BIẾN GỖ CAO SU ĐỒNG NAI
646,CÔNG TY TNHH PHÁT TRIỂN CAO SU PHƯỚC HÒA KAMPONG THOM
647,CÔNG TY CỔ PHẦN NHÂN LỰC VÀ THƯƠNG MẠI VINACONEX
648,CÔNG TY CỔ PHẦN ĐẦU TƯ NƯỚC SẠCH SÔNG ĐÀ
649,CÔNG TY CỔ PHẦN CAO SU PHƯỚC HÒA
650,CÔNG TY TNHH CAO SU PHƯỚC HÒA ĐẮK LẮK
651,CÔNG TY TNHH CAO SU & LÂM NGHIỆP PHƯỚC HÒA - ĐẮK LẮK
652,CÔNG TY CỔ PHẦN TNHH MỘT THÀNH VIÊN THƯƠNG MẠI HABECO
653,CÔNG TY CỔ PHẦN BIA HÀ NỘI - QUẢNG TRI
654,CÔNG TY CỔ PHẦN ĐẦU TƯ PHÁT TRIỂN CÔNG NGHỆ BIA RƯỢU NƯỚC GIẢI KHÁT HÀ NỘI
655,CÔNG TY CỔ PHẦN BAO BÌ BIA RƯỢU NƯỚC GIẢI KHÁT
656,CÔNG TY CỔ PHẦN BIA HÀ NỘI - THÁI BÌNH
657,CÔNG TY CỔ PHẦN PHÂN BÓN VÀ HÓA CHẤT DẦU KHÍ MIỀN BẮC
658,CÔNG TY CỔ PHẦN PHÂN BÓN VÀ HÓA CHẤT DẦU KHÍ MIỀN TRUNG
659,CÔNG TY CỔ PHẦN PHÂN BÓN VÀ HÓA CHẤT DẦU KHÍ ĐÔNG NAM BỘ
660,CÔNG TY CỔ PHẦN PHÂN BÓN VÀ HÓA CHẤT DẦU KHÍ TÂY NAM BỘ
661,CÔNG TY CỔ PHẦN THỂ THAO NGÔI SAO GERU
662,CÔNG TY CỔ PHẦN BIA HÀ NỘI - HẢI PHÒNG
663,CÔNG TY CỔ PHẦN BIA HÀ NỘI - QUẢNG BÌNH
664,CÔNG TY CỔ PHẦN THƯƠNG MẠI BIA HÀ NỘI
665,CÔNG TY CỔ PHẦN BIA HÀ NỘI - THANH HÓA
666,CÔNG TY CỔ PHẦN BIA HÀ NỘI - HẢI DƯƠNG
667,CÔNG TY CỔ PHẦN RƯỢU VÀ NƯỚC GIẢI KHÁT HÀ NỘI
668,CÔNG TY CỔ PHẦN BIA HÀ NỘI - HỒNG HÀ
669,CÔNG TY CỔ PHẦN CAO SU ĐỒNG PHÚ KRATIE
670,CÔNG TY CỔ PHẦN BIA THƯƠNG MẠI HÀ NỘI - QUẢNG NINH
671,CÔNG TY CỔ PHẦN BIA HÀ NỘI - NGHỆ AN
672,CÔNG TY CỔ PHẦN BIA HÀ NỘI - NAM ĐỊNH
673,CÔNG TY CỔ PHẦN HABECO - HẢI PHÒNG
674,CÔNG TY CỔ PHẦN CƠ KHÍ VẬN TẢI CAO SU DẦU TIẾNG
675,CÔNG TY CỔ PHẦN GỖ DẦU TIẾNG
676,CÔNG TY TNHH BẢO VỆ THỰC VẬT AN GIANG - CAMPUCHIA
677,CÔNG TY TNHH MỘT THÀNH VIÊN LƯƠNG THỰC VĨNH BÌNH
678,CÔNG TY TNHH MỘT THÀNH VIÊN LƯƠNG THỰC THOẠI SƠN
679,CÔNG TY TNHH MỘT THÀNH VIÊN LƯƠNG THỰC TÂN HỒNG
680,CÔNG TY TNHH MỘT THÀNH VIÊN LƯƠNG THỰC VĨNH HƯNG
681,CÔNG TY TNHH MỘT THÀNH VIÊN LƯƠNG THỰC VĨNH LỘC
682,CÔNG TY TNHH MỘT THÀNH VIÊN LƯƠNG THỰC VĨNH AN
683,CÔNG TY TNHH MỘT THÀNH VIÊN PHÂN HỮU CƠ ÂN THỊNH ĐIỀN
684,CÔNG TY TNHH MỘT THÀNH VIÊN CÀ PHÊ HƯƠNG VỊ TRỜI
685,CÔNG TY TNHH NGHIÊN CỨU VÀ SẢN XUẤT GIỐNG ỨNG DỤNG CÔNG NGHỆ CAO HƯNG THỊNH
686,CÔNG TY TÂY NINH - SIÊM RIỆP PHÁT TRIỂN CAO SU
687,CÔNG TY CỔ PHẦN CAO SU TÂY NINH
688,CÔNG TY TNHH TRÍCH LY DẦU CÁM VĨNH HÒA
689,CÔNG TY CỔ PHẦN LỘC TRỜI - VIÊN THỊ
690,CÔNG TY CỔ PHẦN ĐỊA ỐC AN GIANG
691,CÔNG TY CỔ PHẦN VẬN TẢI DẦU KHÍ VŨNG TÀU (PV TRANS VŨNG TÀU)
692,CÔNG TY CỔ PHẦN VẬN TẢI XĂNG DẦU PHƯƠNG NAM
693,CÔNG TY CỔ PHẦN VẬN TẢI SẢN PHẨM KHÍ QUỐC TẾ
694,CÔNG TY CỔ PHẦN VẬN TẢI DẦU KHÍ THÁI BÌNH DƯƠNG
695,CÔNG TY CỔ PHẦN VẬN TẢI DẦU PHƯƠNG ĐÔNG VIỆT
696,CÔNG TY CỔ PHẦN VẬN TẢI NHẬT VIỆT
697,CÔNG TY CỔ PHẦN VẬN TẢI DẦU KHÍ QUẢNG NGÃI
698,CÔNG TY CỔ PHẦN VẬN TẢI DẦU KHÍ HÀ NỘI (PV TRANS HÀ NỘI)
699,CÔNG TY CỔ PHẦN VẬN TẢI DẦU KHÍ ĐÔNG DƯƠNG
700,CÔNG TY CỔ PHẦN CHẾ BIẾN GỖ THUẬN AN
701,CÔNG TY CỔ PHẦN TÍN NGHĨA LÀO
702,CÔNG TY TNHH ĐẦU TƯ KHU CÔNG NGHIÊP TÍN NGHĨA
703,CÔNG TY CỔ PHẦN LOGISTICS TÍN NGHĨA - ICD BIÊN HÒA
704,CÔNG TY CỔ PHẦN DỊCH VỤ BẢO VỆ CHUYÊN NGHIỆP TÍN NGHĨA
705,CÔNG TY CỔ PHẦN KHU CÔNG NGHIỆP TÍN NGHĨA - PHƯƠNG ĐÔNG
706,CÔNG TY CỔ PHẦN THƯƠNG MẠI VÀ XÂY DỰNG PHƯỚC TÂN
707,CÔNG TY CỔ PHẦN PHÁT TRIỂN DOANH NGHIỆP NHỎ VÀ VỪA NHẬT BẢN
708,CÔNG TY CỔ PHẦN XĂNG DẦU TÍN NGHĨA
709,CÔNG TY CỔ PHẦN CHẾ BIẾN XUẤT NHẬP KHẨU NÔNG SẢN ĐỒNG NAI
710,CÔNG TY CỔ PHẦN ĐẦU TƯ NHƠN TRẠCH
711,CÔNG TY CỔ PHẦN KHU CÔNG NGHIỆP TÂN BÌNH
712,CÔNG TY CỔ PHẦN CAO SU ĐỒNG PHÚ
713,CÔNG TY CỔ PHẦN ĐẦU TƯ TÍN NGHĨA Á CHÂU
714,CÔNG TY CỔ PHẦN PHÁT TRIỂN KHU CÔNG NGHIỆP TÍN NGHĨA
715,CÔNG TY CỔ PHẦN KHU CÔNG NGHIỆP CAO SU BÌNH LONG
716,CÔNG TY CỔ PHẦN AN TIẾN INDUSTRIES
717,CÔNG TY CỔ PHẦN KHU CÔNG NGHIỆP KỸ THUẬT CAO AN PHÁT 1
718,CÔNG TY CỔ PHẦN AN THÀNH BICSOL
719,CÔNG TY TNHH AN THÀNH BICSOL SINGAPORE PTE
720,CÔNG TY CỔ PHẦN NHỰA BAO BÌ AN VINH
721,CÔNG TY CỔ PHẦN LIÊN VẬN AN TÍN
722,CÔNG TY TNHH KHU CÔNG NGHIỆP KỸ THUẬT CAO AN PHÁT
723,CÔNG TY CỔ PHẦN CAO SU TRƯỜNG PHÁT
724,CÔNG TY CỔ PHẦN CAO SU HÒA BÌNH
725,CÔNG TY CỔ PHẦN ĐẦU TƯ XÂY DỰNG CẦU ĐỒNG NAI
726,CÔNG TY TNHH BÊ TÔNG ĐÚC SẴN VINA PSMC
727,CÔNG TY CỔ PHẦN XÂY DỰNG SỐ MỘT - VIỆT HƯNG
728,CÔNG TY CỔ PHẦN XÂY DỰNG SỐ MỘT - VIỆT QUANG
729,CÔNG TY CỔ PHẦN  XÂY DỰNG SỐ MỘT - VIỆT NGUYÊN
730,CÔNG TY CỔ PHẦN KINH DOANH BẤT ĐỘNG SẢN CAO SU DẦU TIẾNG
731,CÔNG TY CỔ PHẦN VRG - KHẢI HOÀN
732,CÔNG TY TNHH MỘT THÀNH VIÊN VĨNH HOÀN COLLAGEN
733,CÔNG TY TNHH MỘT THÀNH VIÊN THANH BÌNH ĐỒNG THÁP
734,CÔNG TY TNHH MỘT THÀNH VIÊN THỰC PHẨM VĨNH PHƯỚC
735,CÔNG TY TNHH LƯƠNG THỰC VĨNH HOÀN 2
736,CÔNG TY CỔ PHẦN XUẤT NHẬP KHẨU SA GIANG 
737,CÔNG TY TNHH MỘT THÀNH VIÊN VĨNH HOÀN 4
738,CÔNG TY CỔ PHẦN ĐẦU TƯ VÀ XÂY DỰNG CẦU ĐƯỜNG BÌNH TRIỆU
739,CÔNG TY CỔ PHẦN ĐẦU TƯ CAO ỐC VĂN PHÒNG ĐIỆN BIÊN PHỦ
740,CÔNG TY TNHH MỘT THÀNH VIÊN DỊCH VỤ HẠ TẦNG CII
741,CÔNG TY TNHH MỘT THÀNH VIÊN ĐẦU TƯ KINH DOANH ĐỊA ỐC LỮ GIA
742,CÔNG TY TNHH MỘT THÀNH VIÊN BẮC THỦ THIÊM
743,CÔNG TY CỔ PHẦN ĐẦU TƯ HẠ TẦNG KỸ THUẬT VINAPHIL
744,CÔNG TY TNHH ĐÔ THỊ XANH SÀI GÒN LONG KHÁNH
745,CÔNG TY CỔ PHẦN CHẾ BIẾN VÀ XUẤT NHẬP KHẨU GỖ TÂY NINH
746,CÔNG TY CỔ PHẦN CAO SU HÀNG GÒN
747,CÔNG TY CỔ PHẦN XÂY DỰNG HẠ TẦNG CII
748,CÔNG TY CỔ PHẦN ĐẦU TƯ CẦU ĐƯỜNG CII
749,CÔNG TY CỔ PHẦN HẠ TẦNG NƯỚC SÀI GÒN
750,CÔNG TY CỔ PHẦN ĐẦU TƯ NĂM BẢY BẢY
751,CÔNG TY CỔ PHẦN XUẤT KHẨU CAO SU VRG NHẬT BẢN
752,CÔNG TY CỔ PHẦN CAO SU ĐỒNG PHÚ - ĐAK NÔNG
753,CÔNG TY CỔ PHẦN BỆNH VIỆN ĐA KHOA QUỐC TẾ BECAMEX
754,CÔNG TY CỔ PHẦN PHÁT TRIỂN HẠ TẦNG KỸ THUẬT 
755,CÔNG TY CỔ PHẦN BỆNH VIỆN MỸ PHƯỚC
756,CÔNG TY CỔ PHẦN KINH DOANH VÀ PHÁT TRIỂN BÌNH DƯƠNG
757,CÔNG TY CỔ PHẦN XÂY DỰNG VÀ GIAO THÔNG BÌNH DƯƠNG
758,ĐẠI HỌC QUỐC TẾ MIỀN ĐÔNG
759,CÔNG TY CỔ PHẦN PHÁT TRIỂN ĐÔ THỊ
760,CÔNG TY CỔ PHẦN CAO SU DẦU TIẾNG VIỆT LÀO
761,CÔNG TY CỔ PHẦN PHÂN BÓN THƯƠNG MẠI PHÚ THỊNH
762,CÔNG TY CỔ PHẦN PHÁT TRIỂN GIÁO DỤC MIỀN ĐÔNG
763,CÔNG TY CỔ PHẦN PHÁT TRIỂN ĐÔ THỊ VÀ KHU CÔNG NGHIỆP VIỆT NAM-SINGAPORE (VSIP JSC)
764,CÔNG TY CỔ PHẦN CÔNG NGHỆ & TRUYỀN THÔNG VIỆT NAM (VNTT)
765,CÔNG TY CỔ PHẦN CẤP THOÁT NƯỚC - MÔI TRƯỜNG BÌNH DƯƠNG
766,CÔNG TY CỔ PHẦN SETIA-BECAMEX
767,CÔNG TY CỔ PHẦN BECAMEX BÌNH PHƯỚC
768,CÔNG TY CỔ PHẦN DƯỢC PHẨM SAVI
769,CÔNG TY CỔ PHẦN THÉP VIỆT ĐỨC
770,CÔNG TY CỔ PHẦN KHU CÔNG NGHIỆP BẮC ĐỒNG PHÚ
771,CÔNG TY TNHH SẢN XUẤT GỖ CAO SU KON TUM
772,CÔNG TY TNHH BECAMEX TOKYU
773,CÔNG TY CỔ PHẦN DƯỢC BECAMEX
774,CÔNG TY CỔ PHẦN PHÁT TRIỂN CÔNG NGHIỆP BW
775,CÔNG TY CỔ PHẦN BẢO HIỂM HÙNG VƯƠNG
776,CÔNG TY CỔ PHẦN ĐẦU TƯ VÀ XÂY DỰNG BÌNH DƯƠNG ACC
777,CÔNG TY TNHH MỘT THÀNH VIÊN XÂY LẮP ĐIỆN 1 – ĐẠI MỖ
778,CÔNG TY CỔ PHẦN CAO SU KỸ THUẬT ĐỒNG PHÚ
779,CÔNG TY CỔ PHẦN GỖ ĐỒNG PHÚ
780,CÔNG TY TNHH MỘT THÀNH VIÊN XÂY LẮP ĐIỆN 1 – MIỀN NAM
781,CÔNG TY TNHH MỘT THÀNH VIÊN XÂY LẮP ĐIỆN 1 – HOÀNG MAI
782,CÔNG TY CỔ PHẦN SÔNG ĐÀ 4
783,CÔNG TY CỔ PHẦN SÔNG ĐÀ 6
784,CÔNG TY CỔ PHẦN SÔNG ĐÀ 5
785,CÔNG TY CỔ PHẦN KHU CÔNG NGHIỆP NAM TÂN UYÊN
786,CÔNG TY TNHH MỘT THÀNH VIÊN XÂY LẮP ĐIỆN 1 – MỸ ĐÌNH
787,CÔNG TY TNHH MỘT THÀNH VIÊN XÂY LẮP ĐIỆN 1 – MIỀN BẮC
788,CÔNG TY CỔ PHẦN SÔNG ĐÀ 10
789,CÔNG TY CỔ PHẦN THỦY ĐIỆN NẬM CHIẾN (SƠN LA)
790,CÔNG TY CỔ PHẦN SÔNG ĐÀ 9
791,CÔNG TY TNHH MỘT THÀNH VIÊN HẠ TẦNG SÔNG ĐÀ
792,CÔNG TY CỔ PHẦN TƯ VẤN SÔNG ĐÀ
793,CÔNG TY CỔ PHẦN SÔNG ĐÀ 3
794,CÔNG TY TNHH QUẢN LÝ NỢ VÀ KHAI THÁC TÀI SẢN NAM VIỆT NGÂN HÀNG
795,CÔNG TY CỔ PHẦN PHÁT TRIỂN ĐÔ THỊ VÀ KHU CÔNG NGHIỆP CAO SU VIỆT NAM
796,CÔNG TY TNHH MỘT THÀNH VIÊN XÂY LẮP ĐIỆN 1 – TỪ LIÊM
797,CÔNG TY TNHH MỘT THÀNH VIÊN XÂY LẮP ĐIỆN 1 – HÀ ĐÔNG
798,CÔNG TY TNHH MỘT THÀNH VIÊN XÂY LẮP ĐIỆN 1 – HÀ NỘI
799,CÔNG TY TNHH MỘT THÀNH VIÊN XÂY LẮP ĐIỆN 1 – NÀNG HƯƠNG
800,CÔNG TY TNHH MỘT THÀNH VIÊN XÂY LẮP ĐIỆN 1 - NINH BÌNH
801,CÔNG TY CỔ PHẦN THỦY ĐIỆN TRUNG THU
802,CÔNG TY CỔ PHẦN THƯƠNG MẠI ĐẦU TƯ TIẾN BỘ
803,CÔNG TY CỔ PHẦN PCCC & ĐTXÂY DỰNG SÔNG ĐÀ (HÀ NỘI)
804,CÔNG TY CỔ PHẦN ĐẦU TƯ PHÁT TRIỂN ĐIỆN SÊ SAN 3A (GIA LAI)
805,CÔNG TY CỔ PHẦN THỦY ĐIỆN CẦN ĐƠN
806,CÔNG TY CỔ PHẦN SÔNG ĐÀ 12
807,CÔNG TY CỔ PHẦN SÔNG ĐÀ 2
808,CÔNG TY CỔ PHẦN CƠ KHÍ - LẮP MÁY SÔNG ĐÀ
809,CÔNG TY CỔ PHẦN PHÁT TRIỂN NHÀ KHÁNH HÒA
810,CÔNG TY CỔ PHẦN ĐẦU TƯ ĐỊA ỐC MỸ ĐÌNH
811,CÔNG TY CỔ PHẦN CƠ KHÍ Ô TÔ HÒA BÌNH
812,CÔNG TY CỔ PHẦN THỦY ĐIỆN BẢO LÂM
813,CÔNG TY CỔ PHẦN ĐẦU TƯ NĂNG LƯỢNG MIỀN BẮC
814,CÔNG TY TNHH CHẾ TẠO CỘT THÉP ĐÔNG ANH
815,CÔNG TY CỔ PHẦN LẮP MÁY CÔNG NGHIỆP VIỆT NAM
816,CÔNG TY TNHH MỘT THÀNH VIÊN QUẢN LÝ NỢ VÀ KHAI THÁC TÀI SẢN-NGÂN HÀNG THƯƠNG MẠI CỔ PHẦN VIỆT NAM THƯƠNG TÍN (VIETBANKAMC)
817,CÔNG TY TNHH THƯƠNG MẠI DỊCH VỤ XÂY DỰNG TÍN HIỆU XANH
818,CÔNG TY TNHH QUẢN LÝ & KHAI THÁC BẤT ĐỘNG SẢN REE
819,CÔNG TY CỔ PHẦN ĐIỆN MÁY R.E.E
820,CÔNG TY CỔ PHẦN DỊCH VỤ & KỸ THUẬT CƠ ĐIỆN LẠNH R.E.E (REE ME)
821,CÔNG TY TNHH THƯƠNG MẠI & DỊCH VỤ RMC
822,EASTRADE INTERNATIONAL LTD
823,CÔNG TY CỔ PHẦN BẤT ĐỘNG SẢN R.E.E
824,CÔNG TY CỔ PHẦN ĐẦU TƯ VÀ KINH DOANH NƯỚC SẠCH VIỆT NAM
825,CÔNG TY CỔ PHẦN BẤT ĐỘNG SẢN SONG MAI
826,CÔNG TY CỔ PHẦN VĨNH THỊNH
827,CÔNG TY CỔ PHẦN HẠ TẦNG VÀ BẤT ĐỘNG SẢN VIỆT NAM
828,CÔNG TY CỔ PHẦN PHÁT TRIỂN ĐIỆN NÔNG THÔN TRÀ VINH
829,CÔNG TY CỔ PHẦN THỦY ĐIỆN THÁC BÀ
830,CÔNG TY CỔ PHẦN CẤP NƯỚC THỦ ĐỨC
831,CÔNG TY CỔ PHẦN Ô TÔ PHÚ MỸ
832,CÔNG TY CỔ PHẦN AUTO TRƯỜNG CHINH
833,CÔNG TY CỔ PHẦN CITY AUTO VŨNG TÀU
834,CÔNG TY CỔ PHẦN Ô TÔ NHA TRANG
835,CÔNG TY CỔ PHẦN THƯƠNG MẠI DỊCH VỤ KIÊN GIANG
836,CÔNG TY CỔ PHẦN DƯỢC PHẨM TRUNG ƯƠNG CODUPHA
837,CÔNG TY CỔ PHẦN DƯỢC PHẨM TRUNG ƯƠNG CỔ PHẦNCI
838,CÔNG TY CỔ PHẦN DƯỢC TRUNG ƯƠNG 3
839,CÔNG TY TNHH MỘT THÀNH VIÊN SƠN HÀ SSP VIỆT NAM
840,CÔNG TY TNHH MỘT THÀNH VIÊN SƠN HÀ NGHỆ AN
841,CÔNG TY TNHH MỘT THÀNH VIÊN THIẾT BỊ GIA DỤNG  SƠN HÀ BẮC NINH
842,CÔNG TY TNHH MỘT THÀNH VIÊN KINH DOANH VÀ PHÁT TRIỂN DỊCH VỤ SƠN HÀ MIỀN BẮC
843,CÔNG TYY TNHH MỘT THÀNH VIÊN TOÀN MỸ MIỀN TRUNG
844,CÔNG TY TNHH QUẢN LÝ VẬN HÀNH VÀ KINH DOANH NƯỚC SẠCH  SƠN HÀ
845,CÔNG TY TNHH MỘT THÀNH VIÊN THIẾT BỊ NHÀ BẾP SƠN HÀ
846,CÔNG TY CỔ PHẦN ĐIỆN MẶT TRỜI SƠN HÀ FREE SOLAR
847,CÔNG TY CỔ PHẦN TỔNG CÔNG TY TOÀN MỸ (THƯƠNG MẠIY)
848,CÔNG TY CỔ PHẦN KINH DOANH VÀ PHÁT TRIỂN DỰ ÁN SƠN HÀ
849,CÔNG TY CỔ PHẦN CÔNG NGHỆ XỬ LÝ NƯỚC VÀ MÔI TRƯỜNG SƠN HÀ
850,CÔNG TY CỔ PHẦN SẢN XUẤT VÀ DỊCH VỤ SƠN HÀ
851,CÔNG TY CỔ PHẦN CẤP THOÁT NƯỚC LẠNG SƠN
852,CÔNG TY CỔ PHẦN PHÁT TRIỂN NĂNG LƯỢNG SƠN HÀ
853,SONHA MYANMAR INTERNATIONAL LIMITED
854,CÔNG TY TNHH MỘT THÀNH VIÊN TOYOTA ĐÀ NẴNG
855,CÔNG TY TNHH MỘT THÀNH VIÊN TOYOTA BÌNH ĐỊNH
856,CÔNG TY TNHH MỘT THÀNH VIÊN BẤT ĐỘNG SẢN PHÚ TÀI
857,CÔNG TY TNHH ĐÁ GRANITE THÀNH CHÂU PHÚ YÊN
858,CÔNG TY TNHH MỘT THÀNH VIÊN TUẤN ĐẠT
859,CÔNG TY TNHH MỘT THÀNH VIÊN PHÚ TÀI ĐỒNG NAI
860,CÔNG TY CỔ PHẦN SẢN XUẤT THƯƠNG MẠI VÀ DỊCH VỤ Ô TÔ PTHƯƠNG MẠI
861,CÔNG TY CỔ PHẦN CƠ KHÍ Ô TÔ CẦN THƠ
862,CÔNG TY CỔ PHẦN MÔI TRƯỜNG SONADEZI
863,CÔNG TY CỔ PHẦN CẤP NƯỚC ĐỒNG NAI
864,CÔNG TY CỔ PHẦN ĐẦU TƯ XÂY DỰNG VÀ VẬT LIỆU ĐỒNG NAI
865,CÔNG TY CỔ PHẦN SONADEZI LONG THÀNH
866,CÔNG TY CỔ PHẦN SONADEZI GIANG ĐIỀN
867,CÔNG TY CỔ PHẦN CẢNG ĐỒNG NAI
868,CÔNG TY CỔ PHẦN PHÁT TRIỂN ĐÔ THỊ CÔNG NGHIỆP SỐ 2
869,CÔNG TY CỔ  PHẦN  HANSSEM
870,CÔNG TY CỔ PHẦN VINA G7
871,CÔNG TY SẢN XUẤT ĐÁ GRANIT TNHH
872,CÔNG TY CỔ PHẦN ĐÁ UNIVERSAL
873,CÔNG TY CỔ PHẦN VẬT LIỆU XÂY DỰNG PHÚ YÊN
874,CÔNG TY CỔ PHẦN PHÁT TRIỂN KINH DOANH THƯƠNG MẠI SÀI GÒN 168
875,CÔNG TY CỔ PHẦN ĐẦU TƯ GIÁO DỤC THIÊN NAM
876,CÔNG TY TNHH CÔNG NGHỆ PHẨM THIÊN NAM
877,CÔNG TY ĐẦU TƯ QUỐC TẾ HÀ ĐÔ
878,CÔNG TY TNHH MỘT THÀNH VIÊN QUẢN LÝ- VẬN HÀNH- KHAI THÁC BẤT ĐỘNG SẢN HÀ ĐÔ
879,CÔNG TY CỔ PHẦN ĐẦU TƯ BẤT ĐỘNG SẢN BÌNH AN RIVERSIDE
880,CÔNG TY CỔ PHẦN HÀ ĐÔ BÌNH THUẬN
881,CÔNG TY CỔ PHẦN HÀ ĐÔ NINH THUẬN
882,CÔNG TY CỔ PHẦN ĐẦU TƯ KHÁNH HÀ
883,CÔNG TY CỔ PHẦN IBS VIỆT NAM
884,CÔNG TY CỔ PHẦN THƯƠNG MẠI XĂNG DẦU VIỆT NAM (VINAPETRO)
885,CÔNG TY CỔ PHẦN HÀ ĐÔ - 756 SÀI GÒN
886,CÔNG TY TNHH HỖN HỢP DỊCH VỌNG
887,CÔNG TY CỔ PHẦN THIẾT BỊ GIÁO DỤC 1
888,CÔNG TY TNHH MỘT THÀNH VIÊN PHÁT TRIỂN ĐÔ THỊ VÀ KHU CÔNG NGHIỆP IDICO
889,CÔNG TY TNHH MỘT THÀNH VIÊN XÂY DỰNG IDICO
890,CÔNG TY CỔ PHẦN ĐẦU TƯ XÂY DỰNG SỐ 10 IDICO
891,CÔNG TY CỔ PHẦN ĐẦU TƯ XÂY DỰNG THÁI BÌNH IDICO
892,CÔNG TY CỔ PHẦN ĐẦU TƯ XÂY DỰNG VÀ PHÁT TRIỂN VẬT LIỆU IDICO 
893,CÔNG TY TNHH TỔNG CÔNG TY CÔNG NGHỆ VÀ GIẢI PHÁP CMC
894,CÔNG TY TNHH CÔNG NGHỆ VÀ GIẢI PHÁP CMC SÀI GÒN
895,CÔNG TY TNHH SẢN XUẤT VÀ DỊCH VỤ CMC
896,VIỆN NGHIÊN CỨU VÀ ỨNG DỤNG CÔNG NGHỆ CMC
897,CÔNG TY TNHH CMC ĐÀ NẴNG
898,CÔNG TY CỔ PHẦN CMC JAPAN
899,CÔNG TY TNHH CMC CHÂU Á THÁI BÌNH DƯƠNG
900,CÔNG TY TNHH CMC GLOBAL
901,CÔNG TY CỔ PHẦN TƯ VẤN ĐẦU TƯ IDICO
902,CÔNG TY CỔ PHẦN ĐẦU TƯ PHÁT TRIỂN NHÀ VÀ ĐÔ THỊ IDICO
903,CÔNG TY CỔ PHẦN IDICO TIỀN GIANG
904,CÔNG TY CỔ PHẦN ĐẦU TƯ PHÁT TRIỂN ĐÔ THỊ VÀ KHU CÔNG NGHIỆP QUẾ VÕ IDICO (IDICO-QUEVO)
905,CÔNG TY CỔ PHẦN THỦY ĐIỆN SROK PHU MIÊNG IDICO
906,CÔNG TY CỔ PHẦN ĐẦU TƯ XÂY DỰNG DẦU KHÍ IDICO
907,CÔNG TY CỔ PHẦN ĐẦU TƯ XÂY DỰNG LONG AN IDICO
908,CÔNG TY TNHH SẢN XUẤT VÀ THƯƠNG MẠI CMC
909,CÔNG TY TNHH AN NINH AN TOÀN THÔNG TIN CMC
910,CÔNG TY CỔ PHẦN HẠ TẦNG VIỄN THÔNG CMC
911,CÔNG TY CỔ PHẦN LIÊN DOANH CMC CIBER (CMC CIBER)
912,CÔNG TY CỔ PHẦN NHỰA THIẾU NIÊN TIỀN PHONG MIỀN TRUNG
913,CÔNG TY TNHH BẤT ĐỘNG SẢN TIỀN PHONG
914,CÔNG TY CỔ PHẦN XÂY DỰNG ĐỊA ỐC THỊNH PHÁT
915,CÔNG TY CỔ PHẦN XÂY DỰNG THỊNH HIỆP
916,CÔNG TY CỔ PHẦN TẬP ĐOÀN BẤT ĐỘNG SẢN CRV
917,CÔNG TY CỔ PHẦN ĐẦU TƯ DỊCH VỤ HOÀNG HUY
918,CÔNG TY TNHH MỘT THÀNH VIÊN HÀO KHANG
919,CÔNG TY TNHH MỘT THÀNH VIÊN ĐẦU TƯ KINH DOANH NHÀ KHANG PHÚC
920,CÔNG TY TNHH ĐẦU TƯ PHÁT TRIỂN BCCI
921,CÔNG TY TNHH PHÁT TRIỂN NHÀ VÀ XÂY DỰNG HẠ TẦNG LONG PHƯỚC ĐIỀN
922,CÔNG TY TNHH KINH DOANH ĐỊA ỐC GIA PHƯỚC
923,CÔNG TY TNHH ĐẦU TƯ KINH DOANH BẤT ĐỘNG SẢN SAPHIRE
924,CÔNG TY TNHH ĐẦU TƯ KINH DOANH BẤT ĐỘNG SẢN KIM PHÁT
925,CÔNG TY TNHH ĐẦU TƯ VÀ KINH DOANH ĐỊA ỐC TRÍ KIỆT
926,CÔNG TY TNHH TƯ VẤN QUỐC TẾ
927,CÔNG TY TNHH ĐẦU TƯ THÀNH PHÚC
928,CÔNG TY TNHH ĐÔ THỊ MÊGA
929,CÔNG TY CỔ PHẦN KINH DOANH BẤT ĐỘNG SẢN SÀI GÒN MÙA XUÂN
930,CÔNG TY CỔ PHẦN ĐẦU TƯ VÀ KINH DOANH BẤT ĐỘNG SẢN TRÍ MINH
931,CÔNG TY TNHH XÂY DỰNG VÀ KINH DOANH NHÀ THÁP MƯỜI
932,CÔNG TY TNHH ĐT KD BẤT ĐỘNG SẢN BÌNH TRƯNG
933,CÔNG TY TNHH ĐẦU TƯ BẤT ĐỘNG SẢN NGUYÊN PHÁT
934,CÔNG TY TNHH PHÁT TRIỂN BẤT ĐỘNG SẢN PHÚ HẢI
935,CÔNG TY TNHH PHÁT TRIỂN BẤT ĐỘNG SẢN NAM THÔNG
936,CÔNG TY TNHH ĐẦU TƯ VÀ KINH DOANH BẤT ĐỘNG SẢN LIÊN MINH
937,CÔNG TY TNHH ĐẦU TƯ VÀ KINH DOANH BẤT ĐỘNG SẢN SONG LẬP
938,CÔNG TY TNHH MỘT THÀNH VIÊN QUẢN LÝ NỢ & KHAI THÁC TÀI SẢN NGÂN HÀNG THƯƠNG MẠI CỔ PHẦN BẢN VIỆT
939,CÔNG TY CỔ PHẦN VI LA
940,CÔNG TY CỔ PHẦN VIỆT HỮU PHÚ
941,CÔNG TY TNHH PHÁT TRIỂN BẤT ĐỘNG SẢN NAM PHÚ
942,CÔNG TY CỔ PHẦN BẤT ĐỘNG SẢN THỦY SINH
943,CÔNG TY TNHH ĐẦU TƯ VÀ KINH DOANH BẤT ĐỘNG SẢN KHÔNG GIAN XANH
944,CÔNG TY TNHH ĐẦU TƯ ĐỊA ỐC MINH PHÁT
945,CÔNG TY CỔ PHẦN CƠ KHÍ VÀ XÂY DỰNG BÌNH TRIỆU
946,CÔNG TY TNHH MỘT THÀNH VIÊN QUẢN LÝ NỢ & KHAI THÁC TÀI SẢN-NGÂN HÀNG THƯƠNG MẠI CỔ PHẦN KIÊN LONG (KBA)
947,CÔNG TY TNHH MỘT THÀNH VIÊN THÉP PHÚC TIẾN
948,CÔNG TY TNHH SẢN XUẤT VÀ THƯƠNG MẠI PHÚC TIẾN HƯNG YÊN
949,CÔNG TY TNHH THÉP TÂY NGUYÊN
950,CÔNG TY TNHH SẢN XUẤT VÀ THƯƠNG MẠI ĐẠI PHÚC
951,CÔNG TY CỔ PHẦN THÉP BẮC NAM
952,CÔNG TY TNHH QUẢN LÝ QUỸ SSI
953,QUỸ ĐẦU TƯ THÀNH VIÊN SSI (SSIMF)
954,CÔNG TY TNHH GIẶT TẨY NHÀ BÈ
955,CÔNG TY CỔ PHẦN MAY ĐỨC LINH - NHÀ BÈ
956,CÔNG TY CỔ PHẦN MAY NHÀ BÈ - HẬU GIANG
957,CÔNG TY CỔ PHẦN MAY ĐÀ LẠT
958,CÔNG TY CỔ PHẦN MAY BÌNH ĐỊNH
959,CÔNG TY CỔ PHẦN BẤT ĐỘNG SẢN NHÀ BÈ
960,CÔNG TY CỔ PHẦN MAY BÌNH THUẬN - NHÀ BÈ
961,CÔNG TY CỔ PHẦN MAY GIA LAI
962,CÔNG TY CỔ PHẦN MAY TAM QUAN
963,CÔNG TY CỔ PHẦN MAY GIA PHÚC
964,CÔNG TY CỔ PHẦN MAY AN NHƠN
965,CÔNG TY CỔ PHẦN ĐK PHÚ QUỐC
966,CÔNG TY CỔ PHẦN ĐỊA ỐC SÀI GÒN – KL
967,CÔNG TY CỔ PHẦN BẾN THÀNH - LONG HẢI
968,CÔNG TY CỔ PHẦN ĐẦU TƯ BẤT ĐỘNG SẢN NGÔ MÂY
969,CÔNG TY TNHH ĐẦU TƯ XÂY DỰNG HẠ TẦNG KỸ THUẬT COININ
970,CÔNG TY CỔ PHẦN ĐẦU TƯ PHÁT TRIỂN KHU CÔNG NGHIỆP PHÁT ĐẠT
971,CÔNG TY TNHH XUẤT NHẬP KHẨU HÀNG HÓA VIỆT NAM
972,CÔNG TY CỔ PHẦN QUẢN LÝ ĐƯỜNG SÔNG SỐ 6
973,CÔNG TY CỔ PHẦN NGÔI SAO AN BÌNH (ABSC)
974,CÔNG TY TNHH LƯU CÔNG HIỆU
975,CÔNG TY CỔ PHẦN ĐẦU TƯ HẠ TẦNG BT
976,CÔNG TY TNHH MỘT THÀNH VIÊN KHO VẬN GILIMEX
977,CÔNG TY CỔ PHẦN SẢN XUẤT KINH DOANH KIM KHÍ ĐẠI TÂY DƯƠNG
978,CÔNG TY TNHH BẤT ĐỘNG SẢN GIA ĐỊNH
979,CÔNG TY TNHH MAY THẠNH MỸ
980,CÔNG TY CỔ PHẦN ICHIBAN STAR
981,CÔNG TY CỔ PHẦN CMC
982,CÔNG TY CỔ PHẦN ĐẦU TƯ HẠ TẦNG NƯỚC DNP - BẮC GIANG
983,CÔNG TY CỔ PHẦN NHỰA ĐỒNG NAI MIỀN TRUNG
984,CÔNG TY CỔ PHẦN CÔNG TRÌNH ĐÔ THỊ CHÂU THÀNH
985,CÔNG TY CỔ PHẦN SẢN XUẤT KINH DOANH NƯỚC SẠCH SỐ 3 HÀ NỘI
986,CÔNG TY TNHH MAY PHÙ ĐỔNG
987,CÔNG TY TNHH XÂY DỰNG THƯƠNG MẠI DỊCH VỤ SẢN XUẤT HÙNG THANH
988,CÔNG TY TNHH HƯƠNG TRÀ
989,CÔNG TY CỔ PHẦN BẤT ĐỘNG SẢN HƯNG KHANG
990,CÔNG TY CỔ PHẦN SẢN XUẤTKD THIẾT BỊ CHIẾU SÁNG THÁI BÌNH DƯƠNG
991,CÔNG TY MAY HÀNG GIA DỤNG GILIMEX
992,CÔNG TY CỔ PHẦN KHU CÔNG NGHIỆP GILIMEX
993,CÔNG TY CỔ PHẦN ĐẦU TƯ HẠ TẦNG NƯỚC DNP – LONG AN
994,CÔNG TY CỔ PHẦN ĐẦU TƯ NGÀNH NƯỚC DNP
995,CÔNG TY CỔ PHẦN BÌNH HIỆP
996,CÔNG TY CỔ PHẦN ĐẦU TƯ HẠ TẦNG NƯỚC DNP - TIỀN GIANG
997,CÔNG TY CỔ PHẦN CẤP THOÁT NƯỚC TÂY NINH
998,CÔNG TY CỔ PHẦN CẤP THOÁT NƯỚC BÌNH THUẬN
999,CÔNG TY TNHH MỘT THÀNH VIÊN VẬN TẢI TRANSIMEX
1000,CÔNG TY CỔ PHẦN VINAFREIGHT
1001,CÔNG TY CỔ PHẦN DỊCH VỤ LOGISTICS THĂNG LONG
1002,CÔNG TY CỔ PHẦN THÀNH QUANG
1003,CÔNG TY TNHH TC TOWER
1004,CÔNG TY CỔ PHẦN TRUNG TÂM Y KHOA THÀNH CÔNG
1005,CÔNG TY CỔ PHẦN VĂN HÓA VÀ THƯƠNG MẠI BÌNH DƯƠNG
1006,CÔNG TY CỔ PHẦN BẤT ĐỘNG SẢN LICOGI 16
1007,CÔNG TY TNHH XÂY DỰNG THƯƠNG MẠI VÀ DỊCH VỤ ĐIỀN PHƯỚC
1008,CÔNG TY CỔ PHẦN ĐẦU TƯ HẠ TẦNG LICOGI 16
1009,CÔNG TY CỔ PHẦN ĐẦU TƯ NĂNG LƯỢNG TÁI TẠO LICOGI 16
1010,CÔNG TY CỔ PHẦN ĐẦU TƯ NĂNG LƯỢNG TÁI TẠO LICOGI 16 GIA LAI
1011,CÔNG TY CỔ PHẦN LICONS VIỆT NAM
1012,CÔNG TY CỔ PHẦN NHÀ MÁY NƯỚC ĐỒNG TÂM
1013,CÔNG TY CỔ PHẦN TÂN PHÚ VIỆT NAM
1014,CÔNG TY TNHH XÂY DỰNG VÀ THƯƠNG MẠI 12
1015,CÔNG TY CỔ PHẦN ĐẦU TƯ TIỆN ÍCH LICOGI 16
1016,CÔNG TY CỔ PHẦN NƯỚC SÀI GÒN - CẦN THƠ
1017,CÔNG TY CỔ PHẦN NĂNG LƯỢNG FECON
1018,CÔNG TY CỔ PHẦN THI CÔNG CỌC FECON SỐ 1
1019,CÔNG TY CỔ PHẦN XỬ LÝ NỀN VÀ XÂY DỰNG FECON
1020,CÔNG TY CỔ PHẦN FECON SOUTH
1021,CÔNG TY CỔ PHẦN HẠ TẦNG VÀ PHÁT TRIỂN ĐÔ THỊ FECON
1022,CÔNG TY CỔ PHẦN THIẾT BỊ FECON
1023,CÔNG TY CỔ PHẦN NÔNG NGHIỆP HỮU CƠ ĐÔNG KHÊ
1024,TRƯỜNG THPT Ý YÊN
1025,CÔNG TY KHOÁNG SẢN HẢI ĐĂNG
1026,FECON RAINBOW FOUNDATION CONSTRUCÔNG TYION CO LTD
1027,CÔNG TY CỔ PHẦN CÔNG TRÌNH NGẦM FECON
1028,CÔNG TY CỔ PHẦN FECON MILTEC
1029,CÔNG TY TNHH MALLOCA VIỆT NAM
1030,CÔNG TY TNHH SẢN XUẤT GỖ AN CƯỜNG
1031,CÔNG TY TNHH ACONCEPT VIỆT NAM
1032,CÔNG TY CỔ PHẦN ĐẦU TƯ PHÁT TRIỂN XÂY DỰNG HÀ NAM
1033,CÔNG TY TNHH DU LỊCH DIC
1034,CÔNG TY CỔ PHẦN THỦY CUNG DIG
1035,CÔNG TY CỔ PHẦN ĐẦU TƯ PHÁT TRIỂN XÂY DỰNG SỐ 1
1036,CÔNG TY CỔ PHẦN TÁI CHẾ VẬT LIỆU XANH
1037,CÔNG TY CỔ PHẦN XÂY LẮP - ĐIỆN BIWASE
1038,CÔNG TY TNHH MỘT THÀNH VIÊN ĐẤT XANH HỘI AN
1039,CÔNG TY TNHH MỘT THÀNH VIÊN THAIHOLDINGS HÀ NAM
1040,CÔNG TY TNHH ĐẦU TƯ VÀ PHÁT TRIỂN THD
1041,CÔNG TY TNHH SÀN GIAO DỊCH BẤT ĐỘNG SẢN NAM LONG
1042,CÔNG TY CỔ PHẦN NAM LONG VCD
1043,CÔNG TY TNHH MỘT THÀNH VIÊN ĐẦU TƯ XÂY DỰNG PHÁT TRIỂN NAM KHANG
1044,CÔNG TY CỔ PHẦN DỊCH VỤ NAM LONG
1045,CÔNG TY CỔ PHẦN ĐẦU TƯ NAM PHAN
1046,CÔNG TY TNHH MỘT THÀNH VIÊN QUẢN LÝ VÀ KHAI THÁC BẤT ĐỘNG SẢN NAM LONG (NAM LONG PMD)
1047,CÔNG TY TNHH PHÁT TRIỂN ĐÔ THỊ QUẢNG BÌNH
1048,CÔNG TY TNHH MỘT THÀNH VIÊN PHÁT TRIỂN ĐÔ THỊ
1049,CÔNG TY TNHH MỘT THÀNH VIÊN SMART PROPERTY
1050,CÔNG TY TNHH KINH DOANH VẬT LIỆU XÂY DỰNG NAM KHANG
1051,CÔNG TY TNHH PARAGON ĐẠI PHƯỚC
1052,CÔNG TY CỔ PHẦN NAM LONG - HỒNG PHÁT
1053,CÔNG TY CỔ PHẦN PHÁT TRIỂN CĂN HỘ NAM LONG
1054,CÔNG TY CỔ PHẦN BẤT ĐỘNG SẢN NGUYÊN SƠN
1055,CÔNG TY CỔ PHẦN TƯ VẤN THIẾT KẾ VÀ  XÂY DỰNG NAM VIÊN
1056,CÔNG TY TNHH ĐẦU TƯ VÀ KINH DOANH BẤT ĐỘNG SẢN THẢO NGUYÊN
1057,CÔNG TY TNHH ĐẦU TƯ & KINH DOANH BẤT ĐỘNG SẢN NGUYÊN PHÚC
1058,CÔNG TY CỔ PHẦN SOUTHGATE
1059,CÔNG TY TNHH NLG – NNR – HR FUJI
1060,CÔNG TY TNHH NN KIKYO VALORA
1061,CÔNG TY CỔ PHẦN BẤT ĐỘNG SẢN LINKHOUSE NGHĨA KỲ
1062,CÔNG TY TNHH CHARM & CI VIỆT NAM
1063,CÔNG TY TNHH ĐẦU TƯ BẤT ĐỘNG SẢN HÀ AN LAND
1064,CÔNG TY TNHH ĐẦU TƯ LINKLAND
1065,CÔNG TY CỔ PHẦN HỘI AN INVEST
1066,CÔNG TY TNHH NNH KIKYO FLORA
1067,CÔNG TY CỔ PHẦN ĐẦU TƯ KINH DOANH BẤT ĐỘNG SẢN ĐÔNG NAM BỘ
1068,CÔNG TY CỔ PHẦN ĐẦU TƯ BẤT ĐỘNG SẢN MIỀN ĐÔNG
1069,CÔNG TY CỔ PHẦN ĐẦU TƯ BẤT ĐỘNG SẢN GIA LONG
1070,CÔNG TY CỔ PHẦN ĐẦU TƯ BẤT ĐỘNG SẢN TÂY NAM BỘ
1071,CÔNG TY CỔ PHẦN BẤT ĐỘNG SẢN ECOHOME
1072,CÔNG TY CỔ PHẦN ĐỊA ỐC INDOCHINE
1073,CÔNG TY TNHH ĐẦU TƯ XÂY DỰNG THƯƠNG MẠI XUÂN ĐỊNH
1074,CÔNG TY CỔ PHẦN VICCO SÀI GÒN
1075,CÔNG TY CỔ PHẦN ĐẦU TƯ KINH DOANH BẤT ĐỘNG SẢN HÀ AN
1076,CÔNG TY CỔ PHẦN IN NÔNG NGHIỆP
1077,CÔNG TY CỔ PHẦN SÀI GÒN RIVERVIEW
1078,CÔNG TY TNHH XÂY DỰNG THƯƠNG MẠI DỊCH VỤ HÀ THUẬN HÙNG
1079,CÔNG TY CỔ PHẦN CÔNG NGHỆ THÔNG TIN BẤT ĐỘNG SẢN ĐẤT XANH
1080,CÔNG TY CỔ PHẦN ĐẦU TƯ DẦU KHÍ THĂNG LONG
1081,CÔNG TY CỔ PHẦN ĐẦU TƯ BẤT ĐỘNG SẢN MIỀN BẮC
1082,CÔNG TY CỔ PHẦN ĐẦU TƯ DẦU KHÍ NHA TRANG (PVIN)
1083,CÔNG TY CỔ PHẦN BẤT ĐỘNG SẢN LINKGROUP
1084,CÔNG TY TNHH AMECC MYANMAR
1085,CÔNG TY CỔ PHẦN DỊCH VỤ KỸ THUẬT AMECC MIỀN NAM
1086,CÔNG TY CỔ PHẦN THƯƠNG MẠI AMECC WEI SHENG
1087,CÔNG TY TNHH ĐẦU TƯ SÀI GÒN RIVERSIDE
1088,CÔNG TY TNHH ĐẦU TƯ XÂY DỰNG NGỌC LỄ
1089,CÔNG TY CỔ PHẦN DỊCH VỤ BẤT ĐỘNG SẢN ĐẤT XANH NAM TRUNG BỘ
1090,CÔNG TY CỔ PHẦN DỊCH VỤ VÀ ĐẦU TƯ ĐẤT XANH ĐÔNG NAM BỘ
1091,CÔNG TY CỔ PHẦN ĐẦU TƯ VÀ DỊCH VỤ ĐẤT XANH MIỀN NAM
1092,CÔNG TY CỔ PHẦN DỊCH VỤ VÀ ĐỊA ỐC ĐẤT XANH MIỀN BẮC
1093,CÔNG TY CỔ PHẦN ĐẤT XANH NAM BỘ
1094,CÔNG TY CỔ PHẦN ĐẦU TƯ VÀ BẤT ĐỘNG SẢN ĐẤT XANH MIỀN ĐÔNG
1095,CÔNG TY CỔ PHẦN DỊCH VỤ VÀ XÂY DỰNG ĐẤT XANH MIỀN TÂY
1096,CÔNG TY CỔ PHẦN DỊCH VỤ TÀI CHÍNH BẤT ĐỘNG SẢN TULIP
1097,CÔNG TY CỔ PHẦN ĐẦU TƯ VÀ DỊCH VỤ SAIGON REAL
1098,CÔNG TY CỔ PHẦN ĐẦU TƯ VÀ DỊCH VỤ CITY REAL
1099,CÔNG TY CỔ PHẦN ĐẤT XANH PREMIUM
1100,CÔNG TY CỔ PHẦN DỊCH VỤ BẤT ĐỘNG SẢN ĐẤT XANH
1101,CÔNG TY CỔ PHẦN BẤT ĐỘNG SẢN ĐẤT XANH PLUS
1102,CÔNG TY CỔ PHẦN ĐẤT XANH MIỀN TRUNG
1103,CÔNG TY CỔ PHẦN CÔNG NGHỆ THÔNG TIN BẤT ĐỘNG SẢN VIỆT NAM
1104,CÔNG TY CỔ PHẦN BẤT ĐỘNG SẢN KẾT NỐI
1105,CÔNG TY CỔ PHẦN ĐẤT XANH NAM MIỀN TRUNG
1106,CÔNG TY CỔ PHẦN ĐÔ THỊ THÔNG MINH VIỆT NAM
1107,CÔNG TY CỔ PHẦN PHÁT TRIỂN BẤT ĐỘNG SẢN EMERALD
1108,CÔNG TY CỔ PHẦN DỊCH VỤ VÀ ĐỊA ỐC ĐẤT XANH DUYÊN HẢI
1109,CÔNG TY CỔ PHẦN BẤT ĐỘNG SẢN BẮC BỘ
1110,CÔNG TY CỔ PHẦN BẤT ĐỘNG SẢN BẮC TRUNG BỘ
1111,CÔNG TY CỔ PHẦN HÙNG VƯƠNG
1112,CÔNG TY CỔ PHẦN DỊCH VỤ QUẢN LÝ TÀI SẢN VÀ ĐẦU TƯ ASAHI JAPAN
1113,CÔNG TY CỔ PHẦN ĐẤT XANH MIỀN TRUNG EMERALD
1114,CÔNG TY CỔ PHẦN DỊCH VỤ ĐẤT XANH CẦN THƠ
1115,CÔNG TY CỔ PHẦN BẤT ĐỘNG SẢN ĐẤT XANH AN GIANG
1116,CÔNG TY CỔ PHẦN XÂY DỰNG FBV
1117,CÔNG TY CỔ PHẦN CÔNG NGHỆ BẤT ĐỘNG SẢN VIỆT NAM
1118,CÔNG TY CỔ PHẦN ĐỊA ỐC VIETHOMES
1119,CÔNG TY CỔ PHẦN DỊCH VỤ VÀ ĐỊA ỐC VINAHOMES
1120,CÔNG TY CỔ PHẦN BẤT ĐỘNG SẢN UNIHOMES
1121,CÔNG TY CỔ PHẦN DỊCH VỤ VÀ ĐẦU TƯ BẤT ĐỘNG SẢN KINH BẮC
1122,CÔNG TY TNHH MỘT THÀNH VIÊN KHÍ ĐỐT GIA ĐÌNH
1123,CÔNG TY CỔ PHẦN NGỌN LỬA THẦN
1124,CÔNG TY TNHH THƯƠNG MẠI DỊCH VỤ MINH THẢO
1125,CÔNG TY CỔ PHẦN THƯƠNG MẠI BÌNH MINH
1126,CÔNG TY CỔ PHẦN NAM GAS
1127,CÔNG TY CỔ PHẦN KHÍ ĐỐT GIA ĐỊNH
1128,CÔNG TY CỔ PHẦN DẦU KHÍ AN PHA
1129,CÔNG TY TNHH ĐỨC HẢI
1130,CÔNG TY CỔ PHẦN MT GAS
1131,CÔNG TY CỔ PHẦN DỊCH VỤ VÀ ĐẦU TƯ PHÁT TRIỂN NHÀ ĐÔNG NAM BỘ
1132,CÔNG TY CỔ PHẦN DỊCH VỤ VÀ ĐẦU TƯ ĐỊA ỐC BÌNH THUẬN
1133,CÔNG TY CỔ PHẦN BẤT ĐỘNG SẢN BẮC MIỀN TÂY
1134,CÔNG TY CỔ PHẦN DỊCH VỤ BẤT ĐỘNG SẢN NAM MIỀN TÂY
1135,CÔNG TY CỔ PHẦN BẤT ĐỘNG SẢN UNIHOMES MIỀN NAM
1136,CÔNG TY CỔ PHẦN BẤT ĐỘNG SẢN UNIHOMES NAM SÀI GÒN
1137,CÔNG TY CỔ PHẦN BẤT ĐỘNG SẢN LINKHOUSE MIỀN TRUNG
1138,CÔNG TY CỔ PHẦN ĐẦU TƯ BẤT ĐỘNG SẢN LINKHOUSE
1139,CÔNG TY CỔ PHẦN BẤT ĐỘNG SẢN LINKHOUSE TÂY NAM
1140,CÔNG TY CỔ PHẦN CÔNG NGHỆ COCOME
1141,CÔNG TY CỔ PHẦN PHƯỚC HÒA FICO
1142,CÔNG TY CỔ PHẦN CƠ KHÍ XÂY DỰNG TÂN ĐỊNH FICO
1143,CÔNG TY CỔ PHẦN XI MĂNG FICO TÂY NINH
1144,CÔNG TY CỔ PHẦN ĐẦU TƯ FICO
1145,CÔNG TY TNHH XI MĂNG FICO BÌNH DƯƠNG
1146,CÔNG TY CỔ PHẦN ĐẦU TƯ XÂY DỰNG HẠ TẦNG FICO
1147,CÔNG TY TNHH MỘT THÀNH VIÊN DỊCH VỤ VÀ THƯƠNG MẠI THIÊN LONG HOÀN CẦU
1148,CÔNG TY TNHH MỘT THÀNH VIÊN THƯƠNG MẠI VÀ DỊCH VỤ TÂN LỰC MIỀN NAM
1149,CÔNG TY TNHH MỘT THÀNH VIÊN THƯƠNG MẠI DỊCH VỤ TÂN LỰC MIỀN BẮC
1150,CÔNG TY TNHH SẢN XUẤT - THƯƠNG MẠI THIÊN LONG LONG THÀNH
1151,CÔNG TY TNHH MỘT THÀNH VIÊN THƯƠNG MẠI DỊCH VỤ TÂN LỰC MIỀN TRUNG
1152,CÔNG TY TNHH PHƯỚC HÒA KAMPONGTHOM
1153,CÔNG TY TNHH CAO SU PHƯỚC HÒA ĐẮK LẮK
1154,CÔNG TY CỔ PHẦN KHU CÔNG NGHIỆP TÂN BÌNH
1155,CÔNG TY CỔ PHẦN CAO SU TRƯỜNG PHÁT
1156,CÔNG TY TNHH CẢNG PHƯỚC LONG
1157,CÔNG TY TNHH DỊCH VỤ VẬN TẢI TỔNG HỢP V.N.M
1158,CÔNG TY TNHH MỘT THÀNH VIÊN VẬN TẢI HÀNG HẢI THÁI BÌNH DƯƠNG
1159,CÔNG TY TNHH MỘT THÀNH VIÊN CÔNG NGHIỆP CAO SU THÁI BÌNH DƯƠNG
1160,CÔNG TY CỔ PHẦN HÒN NGỌC THÁI BÌNH DƯƠNG
1161,CÔNG TY CỔ PHẦN HOA SEN THÁI BÌNH DƯƠNG
1162,CÔNG TY TNHH THIẾT BỊ VÀ DỊCH VỤ HÀNG HẢI THÁI BÌNH DƯƠNG
1163,CÔNG TY CỔ PHẦN NIỀM KIÊU HÃNH THÁI BÌNH DƯƠNG
1164,CÔNG TY CỔ PHẦN CẢNG NAM HẢI
1165,CÔNG TY CỔ PHẦN CẢNG NAM HẢI ĐÌNH VŨ
1166,CÔNG TY CỔ PHẦN CẢNG QUỐC TẾ GEMADEPT DUNG QUẤT
1167,CÔNG TY CỔ PHẦN GEMADEPT VŨNG TÀU
1168,CÔNG TY CỔ PHẦN ICD NAM HẢI
1169,CÔNG TY CỔ PHẦN CẢNG NAM ĐÌNH VŨ
1170,CÔNG TY CỔ PHẦN DỊCH VỤ VẬN TẢI TRƯỜNG THỌ
1171,CÔNG TY CỔ PHẦN CẢNG QUỐC TẾ GEMADEPT NHƠN HỘI
1172,ISS GEMADEPT VIETNAM
1173,CÔNG TY CỔ PHẦN ĐẦU TƯ XÂY DỰNG & PHÁT TRIỂN HẠ TẦNG GEMADEPT
1174,CÔNG TY TNHH MỘT THÀNH VIÊN ĐIỆN MẶT TRỜI QUẢNG TRỊ
1175,CÔNG TY TNHH MỘT THÀNH VIÊN TRƯỜNG TRUNG CẤP NGHỀ CÔNG TRÌNH 1
1176,CÔNG TY CỔ PHẦN LICOGI 13 - ĐẦU TƯ XÂY DỰNG VÀ HẠ TẦNG
1177,CÔNG TY CỔ PHẦN LIG HƯỚNG HÓA 1
1178,CÔNG TY CỔ PHẦN LIG HƯỚNG HÓA 2
1179,CÔNG TY CỔ PHẦN NĂNG LƯỢNG DẦU KHÍ TOÀN CẦU
1180,CÔNG TY CỔ PHẦN SÔNG NHIỆM 3
1181,CÔNG TY CỔ PHẦN LICOGI 13 - CƠ GIỚI HẠ TẦNG IMC
1182,CÔNG TY CỔ PHẦN LICOGI13 - VẬT LIỆU XÂY DỰNG CMC
1183,CÔNG TY CỔ PHẦN ĐỊA ỐC XANH SÀI GÒN THUẬN PHƯỚC
1184,CÔNG TY CỔ PHẦN ĐẦU TƯ NÔNG NGHIỆP SÀI GÒN THÀNH ĐẠT
1185,CÔNG TY CỔ PHẦN LICOGI13- NỀN MÓNG XÂY DỰNG FC
1186,CÔNG TY CỔ PHẦN XUÂN MAI - ĐẠO TÚ 
1187,CÔNG TY CỔ PHẦN XÂY LẮP VINACONEX XUÂN MAI
1188,CÔNG TY CỔ PHẦN BÊ TÔNG VINACONEX PHAN VŨ
1189,CÔNG TY CỔ PHẦN CƠ GIỚI VẬN TẢI VINACONEX XUÂN MAI
1190,CÔNG TY CỔ PHẦN TƯ VẤN THIẾT KẾ VINACONEX XUÂN MAI
1191,CÔNG TY CỔ PHẦN ĐẦU TƯ VÀ XÂY DỰNG SỐ 45
1192,CÔNG TY CỔ PHẦN VINACONEX XUÂN MAI ĐÀ NẴNG
1193,CÔNG TY TNHH MỘT THÀNH VIÊN TAXI SÀI GÒN HOÀNG LONG
1194,CÔNG TY TNHH MỘT THÀNH VIÊN CÔNG NGHỆ VÀ THƯƠNG MẠI HOÀNG LONG
1195,CÔNG TY TNHH MỘT THÀNH VIÊN ĐẦU TƯ PHÁT TRIỂN HẠ TẦNG HOÀNG LONG
1196,CÔNG TY TNHH MỘT THÀNH VIÊN THỨC ĂN THỦY SẢN MEKONG
1197,CÔNG TY CỔ PHẦN PHÁT TRIỂN NGUYỄN HOÀNG
1198,CÔNG TY TNHH MỘT THÀNH VIÊN BAO BÌ BẾN TRE
1199,CÔNG TY CỔ PHẦN ĐẦU TƯ PHÁT TRIỂN CÔNG NGHIỆP VÀ VẬN TẢI
1200,CÔNG TY CỔ PHẦN BCG LAND
1201,CÔNG TY TNHH INDOCHINA HỘI AN BEACH VILLAS
1202,CÔNG TY CỔ PHẦN BCG ENERGY
1203,CÔNG TY TNHH MỘT THÀNH VIÊN ĐẦU TƯ VĂN PHÚ - GIẢNG VÕ
1204,CÔNG TY TNHH VĂN PHÚ CGM
1205,CÔNG TY TNHH ĐẦU TƯ VĂN PHÚ RESORT LỘC BÌNH
1206,CÔNG TY CỔ PHẦN ĐẦU TƯ VĂN PHÚ SỐ 2
1207,CÔNG TY CỔ PHẦN VĂN PHÚ HOMES
1208,CÔNG TY CỔ PHẦN ĐẦU TƯ VĂN PHÚ SỐ 1
1209,CÔNG TY TNHH ĐẦU TƯ VĂN PHÚ - PHẠM HÙNG
1210,CÔNG TY CỔ PHẦN KINH DOANH VÀ QUẢN LÝ KHÁCH SẠN LILAS
1211,CÔNG TY TNHH DUNG DỊCH KHOAN VÀ DỊCH VỤ DẦU KHÍ
1212,CÔNG TY CỔ PHẦN HÓA PHẨM DẦU KHÍ DMC - MIỀN NAM
1213,CÔNG TY TNHH DUNG DỊCH KHOAN M-I VIỆT NAM
1214,CÔNG TY TNHH THƯƠNG MẠIĐT NGÔI NHÀ THẾ KỶ
1215,CÔNG TY TNHH ĐẦU TƯ VÀ QUẢN LÝ THƯƠNG HIỆU CEN
1216,CÔNG TY TNHH CEN CUCKOO
1217,CÔNG TY CỔ PHẦN BẤT ĐỘNG SẢN CEN SÀI GÒN
1218,CÔNG TY CỔ PHẦN TRUYỀN THÔNG VÀ GIẢI TRÍ NGÔI SAO MỚI
1219,CÔNG TY CỔ PHẦN CEN ACADEMY
1220,CÔNG TY CỔ PHẦN M&I THẾ KỶ
1221,CÔNG TY TNHH ĐẦU TƯ BẤT ĐỘNG SẢN AN GIA PHÚ THUẬN
1222,CÔNG TY CỔ PHẦN TƯ VẤN CRE & AGI
1223,CÔNG TY CỔ PHẦN AN GIA PHÚ THỊNH
1224,CÔNG TY CỔ PHẦN QUẢN LÝ VÀ PHÁT TRIỂN GIA KHÁNH
1225,CÔNG TY TNHH WESTERN CITY
1226,CÔNG TY CỔ PHẦN TƯ VẤN HOÀNG ÂN
1227,CÔNG TY CỔ PHẦN VĂN PHÚ - BẮC ÁI
1228,CÔNG TY TNHH BT HÀ ĐÔNG
1229,CÔNG TY CỔ PHẦN ĐẦU TƯ XÂY DỰNG DU LỊCH PHƯỚC LỘC
1230,CÔNG TY CỔ PHẦN PHÁT TRIỂN NHÀ VĂN PHÒNG ĐỊA CHỈ VIỆT
1231,CÔNG TY CỔ PHẦN DỆT GIA DỤNG PHONG PHÚ
1232,CÔNG TY TNHH MỘT THÀNH VIÊN QUẢN LÝ QUỸ ĐẦU TƯ CHỨNG KHOÁN I.P.A
1233,CÔNG TY TNHH IVND
1234,CÔNG TY TNHH MỘT THÀNH VIÊN THƯƠNG MẠI BECAMEX
1235,CÔNG TY TNHH MỘT THÀNH VIÊN KHÁCH SẠN BECAMEX
1236,CÔNG TY TNHH ĐẦU TƯ VÀ PHÁT TRIỂN FLC FAROS VÂN ĐỒN
1237,CÔNG TY TNHH ĐẦU TƯ VÀ PHÁT TRIỂN EDEN GARDEN
1238,CÔNG TY TNHH ĐẦU TƯ VÀ PHÁT TRIỂN BRIGHT FUTURE
1239,CÔNG TY TNHH ĐẦU TƯ VÀ PHÁT TRIỂN GOLDEN CHOICE
1240,CÔNG TY TNHH ĐẦU TƯ TÀI CHÍNH VÀ QUẢN LÝ TÀI SẢN RTS
1241,CÔNG TY CỔ PHẦN ĐẦU TƯ & PHÁT TRIỂN VƯỜN THÚ FAROS
1242,CÔNG TY TNHH MỘT THÀNH VIÊN TRAPHACO SAPA
1243,CÔNG TY TNHH MỘT THÀNH VIÊN TRAPHACO HƯNG YÊN
1244,CÔNG TY CỔ PHẦN DƯỢC - VẬT TƯ Y TẾ ĐĂK LĂK
1245,CÔNG TY CỔ PHẦN CÔNG NGHỆ CAO TRAPHACO
1246,CÔNG TY TNHH MỘT THÀNH VIÊN ĐẠT PHƯƠNG SÀI GÒN
1247,CÔNG TY CỔ PHẦN ĐẠT PHƯƠNG HỘI AN
1248,CÔNG TY CỔ PHẦN XÂY DỰNG ĐẠT PHƯƠNG SỐ 1
1249,CÔNG TY CỔ PHẦN 30-4 QUẢNG NGÃI
1250,CÔNG TY CỔ PHẦN SÔNG BUNG
1251,CÔNG TY CỔ PHẦN DÂY VÀ CÁP SACOM
1252,CÔNG TY CỔ PHẦN SACOM - TUYỀN LÂM
1253,CÔNG TY CỔ PHẦN ĐỊA ỐC SACOM (SAMLAND)
1254,CÔNG TY TNHH SACOM - CHÍP SÁNG (SCS)
1255,CÔNG TY CỔ PHẦN SAM NÔNG NGHIỆP CÔNG NGHỆ CAO
1256,CÔNG TY TNHH MỘT THÀNH VIÊN KINH DOANH DỊCH VỤ ĐỊA ỐC SÀI GÒN THƯƠNG TÍN
1257,CÔNG TY TNHH ĐẦU TƯ BẤT ĐỘNG SẢN HÙNG ANH NĂM
1258,CÔNG TY TNHH MỘT THÀNH VIÊN TTC LAND RETAIL MANAGEMENT
1259,CÔNG TY CỔ PHẦN ĐẦU TƯ BẤT ĐỘNG SẢN TTC LAND LONG AN
1260,CÔNG TY CỔ PHẦN THƯƠNG MẠI NGUYỄN KIM ĐÀ NẴNG
1261,CÔNG TY CỔ PHẦN ĐẦU TƯ PHÁT  TRIỂN BẤT ĐỘNG SẢN ĐÔNG SÀI GÒN
1262,CÔNG TY TNHH THƯƠNG TÍN TÀU CUỐC
1263,CÔNG TY CỔ PHẦN MAI LAN
1264,CÔNG TY TNHH THƯƠNG TÍN – CJ CẦU TRE
1265,CÔNG TY TNHH MỘT THÀNH VIÊN THÉP ĐẠI THIÊN LỘC
1266,CÔNG TY TNHH MỘT THÀNH VIÊN TÔN ĐẠI THIÊN LỘC
1267,CÔNG TY TNHH LAM SƠN - SAO VÀNG
1268,CÔNG TY CỔ PHẦN NCN DỊCH VỤ THƯƠNG MẠI VÂN SƠN
1269,CÔNG TY CỔ PHẦN ĐẦU TƯ PHÁT TRIỂN LAM SƠN - BÁ THƯỚC
1270,CÔNG TY TNHH THƯƠNG MẠI VÀ XUẤT NHẬP KHẨU LAM SƠN
1271,CÔNG TY TNHH MỘT THÀNH VIÊN THÀNH AN – LAM SƠN
1272,CÔNG TY TNHH TRUNG TÂM NGHIÊN CỨU VÀ PHÁT TRIỂN NÔNG NGHIỆP CÔNG NGHỆ CAO LAM SƠN
1273,CÔNG TY CỔ PHẦN MÍA ĐƯỜNG NÔNG CỐNG
1274,CÔNG TY CỔ PHẦN XI MĂNG TÂY ĐÔ
1275,CÔNG TY CỔ PHẦN NĂNG LƯỢNG THƯƠNG TÍN
1276,CÔNG TY TNHH QUẢN LÝ DỊCH VỤ VÀ ĐỊA ỐC SÀI GÒN THƯƠNG TÍN
1277,CÔNG TY TNHH MỘT THÀNH VIÊN CƠ KHÍ CÔNG TRÌNH TICCO
1278,CÔNG TY TNHH MỘT THÀNH VIÊN XÂY DỰNG THỦY LỢI TICCO
1279,CÔNG TY TNHH MỘT THÀNH VIÊN VẬT LIỆU XÂY DỰNG TICCO
1280,CÔNG TY TNHH MỘT THÀNH VIÊN BÊ TÔNG TICCO
1281,CÔNG TY TNHH MỘT THÀNH VIÊN BÊ TÔNG TICCO TÂN PHƯỚC
1282,CÔNG TY CỔ PHẦN XÂY DỰNG TICCO
1283,CÔNG TY TNHH NHỰA ĐÔNG Á
1284,CÔNG TY TNHH SMARTWINDOW VIỆT NAM
1285,CÔNG TY TNHH MỘT THÀNH VIÊN NHỰA ĐÔNG Á
1286,CÔNG TY CỔ PHẦN QUẢN LÝ QUỸ ĐẦU TƯ CHỨNG KHOÁN BẢN VIỆT (VCAM)
1287,CÔNG TY TNHH SCI ĐIỆN BIÊN
1288,CÔNG TY TNHH SCI LAI CHÂU
1289,CÔNG TY TNHH SCI NGHỆ AN
1290,CÔNG TY CỔ PHẦN TƯ VẤN SCI
1291,CÔNG TY CỔ PHẦN SCI E&C
1292,CÔNG TY CỔ PHẦN PHÚ LÂM
1293,CÔNG TY CỔ PHẦN NHÀ MỸ XUÂN HÀ NỘI
1294,CÔNG TY CỔ PHẦN ĐẦU TƯ XÂY DỰNG PHỤC HƯNG SỐ 3
1295,CÔNG TY CỔ PHẦN ĐẦU TƯ XÂY DỰNG PHỤC HƯNG SỐ 7
1296,CÔNG TY CỔ PHẦN KỸ THUẬT VÀ XÂY DỰNG SEAREFICO (SEAREFICO E&C)
1297,CÔNG TY CỔ PHẦN BẤT ĐỘNG SẢN SEAREAL
1298,CÔNG TY CỔ PHẦN KỸ NGHỆ LẠNH Á CHÂU (ARICO)
1299,CÔNG TY CỔ PHẦN CƠ ĐIỆN LẠNH SEAREE
1300,CÔNG TY TNHH C.E.O QUỐC TẾ (CEO QUỐC TẾ)
1301,TRƯỜNG CAO ĐẲNG ĐẠI VIỆT
1302,CÔNG TY TNHH C.E.O HOSPITALITY (CEO HOSPITALITY)
1303,CÔNG TY TNHH MỘT THÀNH VIÊN TƯ VẤN THIẾT KẾ C.E.O (CEO DESIGN)
1304,CÔNG TY CỔ PHẦN PHÁT TRIỂN QUẢNG BÌNH (CEO QUẢNG BÌNH)
1305,CÔNG TY CỔ PHẦN ĐẦU TƯ VÀ PHÁT TRIỂN NHA TRANG (CEO NHA TRANG)
1306,CÔNG TY CỔ PHẦN ĐẦU TƯ VÀ PHÁT TRIỂN DU LỊCH VÂN ĐỒN (CEO VÂN ĐỒN)
1307,CÔNG TY CỔ PHẦN ĐẦU TƯ VÀ PHÁT TRIỂN PHÚ QUỐC (CEO PHÚ QUỐC)
1308,CÔNG TY CỔ PHẦN PHÁT TRIỂN NHÀ VÀ ĐÔ THỊ PHÚ QUỐC (CEO ĐẢO NGỌC)
1309,CÔNG TY CỔ PHẦN XÂY DỰNG C.E.O (CEO XÂY DỰNG)
1310,CÔNG TY CỔ PHẦN PHÁT TRIỂN DỊCH VỤ C.E.O (CEO DỊCH VỤ)
1311,CÔNG TY CỔ PHẦN DU LỊCH C.E.O (CEO TRAVEL)
1312,CÔNG TY TNHH SAO VÀNG HOÀNH SƠN
1313,CÔNG TY TNHH XUẤT NHẬP KHẨU VÀ THƯƠNG MẠI F.I.T VIỆT NAM
1314,CÔNG TY CỔ PHẦN ĐẦU TƯ BẤT ĐỘNG SẢN FIT
1315,CÔNG TY CỔ PHẦN DƯỢC PHẨM CỬU LONG
1316,CÔNG TY CỔ PHẦN VẬT TƯ KỸ THUẬT NÔNG NGHIỆP CẦN THƠ
1317,CÔNG TY TNHH MỘT THÀNH VIÊN THƯƠNG MẠI BIDIPHAR
1318,CÔNG TY TNHH MỘT THÀNH VIÊN CUNG ỨNG VÀ XUẤT KHẨU LAO ĐỘNG BÌNH ĐỊNH
1319,CÔNG TY CỔ PHẦN DU LỊCH HẢI ÂU
1320,CÔNG TY CỔ PHẦN THỦY ĐIỆN VĂN PHONG
1321,CÔNG TY TNHH ĐẦU TƯ VÀ DỊCH VỤ ĐÔ THỊ VC2
1322,CÔNG TY CỔ PHẦN XÂY LẮP ĐIỆN NƯỚC VÀ PHÒNG CHÁY CHỮA CHÁY VINACONEX2
1323,CÔNG TYTNHH MỘT THÀNH VIÊN CÔNG NGHỆ CHỐNG GIẢ DAC
1324,CÔNG TY TNHH CẢNG HẢI AN
1325,CÔNG TY TNHH PAN HẢI AN
1326,CÔNG TY TNHH VẬN TẢI CONTAINER HẢI AN
1327,CÔNG TY CỔ PHẦN VẬT LIỆU XÂY DỰNG CIC KIÊN GIANG
1328,CÔNG TY CỔ PHẦN ĐẦU TƯ PHÁT TRIỂN HẠ TẦNG PHÚ QUỐC
1329,CÔNG TY CỔ PHẦN ĐẦU TƯ XÂY DỰNG THẮNG ANH
1330,CÔNG TY CỔ PHẦN CIC TINH KHÔI
1331,CÔNG TY CỔ PHẦN TƯ VẤN XÂY DỰNG CIC NAM VIỆT
1332,CÔNG TY CỔ PHẦN TƯ VẤN XÂY DỰNG CIC KIÊN GIANG
1333,CÔNG TY CỔ PHẦN ĐẦU TƯ ĐẠI DƯƠNG THĂNG LONG
1334,CÔNG TY CỔ PHẦN PHÁT TRIỂN TÀI NGUYÊN THIÊN NHIÊN ĐẠI DƯƠNG
1335,CÔNG TY CỔ PHẦN KHÁCH SẠN VÀ DỊCH VỤ OCH
1336,CÔNG TY CỔ PHẦN FAFIM VIỆT NAM
1337,CÔNG TY TNHH LOGISTICS VINALINK (CAMBODIA)
1338,CÔNG TY CỔ PHẦN THƯƠNG MẠI ĐẦU TƯ PHÁT TRIỂN ĐẠI TÂY DƯƠNG PHÚ QUỐC
1339,CÔNG TY CỔ PHẦN XUẤT NHẬP KHẨU VẬT TƯ NÔNG NGHIỆP III
1340,CÔNG TY TNHH MỘT THÀNH VIÊN ĐIỆN TỬ ĐIỆN QUANG
1341,CÔNG TY TNHH MỘT THÀNH VIÊN CÔNG NGHỆ CAO ĐIỆN QUANG (DQH)
1342,CÔNG TY TNHH THƯƠNG MẠI DỊCH VỤ ĐIỆN QUANG
1343,CÔNG TY CỔ PHẦN ĐẦU TƯ VÀ XÂY LẮP ĐIỆN QUANG
1344,CÔNG TY TNHH MỘT THÀNH VIÊN DƯỢC PHẨM OPC BÌNH DƯƠNG
1345,CÔNG TY CỔ PHẦN DƯỢC PHẨM TRUNG ƯƠNG 25
1346,CÔNG TY CỔ PHẦN ĐẦU TƯ VÀ PHÁT TRIỂN KỸ THUẬT NAGAKAWA
1347,CÔNG TY CỔ PHẦN NAGAKAWA ĐÀ NẴNG
1348,CÔNG TY CỔ PHẦN NAGAKAWA THÀNH PHỐ HCM
1349,CÔNG TY CỔ PHẦN ĐIỆN TỬ NAGAKAWA
1350,CÔNG TY CỔ PHẦN PHÁT TRIỂN SIÊU THỊ HÀ NỘI
1351,CÔNG TY CỔ PHẦN ĐẦU TƯ THƯƠNG MẠI HAPRO ĐÀ NẴNG
1352,CÔNG TY CỔ PHẦN ĐẦU TƯ THƯƠNG MẠI VÀ DỊCH VỤ CHỢ BƯỞI.
1353,CÔNG TY CỔ PHẦN RƯỢU HAPRO
1354,CÔNG TY THƯƠNG MẠI DỊCH VỤ TRÀNG THI
1355,CÔNG TY CỔ PHẦN XUẤT NHẬP KHẨU TCMN VÀ DU LỊCH THƯƠNG NHÂN HAPRO
1356,CÔNG TY CỔ PHẦN THUỶ TẠ
1357,CÔNG TY CỔ PHẦN SỰ KIỆN VÀ ẨM THỰC HAPRO
1358,CÔNG TY CỔ PHẦN GỐM CHU ĐẬU
1359,CÔNG TY CỔ PHẦN CÔNG NGHỆ HPT
1360,CÔNG TY CỔ PHẦN PHÁT TRIỂN Y HỌC AN VIỆT
1361,CÔNG TY CỔ PHẦN CRYSTAL HOLIDAYS
1362,CÔNG TY CỔ PHẦN EVERLAND VÂN ĐỒN
1363,CÔNG TY CỔ PHẦN EVERLAND PHÚ YÊN
1364,CÔNG TY CỔ PHẦN THỰC PHẨM HÀ NỘI
1365,CÔNG TY TNHH VIETCOMBANK-BONDAY-BEN THANH
1366,CÔNG TY LIÊN DOANH QUẢN LÝ QUỸ ĐẦU TƯ CHỨNG KHOÁN VIETCOMBANK
1367,CÔNG TY TNHH BẢO HIỂM NHÂN THỌ VIETCOMBANK-CARDIFF
1368,CÔNG TY LIÊN DOANH VIETCOMBANK - BONDAY
1369,CÔNG TY TNHH CASTROL BP-PETCO VIỆT NAM
1370,CÔNG TY CỔ PHẦN THỨC ĂN CHĂN NUÔI VIỆT THẮNG
1371,CÔNG TY LIÊN DOANH THÁP BIDỊCH VỤ
1372,NGÂN HÀNG LIÊN DOANH VIỆT – NGA
1373,CÔNG TY TNHH LƯƠNG THỰC CAMPUCHIA - VIỆT NAM (CAVIFOODS)
1374,CÔNG TY TNHH BẢO HIỂM NHÂN THỌ BIDỊCH VỤ METLIFE
1375,CÔNG TY CỔ PHẦN CHO THUÊ MÁY BAY VIỆT NAM (VALC)
1376,CÔNG TY CỔ PHẦN GIỐNG VẬT NUÔI HÀ NỘI
1377,CÔNG TY CỔ PHẦN IN SÁCH VIỆT NAM
1378,NGÂN HÀNG THƯƠNG MẠI CỔ PHẦN KỸ THƯƠNG VIỆT NAM (TECHCOMBANK)
1379,CÔNG TY CỔ PHẦN ĐẦU TƯ SCIC – BẢO VIỆT (BẢO VIỆT SCIC)
1380,NGÂN HÀNG THƯƠNG MẠI CỔ PHẦN BẢO VIỆT
1381,CÔNG TY CỔ PHẦN TRUNG NAM PHÚ QUỐC
1382,CÔNG TY LIÊN DOANH BẢO HIỂM BẢO VIỆT - TOKIO MARINE
1383,CÔNG TY CỔ PHẦN DU LỊCH PHÚ QUỐC
1384,CÔNG TY CỔ PHẦN ĐẦU TƯ VÀ XÂY DỰNG LONG VIỆT (LONG VIỆT)
1385,CÔNG TY CỔ PHẦN CÔNG NGHỆ THÔNG TIN PLT
1386,CÔNG TY TNHH KHÍ NHIÊN LIỆU GIAO THÔNG VẬN TẢI PVGAZPROM
1387,CÔNG TY CỔ PHẦN CHẾ BIẾN DỪA Á CHÂU
1388,CÔNG TY TNHH MIRAKA
1389,CÔNG TY CỔ PHẦN APIS
1390,TỔNG CÔNG TY CỔ PHẦN BẢO HIỂM BẢO LONG 
1391,CÔNG TY CỔ PHẦN SÀI GÒN KIM LIÊN
1392,CÔNG TY CỔ PHẦN DU LỊCH KHÁCH SẠN SÀI GÒN - HẠ LONG
1393,CÔNG TY CỔ PHẦN THÔNG TIN TÍN DỤNG VIỆT NAM
1394,CÔNG TY CỔ PHẦN DU LỊCH SÀI GÒN - QUY NHƠN
1395,CÔNG TY CỔ PHẦN DỊCH VỤ THẺ SMARTLINK
1396,CÔNG TY CỔ PHẦN CHỨNG KHOÁN TÂN VIỆT
1397,CÔNG TY CỔ PHẦN ĐẦU TƯ PHÁT TRIỂN NHÀ ĐÀ NẴNG  
1398,CÔNG TY CỔ PHẦN DÂY CÁP ĐIỆN VIỆT THÁI
1399,CÔNG TY CỔ PHẦN XUÂT NHẬP KHẨU HÀNG KHÔNG (AIRIMEX)
1400,CÔNG TY CỔ PHẦN NHỰA CAO CẤP HÀNG KHÔNG (APLACO)
1401,CÔNG TY CỔ PHẦN ĐẦU TƯ MIC (MIC INVEST)
1402,CÔNG TY CỔ PHẦN LONG THUẬN LỘC
1403,TỔNG CÔNG TY CỔ PHẦN BẢO HIỂM SÀI GÒN – HÀ NỘI (BSH)
1404,CÔNG TY CỔ PHẦN CHỨNG KHOÁN SÀI GÒN HÀ NỘI
1405,CÔNG TY CỔ PHẦN SYNNEX FPT
1406,CÔNG TY CỔ PHẦN BÁN LẺ KỸ THUẬT SỐ FPT
1407,CÔNG TY CỔ PHẦN CÔNG NGHỆ HOMA
1408,CÔNG TY CỔ PHẦN QUẢN LÝ QUỸ ĐẦU TƯ FPT
1409,CÔNG TY CỔ PHẦN CHỨNG KHOÁN FPT
1410,CÔNG TY CỔ PHẦN HOA SEN QUY NHƠN
1411,CÔNG TY CỔ PHẦN ĐẦU TƯ HẠ TẦNG KHU CÔNG NGHIỆP HOA SEN DU LONG
1412,CÔNG TY CỔ PHẦN NĂNG LƯỢNG SÔNG HỒNG
1413,CÔNG TY CỔ PHẦN THỦY ĐIỆN NẬM CHIẾN (SƠN LA)
1414,CÔNG TY CỔ PHẦN MÁY THIẾT BỊ DẦU KHÍ MIỀN BẮC VIỆT NAM
1415,CÔNG TY CỔ PHẦN THỰC PHẨM CHOLIMEX
1416,CÔNG TY CỔ PHẦN CHỈ SỢI CAO SU VRG SA DO
1417,NHÀ GA QUỐC TẾ CAM RANH
1418,THAI VIETJET AIR JOINT STOCK COMPANY LIMITED
1419,VIETNAM OFFSHORE FLOATING TERMINAL (RUBY) LIMITED
1420,MALAYSIA VIETNAM OFFSHORE TERMINAL LIMITED
1421,"CÔNG TY LIÊN DOANH RONGDOI MV12 PTE.,LTD (SINGAPORE)"
1422,CÔNG TY CỔ PHẦN CHẾ TẠO GIÀN KHOAN DẦU KHÍ
1423,CÔNG TY CỔ PHẦN GỖ MDF VRG DONGWHA
1424,CÔNG TY CỔ PHẦN CAO SU BẾN THÀNH
1425,CÔNG TY CỔ PHẦN XÂY DỰNG VÀ TƯ VẤN ĐẦU TƯ
1426,CÔNG TY CỔ PHẦN KINH DOANH BOT DT 741
1427,CÔNG TY TNHH THƯƠNG MẠI VÀ NHÂN LỰC QUỐC TẾ FLC
1428,CÔNG TY CỔ PHẦN KỸ THUẬT HÀNG KHÔNG SAO MAI
1429,CÔNG TY TNHH S.A.S - CÔNG TYAMAD
1430,CÔNG TY CỔ PHẦN ĐẦU TƯ KHU CÔNG NGHIỆP DẦU KHÍ LONG SƠN
1431,TỔNG CÔNG TY THIẾT BỊ ĐIỆN ĐÔNG ANH - CÔNG TY CỔ PHẦN
1432,CÔNG TY CỔ PHẦN THỐNG NHẤT
1433,CÔNG TY CỔ PHẦN PHÁT TRIỂN NÔNG NGHIỆP VIỆT MỸ - HÀ TĨNH
1434,CÔNG TY CỔ PHẦN XÂY DỰNG CAO SU ĐỒNG NAI
1435,CÔNG TY CỔ PHẦN KHU CÔNG NGHIỆP HỐ NAI
1436,CÔNG TY CỔ PHẦN CHẾ BIẾN GỖ CAO SU CHƯ PĂH
1437,CÔNG TY CỔ PHẦN DU LỊCH CAO SU HÀM RỒNG
1438,CÔNG TY CỔ PHẦN LỘC THỊNH
1439,CÔNG TY CỔ PHẦN ĐẦU TƯ VÀ PHÁT TRIỂN VRG LONG THÀNH
1440,CÔNG TY CỔ PHẦN  Ô TÔ SAO TÂY NAM (HYUNDAI TÂY ĐÔ)
1441,CÔNG TY CỔ PHẦN ĐẦU TƯ SAVICO
1442,CÔNG TY LIÊN DOANH COMFORTDELGRO SAVICO TAXI
1443,CÔNG TY TNHH TOYOTA LÝ THƯỜNG KIỆT
1444,CÔNG TY CỔ PHẦN ÔTÔ BẮC ÂU
1445,CÔNG TY CỔ PHẦN DỊCH VỤ Ô TÔ THÀNH PHỐ MỚI BÌNH DƯƠNG
1446,CÔNG TY CỔ PHẦN TOYOTA ĐÔNG SÀI GÒN (TESC)
1447,CÔNG TY CỔ PHẦN ĐẦU TƯ XÂY DỰNG CƠ SỞ HẠ TẦNG BÌNH PHƯỚC
1448,CÔNG TY CỔ PHẦN ĐẦU TƯ XÂY DỰNG CAO SU
1449,CÔNG TY TNHH NGHIÊN CỨU KHOA HỌC & SẢN XUẤTTN CAO SU VISORUTEX
1450,CÔNG TY CỔ PHẦN CAO SU TP HỒ CHÍ MINH
1451,CÔNG TY TNHH PHÚ VIỆT TÍN
1452,CÔNG TY TNHH ĐÔ THỊ VÀ CÔNG NGHIỆP NAM TÂN UYÊN
1453,CÔNG TY TNHH LIÊN DOANH ỐNG THÉP SENDO
1454,CÔNG TY TNHH SMC - SUMMIT
1455,CÔNG TY TNHH SMC - TOAMI
1456,CÔNG TY CỔ PHẦN ĐẦU TƯ SÀI GÒN VRG
1457,CÔNG TY TNHH DỊCH VỤ KỸ THUẬT NUÔI TRỒNG THỦY SẢN MINH PHÚ AQUAMEKONG
1458,CÔNG TY CỔ PHẦNXÃ HỘI CHUỖI TÔM RỪNG MINH PHÚ
1459,CÔNG TY TNHH MEKONG LOGISTIC
1460,CÔNG TY CỔ PHẦN ĐẦU TƯ HẠ TẦNG FCC
1461,CÔNG TY CỔ PHẦN THƯƠNG MẠI QUẢNG TRỌNG
1462,CÔNG TY CỔ PHẦN ĐẦU TƯ HITECCONS
1463,CÔNG TY CỔ PHẦN CÔNG NGHIỆP KHOÁNG CHẤT DMC
1464,CÔNG TY CỔ PHẦN CHỨNG KHOÁN DẦU KHÍ
1465,CÔNG TY LIÊN DOANH QUẢN LÝ QUỸ ĐẦU TƯ CHỨNG KHOÁN VIETCOMBANK
1466,TỔNG CÔNG TY VÀNG AGRIBANK VIỆT NAM - CÔNG TY CỔ PHẦN
1467,CÔNG TY TNHH BẢO HIỂM NHÂN THỌ VIETCOMBANK-CARDIFF
1468,CÔNG TY CỔ PHẦN DỊCH VỤ THẺ SMARTLINK
1469,CÔNG TY CỔ PHẦN THẠNH MỸ LỢI
1470,CÔNG TY CỔ PHẦN 234 THẠNH MỸ LỢI
1471,CÔNG TY CỔ PHẦN PHÁT TRIỂN ĐẤT VIỆT
1472,CÔNG TY CỔ PHẦN ĐIỆN TỬ VÀ DỊCH VỤ CÔNG NGHIỆP SÀI GÒN
1473,CÔNG TY CỔ PHẦN PHÁT TRIỂN VÀ DỊCH VỤ NHÀ BẾN THÀNH
1474,CÔNG TY TNHH KINH DOANH VĂN PHÒNG DẦU KHÍ BÀ RỊA - VŨNG TÀU
1475,CÔNG TY CỔ PHẦN DỊCH VỤ HÀNG KHÔNG SÂN BAY TÂN SƠN NHẤT
1476,CÔNG TY CỔ PHẦN PHỤC VỤ MẶT ĐẤT SÀI GÒN (SAGS)
1477,CÔNG TY CỔ PHẦN VẬN TẢI HÀNG KHÔNG MIỀN NAM
1478,CÔNG TY CỔ PHẦN THƯƠNG MẠI HÀNG KHÔNG MIỀN NAM
1479,CÔNG TY CỔ PHẦN PHỤC VỤ MẶT ĐẤT HÀ NỘI (HGS)
1480,CÔNG TY CỔ PHẦN DỊCH VỤ HÀNG HÓA HÀNG KHÔNG (ACS)
1481,CÔNG TY CỔ PHẦN KHỬ TRÙNG VIỆT NAM
1482,CÔNG TY TNHH MỸ PHẨM LG VINA
1483,CÔNG TY CỔ PHẦN ĐẦU TƯ PHÁT TRIỂN PHONG THỊNH
1484,CÔNG TY CỔ PHẦN XÂY DỰNG SỐ 12
1485,CÔNG TY CỔ PHẦN ĐẦU TƯ TCỔ PHẦN
1486,CÔNG TY CỔ PHẦN DỊCH VỤ HÀNG HÓA SÀI GÒN
1487,CÔNG TY CỔ PHẦN NHÀ GA QUỐC TẾ CAM RANH
1488,CÔNG TY CỔ PHẦN ĐẦU TƯ KHAI THÁC NHÀ GA HÀNH KHÁCH QUỐC TẾ ĐÀ NẴNG (AHT)
1489,CÔNG TY TÀI CHÍNH CỔ PHẦN VINACONEX-VIETTEL
1490,CÔNG TY CỔ PHẦN XI MĂNG CẨM PHẢ
1491,CÔNG TY CỔ PHẦN ĐẦU TƯ VÀ PHÁT TRIỂN NĂNG LƯỢNG VINACONEX (VINACONEX P&C)
1492,CÔNG TY TNHH QUỐC TẾ LIÊN DOANH VINACONEX TAISEI
1493,CÔNG TY CỔ PHẦN VIPACO
1494,CÔNG TY CỔ PHẦN ĐẦU TƯ BOT HÀ NỘI - BẮC GIANG
1495,CÔNG TY CỔ PHẦN BAO BÌ ĐẠM PHÚ MỸ
1496,CÔNG TY CỔ PHẦN PHÁT TRIỂN ĐÔ THỊ DẦU KHÍ
1497,CÔNG TY CỔ PHẦN HÓA DẦU VÀ XƠ SỢI DẦU KHÍ (PVTEX)
1498,CÔNG TY CỔ PHẦN BAO BÌ HABECO
1499,CÔNG TY CỔ PHẦN HAREC ĐẦU TƯ VÀ THƯƠNG MẠI
1500,CÔNG TY CỔ PHẦN VẬN TẢI HABECO
1501,CÔNG TY CỔ PHẦN BIA HÀ NỘI - KIM BÀI
1502,CÔNG TY TNHH THỦY TINH SANMIGUEL YAMAMURA HẢI PHÒNG
1503,CÔNG TY CỔ PHẦN ĐẦU TƯ PHÁT TRIỂN HABECO
1504,CÔNG TY TNHH TIẾP VẬN QUỐC TẾ ICD BIÊN HÒA
1505,CÔNG TY CỔ PHẦN CÀ PHÊ TÍN NGHĨA
1506,CÔNG TY CỔ PHẦN S CAFE
1507,CÔNG TY CỔ PHẦN CẢNG CONTAINER ĐỒNG NAI
1508,CÔNG TY CỔ PHẦN QUẢN LÝ DỰ ÁN TÍN NGHĨA
1509,CÔNG TY CỔ PHẦN THỐNG NHẤT (KHU CÔNG NGHIỆP BÀU XÉO)
1510,CÔNG TY CỔ PHẦN VẬN TẢI XĂNG DẦU TÍN NGHĨA
1511,CÔNG TY CỔ PHẦN THẨM ĐỊNH GIÁ ĐỒNG NAI
1512,CÔNG TY TNHH THƯƠNG MẠI QUỐC TẾ (QUẢNG ĐÔNG) VIÊN THỊ LỘC TRỜI
1513,CÔNG TY CỔ PHẦN LION AGREVO
1514,CÔNG TY CỔ PHẦN VINACONEX XUÂN MAI ĐÀ NẴNG
1515,QUỸ ĐẦU TƯ VIỆT NAM
1516,CÔNG TY CỔ PHẦN EVN QUỐC TẾ
1517,CÔNG TY CỔ PHẦN ĐẦU TƯ VÀ THƯƠNG MẠI VINACONEX-UPGC
1518,CÔNG TY CỔ PHẦN DẦU NHỜN STS
1519,CÔNG TY TNHH THÀNH PHỐ CÔNG NGHIỆP MỚI NHƠN TRẠCH
1520,CÔNG TY CỔ PHẦN ĐẦU TƯ VÀ PHÁT TRIỂN ĐIỆN BẮC MIỀN TRUNG
1521,CÔNG TY CỔ PHẦN NHIỆT ĐIỆN QUẢNG NINH
1522,CÔNG TY CỔ PHẦN BÊ TÔNG BIÊN HOÀ
1523,CÔNG TY CỔ PHẦN ĐẦU TƯ VÀ XÂY DỰNG XA LỘ HÀ NỘI
1524,CÔNG TY CỔ PHẦN CAO SU BÌNH DƯƠNG
1525,TỔNG CÔNG TY PHÁT TRIỂN HẠ TẦNG VÀ ĐẦU TƯ TÀI CHÍNH VIỆT NAM
1526,CÔNG TY CỔ PHẦN VINACONEX 21
1527,CÔNG TY CỔ PHẦN THỦY ĐIỆN ĐĂKR’TIH
1528,CÔNG TY CỔ PHẦN ĐẦU TƯ NHÂN PHÚC ĐỨC
1529,CÔNG TY CỔ PHẦN XÂY DỰNG SỐ 14
1530,CÔNG TY CỔ PHẦN XÂY DỰNG VÀ KHAI THÁC VẬT LIỆU XÂY DỰNG MIỀN TRUNG
1531,CÔNG TY CỔ PHẦN XÂY DỰNG & KINH DOANH NHÀ CỬU LONG
1532,CÔNG TY CỔ PHẦN XÂY DỰNG SỐ MỘT - VIỆT TỔNG
1533,CÔNG TY CỔ PHẦN CHƯƠNG DƯƠNG  
1534,CÔNG TY CỔ PHẦN SẢN XUẤT THÉP VIỆT ĐỨC
1535,CÔNG TY CỔ PHẦN TẬP ĐOÀN BGI
1536,CÔNG TY CỔ PHẦN ĐẦU TƯ VÀ XÂY DỰNG VINA2
1537,CÔNG TY CỔ PHẦN XÂY DỰNG SỐ 5
1538,CÔNG TY CỔ PHẦN XÂY DỰNG VÀ KINH DOANH VẬT TƯ 
1539,CÔNG TY CỔ PHẦN XÂY DỰNG MIỀN ĐÔNG
1540,CÔNG TY CỔ PHẦN XÂY DỰNG & SẢN XUẤT VẬT LIỆU XÂY DỰNG
1541,CÔNG TY CỔ PHẦN KHOÁNG SẢN TẤN PHÁT
1542,CÔNG TY CỔ PHẦN GANG THÉP CAO BẰNG
1543,CÔNG TY TNHH TƯ VẤN SÔNG ĐÀ - UCRIN
1544,CÔNG TY CỔ PHẦN ĐIỆN VIỆT - LÀO (HÀ NỘI)
1545,CÔNG TY CỔ PHẦN ĐẦU TƯ XÂY DỰNG VÀ PHÁT TRIỂN ĐÔ THỊ SÔNG ĐÀ
1546,CÔNG TY CỔ PHẦN SÔNG ĐÀ 11
1547,CÔNG TY CỔ PHẦN ĐẦU TƯ PHÁT TRIỂN ĐÔ THỊ VÀ KHU CÔNG NGHIỆP SÔNG ĐÀ
1548,CÔNG TY CỔ PHẦN B.O.O THỦ ĐỨC
1549,CÔNG TY CỔ PHẦN THỦY ĐIỆN SÔNG BA HẠ
1550,CÔNG TY CỔ PHẦN THỦY ĐIỆN MIỀN TRUNG
1551,CÔNG TY CỔ PHẦN CẤP NƯỚC GIA ĐỊNH
1552,CÔNG TY CỔ PHẦN CẤP NƯỚC NHÀ BÈ
1553,CÔNG TY CỔ PHẦN THỦY ĐIỆN VĨNH SƠN - SÔNG HINH
1554,CÔNG TY CỔ PHẦN ĐẦU TƯ VÀ KINH DOANH NƯỚC SẠCH SÀI GÒN (SWIC)
1555,CÔNG TY CỔ PHẦN THỦY ĐIỆN BÌNH ĐIỀN
1556,CÔNG TY CỔ PHẦN CƠ ĐIỆN ĐOÀN NHẤT
1557,CÔNG TY CỔ PHẦN THỦY ĐIỆN THÁC MƠ
1558,CÔNG TY CỔ PHẦN NHIỆT ĐIỆN PHẢ LẠI 
1559,CÔNG TY CỔ PHẦN THỦY ĐIỆN SROK PHU MIÊNG IDICO
1560,CÔNG TY CỔ PHẦN TỔNG CÔNG TY CỔ PHẦN ĐỊA ỐC SÀI GÒN
1561,CÔNG TY CỔ PHẦN NHIỆT ĐIỆN NINH BÌNH
1562,CÔNG TY TNHH XĂNG DẦU KIÊN GIANG
1563,CÔNG TY CỔ PHẦN THỰC PHẨM ĐÓNG HỘP KIÊN GIANG
1564,CÔNG TY CỔ PHẦN SÁCH - THIẾT BỊ TRƯỜNG HỌC KIÊN GIANG
1565,CÔNG TY CỔ PHẦN XUẤT NHẬP KHẨU Y TẾ VIỆT NAM
1566,CÔNG TY CỔ PHẦN DƯỢC PHẨM SANOFI - SYNTHELABO
1567,CÔNG TY CỔ PHẦN DƯỢC DANAPHA
1568,CÔNG TY CỔ PHẦN DƯỢC PHẨM TRUNG ƯƠNG 25
1569,CÔNG TY CỔ PHẦN DƯỢC DANAPHA - NANOSOME
1570,CÔNG TY CỔ PHẦN DƯỢC PHẨM TRUNG ƯƠNG 3
1571,CÔNG TY CỔ PHẦN DƯỢC PHẨM IMEXPHARM 
1572,CÔNG TY CỔ PHẦN SONADEZI CHÂU ĐỨC
1573,CÔNG TY CỔ PHẦN XÂY DỰNG ĐỒNG NAI
1574,CÔNG TY CỔ PHẦN ĐẦU TƯ QUỐC LỘ 91 CẦN THƠ - AN GIANG
1575,CÔNG TY CỔ PHẦN SONADEZI AN BÌNH
1576,CÔNG TY CỔ PHẦN BẾN XE VÀ DỊCH VỤ VẬN TẢI ĐỒNG NAI
1577,CÔNG TY CỔ PHẦN SƠN ĐỒNG NAI
1578,CÔNG TY CỔ PHẦN XÂY DỰNG CÔNG NGHIỆP SỐ 1 - ĐỒNG NAI
1579,CÔNG TY CỔ PHẦN THƯƠNG MẠI PHÁT TRIỂN SÀI GÒN 268
1580,CÔNG TY CỔ PHẦN NETNAM
1581,CÔNG TY CỔ PHẦN DỊCH VỤ SONADEZI
1582,CÔNG TY CỔ PHẦN ZA HƯNG
1583,CÔNG LY CỔ PHẦN NĂNG LƯỢNG AGRITA QUÀNG NAM
1584,CÔNG TY CỔ PHẦN THUỶ ĐIỆN SÔNG TRANH 4
1585,CÔNG TY CỔ PHẦN BẢO HIỂM LANEXANG
1586,CÔNG TY CỔ PHẦN BẤT ĐỘNG SẢN BƯU ĐIỆN (POSTRE)
1587,CÔNG TY CỔ PHẦN VIỄN THÔNG TIN HỌC ĐIỆN TỬ (KASATI)
1588,CÔNG TY CỔ PHẦN PHÁT TRIỂN ĐƯỜNG CAO TỐC BIÊN HÒA - VŨNG TÀU
1589,CÔNG TY CỔ PHẦN XÂY DỰNG SỐ 1 SÔNG HỒNG
1590,CÔNG TY CỔ PHẦN ĐẦU TƯ XÂY DỰNG LẮP MÁY IDICO
1591,CÔNG TY CỔ PHẦN BAO BÌ TIỀN PHONG
1592,CÔNG TY CỔ PHẦN NHỰA THIẾU NIÊN TIỀN PHONG PHÍA NAM
1593,CÔNG TY CỔ PHẦN ĐẦU TƯ XÂY DỰNG VINATEX
1594,CÔNG TY CỔ PHẦN KỸ THUẬT NAM CÔNG
1595,CÔNG TY CỔ PHẦN TẬP ĐOÀN PAN
1596,CÔNG TY CỔ PHẦN XÂY LẮP ĐIỆN BẮC THÁI
1597,QUỸ ĐẦU TƯ CHỨNG KHOÁN Y TẾ BẢN VIỆT (VCHF)
1598,CÔNG TY CỔ PHẦN SÀI GÒN-RẠCH GIÁ
1599,CÔNG TY TNHH PHÚC TIẾN HẢI PHÒNG
1600,CÔNG TY CỔ PHẦN DU LỊCH NBC CAM BÌNH RESORT
1601,CÔNG TY CỔ PHẦN MAY SÔNG TIỀN
1602,CÔNG TY CỔ PHẦN MAY NHÀ BÈ - SÓC TRĂNG
1603,CÔNG TY CỔ PHẦN XÂY LẮP CÔNG NGHIỆP NHÀ BÈ
1604,CÔNG TY CỔ PHẦN TƯ VẤN CÔNG NGHỆ NHÀ BÈ
1605,CÔNG TY CỔ PHẦN ĐẦU TƯ VÀ PHÁT TRIỂN DỊCH VỤ THƯƠNG MẠI NHÀ BÈ
1606,CÔNG TY CỔ PHẦN MAY 9 - NAM ĐỊNH
1607,CÔNG TY TNHH MAY VINATEX TƯ NGHĨA
1608,CÔNG TY CỔ PHẦN MAY PHÚ THỊNH - NHÀ BÈ
1609,CÔNG TY CỔ PHẦN ĐẦU TƯ SERENITY
1610,CÔNG TY CỔ PHẦN ĐẦU TƯ BẤT ĐỘNG SẢN BIDICI
1611,CÔNG TY TNHH ĐẦU TƯ XÂY DỰNG CÔNG TRÌNH PĐP
1612,CÔNG TY CỔ PHẦN NƯỚC SÀI GÒN - AN KHÊ
1613,CÔNG TY CỔ PHẦN LICOGI 166
1614,CÔNG TY CỔ PHẦN LICOGI 16.8
1615,CÔNG TY CỔ PHẦN ĐIỆN LỰC LICOGI 16
1616,CÔNG TY CỔ PHẦN CẤP NƯỚC KHU KINH TẾ ĐÔNG NAM QUẢNG TRỊ
1617,CÔNG TY CỔ PHẦN ĐẦU TƯ XÂY DỰNG CẤP THOÁT NƯỚC SƠN THẠNH
1618,CÔNG TY CỔ PHẦN CẤP NƯỚC CẦN THƠ 2
1619,CÔNG TY CỔ PHẦN CẤP THOÁT NƯỚC LONG AN
1620,CÔNG TY CỔ PHẦN CẤP THOÁT NƯỚC CẦN THƠ
1621,CÔNG TY CỔ PHẦN CẤP NƯỚC CÀ MAU
1622,CÔNG TY CỔ PHẦN BẮC GIANG LẠNG SƠN HỮU NGHỊ
1623,CÔNG TY TNHH NHIÊN LIỆU SINH HỌC PHƯƠNG ĐÔNG
1624,CÔNG TY CỔ PHẦN ĐẦU TƯ KHOÁNG SẢN QUẢNG NGÃI
1625,CÔNG TY CỔ PHẦN DU LỊCH GOLF VŨNG TÀU
1626,CÔNG TY CỔ PHẦN ĐẦU TƯ XÂY DỰNG THÀNH PHÚC
1627,CÔNG TY CỔ PHẦN HỢP TÁC KINH TẾ VÀ XUẤT NHẬP KHẨU SAVIMEX
1628,CÔNG TY CỔ PHẦN ĐẦU TƯ VÀ PHÁT TRIỂN HOÀNG AN
1629,CÔNG TY CỔ PHẦN DỆT MAY GIA ĐỊNH
1630,CÔNG TY CỔ PHẦN THỦY ĐIỆN YÊN BÌNH
1631,CÔNG TY CỔ PHẦN GẠCH MEN ANH EM DIC
1632,CÔNG TY CỔ PHẦN DIC TOÀN CẦU
1633,CÔNG TY CỔ PHẦN BẤT ĐỘNG SẢN DIC
1634,CÔNG TY CỔ PHẦN ĐẦU TƯ PHÁT TRIỂN XÂY DỰNG BÊ TÔNG
1635,CÔNG TY CỔ PHẦN XÂY DỰNG DIC HOLDINGS
1636,CÔNG TY CỔ PHẦN ĐẦU TƯ PHÁT TRIỂN - XÂY DỰNG SỐ 2
1637,CÔNG TY CỔ PHẦN ĐẦU TƯ -XÂY DỰNG CHÁNH PHÚ HÒA
1638,CÔNG TY CỔ PHẦN CẤP NƯỚC ĐỒNG NAI
1639,TỔNG CÔNG TY SẢN XUẤT - XUẤT NHẬP KHẨU BÌNH DƯƠNG - CÔNG TY CỔ PHẦN
1640,TỔNG CÔNG TY THƯƠNG MẠI XUẤT NHẬP KHẨU THANH LỄ - CÔNG TY CỔ PHẦN
1641,CÔNG TY CỔ PHẦN ĐẦU TƯ ĐẤT VIỄN ĐÔNG
1642,CÔNG TY LIÊN DOANH TNHH NIPPON EXPRESS VIỆT NAM
1643,CÔNG TY CỔ PHẦN XUẤT NHẬP KHẨU VÀ ĐẦU TƯ CHỢ LỚN (CHOLIMEX)
1644,CÔNG TY CỔ PHẦN VẬN TẢI VÀ XẾP DỠ HẢI AN
1645,CÔNG TY CỔ PHẦN CUNG ỨNG VÀ DỊCH VỤ KỸ THUẬT HÀNG HẢI
1646,CÔNG TY CỔ PHẦN NNR MIZUKI
1647,CÔNG TY TNHH ANABUKI NL HOUSING SERVICE VIỆT NAM
1648,CÔNG TY CỔ PHẦN VẬN TẢI XĂNG DẦU VIPCO
1649,CÔNG TY LIÊN DOANH TNHH KHO XĂNG DẦU NGOẠI QUAN VÂN PHONG
1650,CÔNG TY CỔ PHẦN XÂY LẮP PETROLIMEX 1
1651,TỔNG CÔNG TY TÁI BẢO HIỂM QUỐC GIA
1652,CÔNG TY CỔ PHẦN ĐẦU TƯ DỊCH VỤ VÀ HẠ TẦNG XĂNG DẦU (PLAND)
1653,CÔNG TY CỔ PHẦN THƯƠNG MẠI VÀ SỬA CHỮA ÔTÔ PETROLIMEX
1654,CÔNG TY CỔ PHẦN TÂN CẢNG GIAO LONG
1655,CÔNG TY TNHH THƯƠNG MẠI VINH QUANG
1656,CÔNG TY CỔ PHẦN SẢN XUẤT & KINH DOANH THƯƠNG MẠI THÀNH ĐẠT
1657,CÔNG TY TNHH ĐẦU TƯ & PHÁT TRIỂN TÂN ĐẠI PHÁT
1658,CÔNG TY TNHH KHÍ DẦU MỎ HÓA LỎNG BE TA GAS
1659,CÔNG TY TNHH BÌNH KHÍ ĐỐT HONGVINA
1660,CÔNG TY CỔ PHẦN KHU CÔNG NGHIỆP NAM TÂN UYÊN
1661,CÔNG TY CỔ PHẦN THỂ THAO NGÔI SAO GERU
1662,CÔNG TY TNHH B.O.T ĐT830
1663,CÔNG TY CỔ PHẦN NĂNG LƯỢNG BCG - BĂNG DƯƠNG
1664,CÔNG TY CỔ PHẦN ASSINO HIGHLAND AGRICULTURE
1665,GEMADEPT (MALAYSIA) LTD.
1666,CÔNG TY TNHH CJ GEMADEPT SHIPPING HOLDINGS
1667,CÔNG TY TNHH MỘT THÀNH VIÊN VẬN TẢI BIỂN GEMADEPT
1668,GEMADEPT SHIPPING SINGAPORE PTE. LTD.
1669,CÔNG TY CỔ PHẦN CẢNG CÁI MÉP GEMADEPT - TERMINAL LINK
1670,CÔNG TY TNHH TIẾP VẬN “K” LINE – GEMADEPT
1671,CÔNG TY TNHH CJ GEMADEPT LOGISTICS HOLDINGS
1672,CÔNG TY CỔ PHẦN DU LỊCH VÀ KHÁCH SẠN SUỐI MƠ
1673,CÔNG TY CỔ PHẦN XI MĂNG CẨM PHẢ
1674,CÔNG TY CỔ PHẦN ĐẦU TƯ PHÁT TRIỂN ĐIỆN MIỀN BẮC 2
1675,CÔNG TY TNHH THƯƠNG MẠI & DỊCH VỤ THIÊN QUÝ
1676,CÔNG TY CỔ PHẦN IN VÀ VĂN HÓA PHẨM
1677,CÔNG TY CỔ PHẦN KIMH DOANH ĐỊA ỐC VĂN PHÚ
1678,CÔNG TY CỔ PHẦN ĐẦU TƯ PHÁT TRIỂN THƯƠNG MẠI VĂN PHÚ
1679,CÔNG TY CỔ PHẦN ĐẦU TƯ BOT HÀ NỘI - BẮC GIANG
1680,CÔNG TY TNHH MỘT THÀNH VIÊN GEMADEPT HẢI PHÒNG
1681,CÔNG TY TNHH MỘT THÀNH VIÊN TIẾP VẬN GEMADEPT
1682,CÔNG TY TNHH OOCL LOGISTICS (VIỆT NAM)
1683,CÔNG TY TNHH THƯƠNG MẠI QUẢ CẦU VÀNG
1684,CÔNG TY CỔ PHẦN DU LỊCH MINH ĐẠM
1685,CÔNG TY TNHH GOLDEN GLOBE
1686,CÔNG TY CỔ PHẦN DỊCH VỤ HÀNG HÓA SÀI GÒN
1687,CÔNG TY CỔ PHẦN THƯƠNG CẢNG VŨNG TÀU
1688,CÔNG TY CỔ PHẦN LIÊN HIỆP THỰC PHẨM
1689,CÔNG TY CỔ PHẦN GẠCH MEN THANH THANH 
1690,CÔNG TY TNHH XÂY DỰNG FICO - COREA
1691,CÔNG TY CỔ PHẦN BÊ TÔNG FICO PAN-UNITED
1692,CÔNG TY CỔ PHẦN FICO CÔNG NGHỆ CAO
1693,CÔNG TY CỔ PHẦN VITALY
1694,CÔNG TY TNHH KHAI THÁC ĐÁ TÂN SƠN
1695,CÔNG TY CỔ PHẦN KHOÁNG SẢN FICO BÌNH PHƯỚC
1696,CÔNG TY TNHH ĐẦU TƯ XÂY DỰNG TÂN BÁCH VIỆT
1697,CÔNG TY CỔ PHẦN HÓA AN
1698,CÔNG TY TNHH CĂN HỘ VƯỜN PHỐ VIỆT NAM
1699,CÔNG TY CỔ PHẦN GẠCH NGÓI ĐỒNG NAI
1700,CÔNG TY CỔ PHẦN MEKONG LOGISTIC
1701,CÔNG TY CỔ PHẦN HAVALI FICO
1702,CÔNG TY CỔ PHẦN HÀ THÁI VINA THÁI BÌNH
1703,CÔNG TY CỔ PHẦN NĂNG LƯỢNG TÁI TẠO LICOGI 13
1704,CÔNG TY TNHH TRUNG CHÍNH
1705,CÔNG TY CỔ PHẦN CÔNG NGHỆ VÀ VẬT LIỆU CHUYÊN DỤNG LICOGI13
1706,CÔNG TY CỔ PHẦN TƯ VẤN AGI & GLC
1707,CÔNG TY CỔ PHẦN TƯ VẤN AGI & HVC
1708,CÔNG TY CỔ PHẦN TƯ VẤN AGI & DDC
1709,CÔNG TY TNHH DMC-VTS
1710,CÔNG TY CỔ PHẦN PT NHÀ PHONG PHÚ - DAEWON - THỦ ĐỨC
1711,CÔNG TY CỔ PHẦN MAY ĐÀ LẠT
1712,CÔNG TY CỔ PHẦN DỆT ĐÔNG NAM
1713,CÔNG TY TNHH COATS PHONG PHÚ
1714,CÔNG TY CỔ PHẦN XÚC TIẾN THƯƠNG MẠI VÀ ĐẦU TƯ PHONG PHÚ
1715,CÔNG TY CỔ PHẦN DỆT MAY NHA TRANG
1716,CÔNG TY CỔ PHẦN ĐẦU TƯ PHÁT TRIỂN NHÀ VÀ ĐÔ THỊ HUD SÀI GÒN
1717,CÔNG TY CỔ PHẦN ĐẦU TƯ VÀ PHÁT TRIỂN HẠ TẦNG AN VIỆT
1718,CÔNG TY CỔ PHẦN DỊCH VỤ DU LỊCH PHÚ THỌ
1719,CÔNG TY CỔ PHẦN CAPELLA VIỆT NAM
1720,CÔNG TY CỔ PHẦN ROSLAND
1721,CÔNG TY CỔ PHẦN ĐẦU TƯ ĐỊA ỐC KIM THÀNH
1722,CÔNG TY CỔ PHẦN ĐẦU TƯ SVG
1723,CÔNG TY CỔ PHẦN KHU CÔNG NGHIỆP THÀNH THÀNH CÔNG
1724,CÔNG TY CỔ PHẦN ĐẦU TƯ XÂY DỰNG IDICO - LONG AN
1725,CÔNG TY CỔ PHẦN BAO BÌ KHO BÃI BÌNH TÂY
1726,CÔNG TY CỔ PHẦN MAY TIẾN PHÁT
1727,CÔNG TY CỔ PHẦN TESTCO
1728,CÔNG TY CỔ PHẦN ĐTKD AN PHÚ HƯNG
1729,CÔNG TY CỔ PHẦN GREENPAN
1730,CÔNG TY CỔ PHẦN XÂY LẮP THỪA THIÊN HUẾ
1731,CÔNG TY CỔ PHẦN PHILIPS CARBON BLACK VIET NAM
1732,CÔNG TY CỔ PHẦN THUẬN ĐỨC ECO
1733,CÔNG TY CỔ PHẦN ĐẦU TƯ CÔNG NGHỆ BTL VIỆT NAM
1734,CÔNG TY CỔ PHẦN CAO SU BIDIPHAR
1735,CÔNG TY CỔ PHẦN VẬN CHUYỂN VINALINK
1736,CÔNG TY LIÊN DOANH FC (VIỆT NAM)
1737,CÔNG TY LIÊN DOANH LCM (VIỆT NAM)
1738,CÔNG TY CỔ PHẦN LOGISTICS KIM THÀNH
1739,CÔNG TY CỔ PHẦN GIAO NHẬN VẬN TẢI MIỀN TRUNG (VINATRANS ĐÀ NẴNG)
1740,CÔNG TY LIÊN DOANH RCL (VIETNAM)
1741,CÔNG TY TNHH VẬN TẢI VIỆT NHẬT KONOIKE VINA (JAPAN)
1742,CÔNG TY CỔ PHẦN DỊCH VỤ TỔNG HỢP HẢI AN
1743,CÔNG TY TNHH ĐẠI LÝ VÀ TIẾP VẬN HẢI AN
1744,CÔNG TY CỔ PHẦN GIAO NHẬN VẬN TẢI HẢI AN
1745,CÔNG TY CỔ PHẦN ĐẦU TƯ BOT HÀ NỘI - BẮC GIANG
1746,CÔNG TY TNHH PHÚ QUỐC – SASCO
1747,CÔNG TY CỔ PHẦN THƯƠNG MẠI XĂNG DẦU TÂN SƠN NHẤT
1748,CÔNG TY CỔ PHẦN NHÀ VIỆT (VIETHAUS)
1749,CÔNG TY CỔ PHẦN PHÁT TRIỂN VƯỜN XANH
1750,CÔNG TY CỔ PHẦN ĐẦU TƯ THƯƠNG MẠI BẦU TRỜI XANH
1751,CÔNG TY TNHH SASCO LAND
1752,CÔNG TY CỔ PHẦN PHÁT TRIỂN ĐÔ THỊ KIÊN GIANG
1753,CÔNG TY THƯƠNG MẠI DỊCH VỤ THỜI TRANG HÀ NỘI (HAFASCO)
1754,CÔNG TY CỔ PHẦN DỊCH VỤ XUẤT NHẬP KHẨU NÔNG SẢN HÀ NỘI
1755,CÔNG TY CỔ PHẦN SẢN XUẤT KINH DOANH GIA SÚC GIA CẦM
1756,CÔNG TY CỔ PHẦN KD XUẤT NHẬP KHẨU AN PHÚ HƯNG
1757,CÔNG TY CỔ PHẦN 4P
1758,CÔNG TY CỔ PHẦN ĐẦU TƯ VÀ THƯƠNG MẠI ĐIỆN QUANG
1759,CÔNG TY CỔ PHẦN MAY KLW VIỆT NAM
1760,CÔNG TY CỔ PHẦN PHÁT TRIỂN THƯƠNG MẠI VÀ DU LỊCH HÀ NỘI
1761,CÔNG TY CỔ PHẦN SIÊU THỊ VHSC (VIỆT NAM)
1762,CÔNG TY CỔ PHẦN ĐẦU TƯ PHÁT TRIỂN HẠ TẦNG THƯƠNG MẠI HÀ NỘI
1763,CÔNG TY CỔ PHẦN PHÁT TRIỂN THƯƠNG MẠI HÀ NỘI
1764,CÔNG TY CỔ PHẦN THƯƠNG MẠI - ĐẦU TƯ LONG BIÊN
1765,CÔNG TY CỔ PHẦN KHÁCH SẠN TRÀNG THI
1766,CÔNG TY TNHH CAO ỐC Á CHÂU
1767,CÔNG TY CỔ PHẦN THƯƠNG MẠI MIỀN NÚI PHÚ THỌ
1768,CÔNG TY CỔ PHẦN THÔNG TIN HAPRO
1769,CÔNG TY CỔ PHẦN DƯỢC OPC BẮC GIANG
1770,CÔNG TY CỔ PHẦN PHÂN PHỐI HAPRO
1771,CÔNG TY CỔ PHẦN LIÊN HỢP XUẤT NHẬP KHẨU VÀ ĐẦU TƯ HÀ NỘI
1772,CÔNG TY CỔ PHẦN NỘI THẤT SINH THÁI HAPRO
1773,CÔNG TY CỔ PHẦN ONG MẬT HÀ NỘI
1774,CÔNG TY CỔ PHẦN SẢN XUẤT CHẾ BIẾN XUẤT NHẬP KHẨU ĐIỀU HAPRO BÌNH PHƯỚC
1775,CÔNG TY CỔ PHẦN VANG THĂNG LONG
1776,CÔNG TY CỔ PHẦN CÔNG NGHỆ CAO LOTTE-HPT
1777,CÔNG TY CỔ PHẦN CÔNG NGHỆ SÀI GÒN - STG
1778,CÔNG TY CỔ PHẦN THIÊN VIỆT RESORT & SPA
1779,CÔNG TY CỔ PHẦN QUẢN LÝ KHÁCH SẠN CRYSTAL HOLIDAYS
1780,CÔNG TY CỔ PHẦN QUẢN LÝ DU THUYỀN QUỐC TẾ CRYSTAL HOLIDAYS
1781,CÔNG TY CỔ PHẦN ĐẦU TƯ XUÂN ĐÀI BAY
