,Xếp hạng VNR500,Mã số thuế,Mã chứng khoán,Trụ sở chính,Tel,Fax,E-mail,Website,url
0,1(B2/2021)-5(B1/2021),101245486,VIC,"Số 7, Đường Bằng Lăng 1, KĐT Sinh Thái Vinhome Riverside - Phường Việt Hưng - Quận Long Biên - TP. Hà Nội",024-39749999,024-39748888,info@vingroup.net,,https://s.cafef.vn/Ajax/CongTy/CongTyCon.aspx?sym=VIC
1,8(B1/2021),100150619,BID,"Tháp BIDV, số 35 Hàng Vôi - Phường Lý Thái Tổ - Quận Hoàn Kiếm - TP. Hà Nội",024-22205544,024-22200399,info@bidv.com.vn,,https://s.cafef.vn/Ajax/CongTy/CongTyCon.aspx?sym=BID
2,7(B1/2021),100107370,PLX,1 Khâm Thiên - Phường Khâm Thiên - Quận Đống Đa - TP. Hà Nội,024-38512603,024-38519203,banbientapweb@petrolimex.com.vn,,https://s.cafef.vn/Ajax/CongTy/CongTyCon.aspx?sym=PLX
3,4(B2/2021)-13(B1/2021),900189284,HPG,KCN Phố Nối A - Xã Giai Phạm - Huyện Yên Mỹ - Tỉnh Hưng Yên,024-62848666,024-62833456,prm@hoaphat.com.vn,,https://s.cafef.vn/Ajax/CongTy/CongTyCon.aspx?sym=HPG
4,14(B1/2021),100112437,VCB,198 Trần Quang Khải - Phường Lý Thái Tổ - Quận Hoàn Kiếm - TP. Hà Nội,024-39343137,024-38252980,,,https://s.cafef.vn/Ajax/CongTy/CongTyCon.aspx?sym=VCB
5,12(B1/2021),100111948,CTG,108 Trần Hưng Đạo - Phường Cửa Nam - Quận Hoàn Kiếm - TP. Hà Nội,024-39421030,024-39421032,contact@vietinbank.vn,,https://s.cafef.vn/Ajax/CongTy/CongTyCon.aspx?sym=CTG
6,2(B2/2021)-9(B1/2021),306731335,MWG,"Lô T2-1.2 đường D1, Khu Công Nghệ Cao, Phường Tân Phú, Quận 9, TP.HCM",028-38125960,028-38125961,investor@thegioididong.com,,https://s.cafef.vn/Ajax/CongTy/CongTyCon.aspx?sym=MWG
7,5(B2/2021)-15(B1/2021),303576603,MSN,"Tầng 8, Tòa nhà Central Plaza, 17 Lê Duẩn - Phường Bến Nghé - Quận 1 - TP. Hồ Chí Minh",028-62563862,028-38274115,investorrelation@masangroup.com,,https://s.cafef.vn/Ajax/CongTy/CongTyCon.aspx?sym=MSN
8,24(B1/2021),100111761,BVH,Số 72 phố Trần Hưng Đạo - Phường Trần Hưng Đạo - Quận Hoàn Kiếm - TP. Hà Nội,024-39289898 / 39289999,024-39289609 / 39289610,service@baoviet.com.vn,,https://s.cafef.vn/Ajax/CongTy/CongTyCon.aspx?sym=BVH
9,17(B1/2021),3500102710,GAS,Tòa nhà PVGas Tower - 673 Nguyễn Hữu Thọ - Xã Phước Kiến - Huyện Nhà Bè - TP. Hồ Chí Minh,028-37816777,028-37815666,pvgas@pvgas.com.vn,,https://s.cafef.vn/Ajax/CongTy/CongTyCon.aspx?sym=GAS
10,6(B2/2021)-18(B1/2021),3600252847,THA,"Tòa nhà SOFIC, số 10 Mai Chí Thọ - Phường Thủ Thiêm - Quận 2 - TP. Hồ Chí Minh",028-39977824/25/26,028-39977742,rep-office@thaco.com.vn,,https://s.cafef.vn/Ajax/CongTy/CongTyCon.aspx?sym=THA
11,7(B2/2021)-19(B1/2021),100233583,VPB,Số 89 Láng Hạ - Phường Láng Hạ - Quận Đống Đa - TP. Hà Nội,024-39288869,024-39288867,customercare@vpb.com.vn,,https://s.cafef.vn/Ajax/CongTy/CongTyCon.aspx?sym=VPB
12,8(B2/2021)-20(B1/2021),300588569,VNM,Số 10 Tân Trào - Phường Tân Phú - Quận 7 - TP. Hồ Chí Minh,028-54155555,028-54161226,vinamilk@vinamilk.com.vn,,https://s.cafef.vn/Ajax/CongTy/CongTyCon.aspx?sym=VNM
13,9(B2/2021)-22(B1/2021),311449990,SCB,19-21-23-25 Nguyễn Huệ - Phường Bến Nghé - Quận 1 - TP. Hồ Chí Minh,028-22228686,028-99225888,scb.ttth@scb.com.vn,,https://s.cafef.vn/Ajax/CongTy/CongTyCon.aspx?sym=SCB
14,12(B2/2021)-29(B1/2021),301103908,STB,266-268 Nam Kỳ Khởi Nghĩa - Phường Võ Thị Sáu - Quận 3 - TP. Hồ Chí Minh,028-39320420,028-39320424,ask@sacombank.com,,https://s.cafef.vn/Ajax/CongTy/CongTyCon.aspx?sym=STB
15,11(B2/2021)-28(B1/2021),100230800,TCB,"Tòa tháp Techcombank, Số 191 Bà Triệu - Phường Lê Đại Hành - Quận Hai Bà Trưng - TP. Hà Nội",024-39446368,024-39446395,ho@techcombank.com.vn,,https://s.cafef.vn/Ajax/CongTy/CongTyCon.aspx?sym=TCB
16,26(B1/2021),100107518,HVN,200 Nguyễn Sơn - Phường Bồ Đề - Quận Long Biên - TP. Hà Nội,024-38320320,024-38722375,vanthu.corp@vietnamair.com.vn,,https://s.cafef.vn/Ajax/CongTy/CongTyCon.aspx?sym=HVN
17,23(B1/2021),100283873,MBB,"Tòa nhà MB, Số 18 Lê Văn Lương - Phường Trung Hòa - Quận Cầu Giấy - TP. Hà Nội",024-62661088,024-62661080,info@mbbank.com.vn,,https://s.cafef.vn/Ajax/CongTy/CongTyCon.aspx?sym=MBB
18,30(B1/2021),3502208399,PGV,"Số 60-66 Nguyễn Cơ Thạch, Khu đô thị Sala - Phường An Lợi Đông - Quận 2 - TP. Hồ Chí Minh",028-36367449,028-36367450,genco3@genco3.evn.vn,,https://s.cafef.vn/Ajax/CongTy/CongTyCon.aspx?sym=PGV
19,14(B2/2021)-34(B1/2021),301452948,ACB,442 Nguyễn Thị Minh Khai - Phường 05 - Quận 3 - TP. Hồ Chí Minh,028-39290999,028-38399885,acb@acb.com.vn,,https://s.cafef.vn/Ajax/CongTy/CongTyCon.aspx?sym=ACB
20,15(B2/2021)-37(B1/2021),1800278630,SHB,77 Trần Hưng Đạo - Phường Trần Hưng Đạo - Quận Hoàn Kiếm - TP. Hà Nội,024-39423388,024-39410944,shbank@shb.com.vn,,https://s.cafef.vn/Ajax/CongTy/CongTyCon.aspx?sym=SHB
21,44(B1/2021),300583659,SAB,Số 187 Nguyễn Chí Thanh - Phường 12 - Quận 5 - TP. Hồ Chí Minh,028-38296342,028-38296856,sabeco@sabeco.com.vn,,https://s.cafef.vn/Ajax/CongTy/CongTyCon.aspx?sym=SAB
22,16(B2/2021)-42(B1/2021),101248141,FPT,"Tòa nhà FPT Cầu Giấy, Số 17 phố Duy Tân - Phường Dịch Vọng Hậu - Quận Cầu Giấy - TP. Hà Nội",024-73007300,024-37687410,fptnews@fpt.com.vn / ir@fpt.com.vn,,https://s.cafef.vn/Ajax/CongTy/CongTyCon.aspx?sym=FPT
23,18(B2/2021)-50(B1/2021),300608092,HDB,25Bis Nguyễn Thị Minh Khai - Phường Bến Nghé - Quận 1 - TP. Hồ Chí Minh,028-62915916,028-62915900,info@hdbank.com.vn,,https://s.cafef.vn/Ajax/CongTy/CongTyCon.aspx?sym=HDB
24,17(B2/2021)-46(B1/2021),3700381324,HSG,183 Nguyễn Văn Trỗi - Phường 10 - Quận Phú Nhuận - TP Hồ Chí Minh,028-39990111,,sales@hoasengroup.vn,,https://s.cafef.vn/Ajax/CongTy/CongTyCon.aspx?sym=HSG
25,43(B1/2021),102276173,POW,"Tầng 8-9 Tòa nhà VPI, Số 173 Trung Kính - Phường Trung Kính - Quận Cầu Giấy - TP. Hà Nội",024-22210288,024-22210388,info@pv-power.vn,,https://s.cafef.vn/Ajax/CongTy/CongTyCon.aspx?sym=POW
26,47(B1/2021),1800590430,GE2,Số 01 Lê Hồng Phong - Phường Trà Nóc - Quận Bình Thuỷ - TP. Cần Thơ,0292-2461507,0292-2227446,evngenco2@gmail.com,,https://s.cafef.vn/Ajax/CongTy/CongTyCon.aspx?sym=GE2
27,19(B2/2021)-52(B1/2021),302017440,MCH,"Tầng 12, Tòa nhà Mplaza Saigon, Số 39 Lê Duẩn - Phường Bến Nghé - Quận 1 - TP. Hồ Chí Minh",028-62555660,028-38109463,danielle@msn.masangroup.com,,https://s.cafef.vn/Ajax/CongTy/CongTyCon.aspx?sym=MCH
28,49(B1/2021),301266564,GVR,236 Nam Kỳ Khởi Nghĩa - Phường 06 - Quận 3 - TP. Hồ Chí Minh,028-39325234,028-39327341,vrg@rubbergroup.vn,,https://s.cafef.vn/Ajax/CongTy/CongTyCon.aspx?sym=GVR
29,59(B1/2021),102409426,VGI,"Tầng 39,40 Keangnam Hanoi Landmark Tower, Khu E6 KĐT mới Cầu - Phường Mễ Trì - Quận Nam Từ Liêm - Hà Nội",024-62626868,024-62568686,,,https://s.cafef.vn/Ajax/CongTy/CongTyCon.aspx?sym=VGI
30,20(B2/2021)-57(B1/2021),102325399,VJC,302/3 phố Kim Mã - Phường Ngọc Khánh - Quận Ba Đình - TP. Hà Nội,024-71086668,024-37281838,info@vietjetair.com,,https://s.cafef.vn/Ajax/CongTy/CongTyCon.aspx?sym=VJC
31,56(B1/2021),100150577,PVS,Lầu 5 - PetroVietnam Tower - số 1-5 Lê Duẩn - Quận 1 - TP. Hồ Chí Minh,028-39102828,028-39102929,ptsc@ptsc.com.vn,,https://s.cafef.vn/Ajax/CongTy/CongTyCon.aspx?sym=PVS
32,21(B2/2021)-58(B1/2021),100233488,VIB,"Tầng 1 (tầng trệt) và tầng 2, Tòa nhà Sailing Tower, số 111A Pasteur, Phường Bến Nghé, Quận 1, TP. HCM, Việt Nam",(84-4) 6 276 0068,(84-4) 6 276 0069,vib@vib.com.vn,,https://s.cafef.vn/Ajax/CongTy/CongTyCon.aspx?sym=VIB
33,24(B2/2021)-64(B1/2021),6300048638,LPB,"Tòa nhà Thaiholdings Tower, Số 210 đường Trần Quang Khải - Phường Tràng Tiền - Quận Hoàn Kiếm - TP. Hà Nội",024-62668668,024-62669669,dichvukhachhang@lienvietpostbank.com.vn,,https://s.cafef.vn/Ajax/CongTy/CongTyCon.aspx?sym=LPB
34,25(B2/2021)-65(B1/2021),102683813,FLC,"Tầng 5, Tòa nhà FLC Land Mark Tower Đường Lê Đức Thọ-Phường Mỹ Đình 2-Quận Nam Từ Liêm-TP. Hà Nội",024-37711111,024-37245888,info@flc.vn,,https://s.cafef.vn/Ajax/CongTy/CongTyCon.aspx?sym=FLC
35,26(B2/2021)-66(B1/2021),100100512,GEX,GELEX Tower - 52 Lê Đại Hành - Phường Lê Đại Hành - Quận Hai Bà Trưng - TP. Hà Nội,024-39726245 / 46,024-39726282,gelex@gelex.vn,,https://s.cafef.vn/Ajax/CongTy/CongTyCon.aspx?sym=GEX
36,27(B2/2021)-68(B1/2021),102744865,TPB,"Tòa nhà TPBank, Số 57 Lý Thường Kiệt - Phường Trần Hưng Đạo - Quận Hoàn Kiếm - TP. Hà Nội",024-37688998,024-37688979,info@tpb.com.vn,,https://s.cafef.vn/Ajax/CongTy/CongTyCon.aspx?sym=TPB
37,30(B2/2021)-73(B1/2021),300521758,PNJ,170E Phan Đăng Lưu - Phường 3 - Quận Phú Nhuận - TP. Hồ Chí Minh,028-39951703,028-39951702,pnj@pnj.com.vn,,https://s.cafef.vn/Ajax/CongTy/CongTyCon.aspx?sym=PNJ
38,76(B1/2021),104093672,VTP,Số 1 Giang Văn Minh - Phường Kim Mã - Quận Ba Đình - TP. Hà Nội,024-62660306,024-69522490,cskh@viettelpost.com.vn,,https://s.cafef.vn/Ajax/CongTy/CongTyCon.aspx?sym=VTP
39,35(B2/2021)-82(B1/2021),301154821,SVC,66B - 68 Nam Kỳ Khởi Nghĩa - Phường Nguyễn Thái Bình - Quận 1 - TP. Hồ Chí Minh,028-38213913,028-38215993,savico@savico.com.vn,,https://s.cafef.vn/Ajax/CongTy/CongTyCon.aspx?sym=SVC
40,36(B2/2021)-84(B1/2021),303522206,SMC,Số 396 Ung Văn Khiêm - Phường 25 - Quận Bình Thạnh - TP. Hồ Chí Minh,028-38992299,028-38980909,smc@smc.vn,,https://s.cafef.vn/Ajax/CongTy/CongTyCon.aspx?sym=SMC
41,37(B2/2021)-86(B1/2021),3900244389,SBT,Xã Tân Hưng - Huyện Tân Châu - Tỉnh Tây Ninh,0276-3753250,0276-3839834,ttcs@ttcsugar.com.vn,,https://s.cafef.vn/Ajax/CongTy/CongTyCon.aspx?sym=SBT
42,40(B2/2021)-91(B1/2021),311609355,FRT,Số 261-263 Khánh Hội - Phường 5 - Quận 4 - TP. Hồ Chí Minh,028-73023456,028-39435773,investor@frt.vn,,https://s.cafef.vn/Ajax/CongTy/CongTyCon.aspx?sym=FRT
43,43(B2/2021)-95(B1/2021),2000393273,MPC,KCN Phường 8 - Phường 8 - TP. Cà Mau - Tỉnh Cà Mau,0290-3839391,0290-3668795,minhphu@minhphu.com,,https://s.cafef.vn/Ajax/CongTy/CongTyCon.aspx?sym=MPC
44,45(B2/2021)-101(B1/2021),300452060,PET,"Lầu 6, Tòa nhà Petrovietnam, Số 1-5 Lê Duẩn - Phường Bến Nghé - Quận 1 - TP. Hồ Chí Minh",028-39117777,028-39116789,info@petrosetco.com.vn,,https://s.cafef.vn/Ajax/CongTy/CongTyCon.aspx?sym=PET
45,41(B2/2021)-92(B1/2021),303443233,CTD,236/6 Điện Biên Phủ-Phường 17-Quận Bình Thạnh-TP. Hồ Chí Minh,028-35142255/35142266,028-35142277,contact@coteccons.vn,,https://s.cafef.vn/Ajax/CongTy/CongTyCon.aspx?sym=CTD
46,48(B2/2021)-105(B1/2021),302861742,DWG,"Tầng 8, Tòa nhà Ngân hàng Nam Á, 201-203 Cách Mạng Tháng 8 - Phường 4 - Quận 3 - TP. Hồ Chí Minh",028-39290059,028-39290060,comms@dgw.com.vn,,https://s.cafef.vn/Ajax/CongTy/CongTyCon.aspx?sym=DWG
47,46(B2/2021)-103(B1/2021),200124891,MSB,Số 54A Nguyễn Chí Thanh - Phường Láng Thượng - Quận Đống Đa - TP. Hà Nội,024-37718989,024-37718899,msb@msb.com.vn,,https://s.cafef.vn/Ajax/CongTy/CongTyCon.aspx?sym=MSB
48,107(B1/2021),101057919,PVF,Số 22 Ngô Quyền - Phường Tràng Tiền - Quận Hoàn Kiếm - TP. Hà Nội,024-39426800,024-39426796 / 39426797,pvb@pvcombank.vn,,https://s.cafef.vn/Ajax/CongTy/CongTyCon.aspx?sym=PVF
49,49(B2/2021)-106(B1/2021),200253985,SSB,198 Trần Quang Khải - Phường Lý Thái Tổ  - Quận Hoàn Kiếm - TP. Hà Nội,024-39448688,024-39448689,contact@seabank.com.vn,,https://s.cafef.vn/Ajax/CongTy/CongTyCon.aspx?sym=SSB
50,50(B2/2021)-108(B1/2021),301179079,EIB,"Tầng 8 - Vincom Center, 72 Lê Thánh Tôn - Quận 1 - TP Hồ Chí Minh",1800 1199,028-38216913,website@eximbank.com.vn,,https://s.cafef.vn/Ajax/CongTy/CongTyCon.aspx?sym=EIB
51,54(B2/2021)-113(B1/2021),101778163,FOX,"Tầng 2, Tòa nhà FPT Cầu Giấy - Phố Duy Tân - Phường Dịch Vọng Hậu - Quận Cầu Giấy - TP. Hà Nội",024-73002222,024-37950047,hotrokhachhang@fpt.com.vn,,https://s.cafef.vn/Ajax/CongTy/CongTyCon.aspx?sym=FOX
52,121(B1/2021),100104595,MVN,"Tòa nhà Ocean Park, Số1 Đào Duy Anh - Phường Phương Mai - Quận Đống Đa - TP. Hà Nội",024-35770825,024-35770850,info@vimc.co,,https://s.cafef.vn/Ajax/CongTy/CongTyCon.aspx?sym=MVN
53,57(B2/2021)-118(B1/2021),302158498,HBC,235 Võ Thị Sáu - Phường 7 - Quận 3 - TP. Hồ Chí Minh,028-39325030,028-39302097,info@hbcr.vn,,https://s.cafef.vn/Ajax/CongTy/CongTyCon.aspx?sym=HBC
54,55(B2/2021)-116(B1/2021),301444753,NVL,313B-315 Nam Kỳ Khởi Nghĩa - Phường 07 - Quận 3 - TP. Hồ Chí Minh,028-39153666,028-39153888,info@novaland.com.vn,,https://s.cafef.vn/Ajax/CongTy/CongTyCon.aspx?sym=NVL
55,58(B2/2021)-123(B1/2021),300381564,CAV,"Tầng 5, 6 số 30-32 Yersin, phường Nguyễn Thái Bình, quận 1, TP HCM",028-38299443,028-38299437,cadivi@cadivi.com.vn,,https://s.cafef.vn/Ajax/CongTy/CongTyCon.aspx?sym=CAV
56,56(B2/2021)-117(B1/2021),3700477019,NKG,"Lô A1, Đường Đ2, KCN Đồng An 2 - Phường Hòa Phú - TP. Thủ Dầu Một - Tỉnh Bình Dương",0274-3748848,0274-3748868,info@namkimgroup.vn,,https://s.cafef.vn/Ajax/CongTy/CongTyCon.aspx?sym=NKG
57,62(B2/2021)-131(B1/2021),3700321364,POM,Đường 27 KCN Sóng Thần 2 - Thị trấn Dĩ An - Huyện Dĩ An - Tỉnh Bình Dương,0650-3710051,0650-3740862,pominasteel@hcm.vnn.vn,,https://s.cafef.vn/Ajax/CongTy/CongTyCon.aspx?sym=POM
58,130(B1/2021),311638525,ACV,"Tòa nhà Tổng công ty Cảng hàng không Việt Nam, 58 Trường Sơn - Phường 2 - Quận Tân Bình - TP. Hồ Chí Minh",028-38485383,028-38445127,vptct@vietnamairport.vn,,https://s.cafef.vn/Ajax/CongTy/CongTyCon.aspx?sym=ACV
59,61(B2/2021)-129(B1/2021),2900325526,BAB,117 Quang Trung - Phường Quang Trung - TP. Vinh - Tỉnh Nghệ An,0238-3844277,0238-3841757,bacabank_congbothongtin@baca-bank.vn,,https://s.cafef.vn/Ajax/CongTy/CongTyCon.aspx?sym=BAB
60,60(B2/2021)-127(B1/2021),2300105790,DBC,35 Đường Lý Thái Tổ - TP. Bắc Ninh - Tỉnh Bắc Ninh,0222-3895111 / 3826077,0222-3896095,contact@dabaco.com.vn,,https://s.cafef.vn/Ajax/CongTy/CongTyCon.aspx?sym=DBC
61,63(B2/2021)-132(B1/2021),100151161,PVI,"Tòa nhà PVI, 168 Trần Thái Tông - Quận Cầu Giấy - TP. Hà Nội",024-37342299,024-37342929,contact@pvi.com.vn,,https://s.cafef.vn/Ajax/CongTy/CongTyCon.aspx?sym=PVI
62,68(B2/2021)-139(B1/2021),302336158,VGP,Số 1 Nguyễn Văn Quỳ - Phường Phú Thuận - Quận 7 - TP. Hồ Chí Minh,028-7731120 / 7731121,028-8733342,vegeportjco@vnn.vn,,https://s.cafef.vn/Ajax/CongTy/CongTyCon.aspx?sym=VGP
63,67(B2/2021)-137(B1/2021),100108173,VGC,Tầng 16-17 Tòa nhà Viglacera-Số 1 Đại lộ Thăng Long-Phường Mễ Trì-Quận Nam Từ Liêm-TP. Hà Nội,024-35536660,024-35536671,info@viglacera.com.vn,,https://s.cafef.vn/Ajax/CongTy/CongTyCon.aspx?sym=VGC
64,69(B2/2021)-141(B1/2021),309966889,MSR,"Phòng 802, Tầng 8, Tòa Nhà Central Plaza, Số 17 Lê Duẩn-Quận 1-TP. Hồ Chí Minh",0243-7182490,0243-7182491,media@mht.masangroup.com,,https://s.cafef.vn/Ajax/CongTy/CongTyCon.aspx?sym=MSR
65,72(B2/2021)-145(B1/2021),301472704,PAN,"Tầng 15, Tòa nhà ICON4, 243A Đê La Thành - Quận Đống Đa - TP. Hà Nội",024-37606190,,info@thepangroup.vn,,https://s.cafef.vn/Ajax/CongTy/CongTyCon.aspx?sym=PAN
66,74(B2/2021)-147(B1/2021),801210129,APH,"Lô CN11+CN12, cụm CN An Đồng - Thị trấn Nam Sách - Huyện Nam Sách - Tỉnh Hải Dương",024-32061199,,anphat@anphatholdings.com,,https://s.cafef.vn/Ajax/CongTy/CongTyCon.aspx?sym=APH
67,155(B1/2021),301446422,HT1,360 Bến Chương Dương-Phường Cầu Kho-Quận 1-TP. Hồ Chí Minh,028-38368363,028-38261278,hatien1@hatien1.com.vn,,https://s.cafef.vn/Ajax/CongTy/CongTyCon.aspx?sym=HT1
68,76(B2/2021)-150(B1/2021),100105616,VCG,Tòa nhà Vinaconex - 34 Láng Hạ - Quận Đống Đa - TP. Hà Nội,024-62849234,024-62849208,info@vinaconex.com.vn,,https://s.cafef.vn/Ajax/CongTy/CongTyCon.aspx?sym=VCG
69,77(B2/2021)-151(B1/2021),302705302,KDC,138 - 142 Hai Bà Trưng - Phường Đa Kao - Quận 1 - TP. Hồ Chí Minh,028-38270468,028-38270469,info@kdc.vn,,https://s.cafef.vn/Ajax/CongTy/CongTyCon.aspx?sym=KDC
70,75(B2/2021)-148(B1/2021),105850244,VRE,"Số 7, Đường Bằng Lăng 1 - KĐT Sinh Thái Vinhomes Riverside - Phường Việt Hưng - Quận Long Biên - TP. Hà Nội",024-39749999,024-39748888,ir@vincom.com.vn,,https://s.cafef.vn/Ajax/CongTy/CongTyCon.aspx?sym=VRE
71,159(B1/2021),303165480,DPM,Lầu 7 - Tòa nhà PVFCCo - Số 43 Mạc Đĩnh Chi - Phường Đa Kao - Quận 1 - TP. Hồ Chí Minh,028-38256258,028-38256269,lienhe@pvfcco.com.vn; contact@pvfcco.com.vn,,https://s.cafef.vn/Ajax/CongTy/CongTyCon.aspx?sym=DPM
72,163(B1/2021),101376672,BHN,183 Hoàng Hoa Thám - Phường Ngọc Hà - Quận Ba Đình - TP. Hà Nội,024-38453843,024-37223784,habeco@habeco.com.vn,,https://s.cafef.vn/Ajax/CongTy/CongTyCon.aspx?sym=BHN
73,82(B2/2021)-157(B1/2021),305482862,PSD,"Tòa nhà PetroVietnam, Số 1-5 Lê Duẩn - Phường Bến Nghé - Quận 1 - TP. Hồ Chí Minh",028-39115578,028-39115579,info@psd.com.vn,,https://s.cafef.vn/Ajax/CongTy/CongTyCon.aspx?sym=PSD
74,166(B1/2021),2001012298,DCM,Lô D - Khu Công nghiệp Phường 1 - Đường Ngô Quyền - Phường 1 - TP. Cà Mau - Tỉnh Cà Mau,0290-3819000,0290-3590501,info@pvcfc.com.vn / contact@pvcfc.com.vn,,https://s.cafef.vn/Ajax/CongTy/CongTyCon.aspx?sym=DCM
75,86(B2/2021)-167(B1/2021),1600192619,LTG,23 Hà Hoàng Hổ - Phường Mỹ Xuyên - TP. Long Xuyên - Tỉnh An Giang,0296-3841299,0296-3841327,loctroi@loctroi.vn,,https://s.cafef.vn/Ajax/CongTy/CongTyCon.aspx?sym=LTG
76,168(B1/2021),302743192,PVT,Tầng 2 Tòa nhà PVFCCo - 43 Mạc Đĩnh Chi - Phường Đakao - Quận 1 - TP. Hồ Chí Minh,028-39111301,028-39111300,info@pvtrans.com,,https://s.cafef.vn/Ajax/CongTy/CongTyCon.aspx?sym=PVT
77,88(B2/2021)-170(B1/2021),3600283394,TID,96 Hà Huy Giáp - Phường Quyết Thắng - TP. Biên Hòa - Tỉnh Đồng Nai,0251-3822486,0251-3823747,info@tinnghiacorp.com.vn,,https://s.cafef.vn/Ajax/CongTy/CongTyCon.aspx?sym=TID
78,171(B1/2021),304998686,PGD,Tầng 7 - Tòa nhà PV Gas Tower - Số 673 đường Nguyễn Hữu Thọ - Xã Phước Kiến - Huyện Nhà Bè - TP. Hồ Chí Minh,028-37840445,028-37840446,info@pvgasd.com.vn,,https://s.cafef.vn/Ajax/CongTy/CongTyCon.aspx?sym=PGD
79,87(B2/2021)-169(B1/2021),800373586,AAA,"Lô CN 11-CN 12, Cụm Công nghiệp An Đồng - Thị trấn Nam Sách - Huyện Nam Sách - Tỉnh Hải Dương",0220-3755997,0220-3755113,anphat@anphatplastic.com,,https://s.cafef.vn/Ajax/CongTy/CongTyCon.aspx?sym=AAA
80,89(B2/2021)-172(B1/2021),1400112623,VHC,Quốc Lộ 30 - Phường 11 - TP. Cao Lãnh - Tỉnh Đồng Tháp,0277-3891166,0277-3891062,info@vinhhoan.com,,https://s.cafef.vn/Ajax/CongTy/CongTyCon.aspx?sym=VHC
81,91(B2/2021)-177(B1/2021),301429113,CC1,"Tầng 9, Tòa nhà Sailing Tower, 111A Pasteur - Phường Bến Nghé - Quận 1 - TP. Hồ Chí Minh",028-38222059,028-38290500,info@cc1jsc.com.vn,,https://s.cafef.vn/Ajax/CongTy/CongTyCon.aspx?sym=CC1
82,94(B2/2021)-182(B1/2021),302483177,CII,3A Nguyễn Văn Thủ - Phường Đa Kao - Quận 1 - TP. Hồ Chí Minh,028-36221025,028-36367100,info@cii.com.vn,,https://s.cafef.vn/Ajax/CongTy/CongTyCon.aspx?sym=CII
83,183(B1/2021),3700145020,BCM,Số 8 Hùng Vương - Phường Hòa Phú - TP. Thủ Dầu Một - Tỉnh Bình Dương,0274-3822655,0274-3822713,info@becamex.com.vn,,https://s.cafef.vn/Ajax/CongTy/CongTyCon.aspx?sym=BCM
84,97(B2/2021)-186(B1/2021),4300205943,QNS,02 Nguyễn Chí Thanh - KCN Quảng Phú - Phường Quảng Phú - TP. Quảng Ngãi - Tỉnh Quảng Ngãi,0255-3726110 / 3726111,0255-3822843,info@qns.com.vn,,https://s.cafef.vn/Ajax/CongTy/CongTyCon.aspx?sym=QNS
85,98(B2/2021)-187(B1/2021),2500267703,VGS,KCN Bình Xuyên - Xã Đạo Đức - Huyện Bình Xuyên - Tỉnh Vĩnh Phúc,0211-3887863,0211-3887912,vgpipe@hn.vnn.vn,,https://s.cafef.vn/Ajax/CongTy/CongTyCon.aspx?sym=VGS
86,95(B2/2021)-184(B1/2021),100100745,PC1,"Tòa CT2, Số 583 Đường Nguyễn Trãi - Quận Thanh Xuân - TP. Hà Nội",024-38456329,024-38231997,info@pcc1.vn,,https://s.cafef.vn/Ajax/CongTy/CongTyCon.aspx?sym=PC1
87,195(B1/2021),100105870,SJG,"Tòa nhà Sông Đà, 493 Nguyễn Trãi - Phường Thanh Xuân Nam - Quận Thanh Xuân - TP. Hà Nội",024-38541164 / 38541160,024-38541161,tctsd@songda.vn,,https://s.cafef.vn/Ajax/CongTy/CongTyCon.aspx?sym=SJG
88,100(B2/2021)-193(B1/2021),1700169765,NVB,Số 28C-28D Bà Triệu - Phường Hàng Bài - Quận Hoàn Kiếm - TP. Hà Nội,024-62693355,024-62693535,callcenter@ncb-bank.vn,,https://s.cafef.vn/Ajax/CongTy/CongTyCon.aspx?sym=NVB
89,192(B1/2021),104753865,CTR,Số 06 Phạm Văn Bạch - Phường Yên Hòa - Quận Cầu Giấy - TP. Hà Nội,024-62751783,024-62751783,congtrinhviettel@viettel.com.vn,,https://s.cafef.vn/Ajax/CongTy/CongTyCon.aspx?sym=CTR
90,101(B2/2021)-194(B1/2021),302963695,VAB,"Tòa nhà Samsora Premier, số 105 Chu Văn An, Phường Yết Kiêu, Quận Hà Đông, Thành phố Hà Nội, Việt Nam",024-39333636,024-39336426,phongqhcc@vietabank.com.vn,,https://s.cafef.vn/Ajax/CongTy/CongTyCon.aspx?sym=VAB
91,99(B2/2021)-191(B1/2021),303141296,IDI,"Quốc lộ 80, Cụm CN Vàm Cống - Ấp An Thạnh - Xã Bình Thành - Huyện Lấp Vò - Tỉnh Đồng Tháp",0277-3680383,0277-3680382,idiseafood@vnn.vn,,https://s.cafef.vn/Ajax/CongTy/CongTyCon.aspx?sym=IDI
92,103(B2/2021)-198(B1/2021),2200269805,VBB,47 Trần Hưng Đạo - Phường 3 - TP. Sóc Trăng - Tỉnh Sóc Trăng,0299-3886666,0299-3615666,vietbank@vietbank.com.vn,,https://s.cafef.vn/Ajax/CongTy/CongTyCon.aspx?sym=VBB
93,203(B1/2021),3600897316,NT2,Trung tâm Điện lực dầu khí - Xã Phước Khánh - Huyện Nhơn Trạch - Tỉnh Đồng Nai,0251-2225899,0251-2225897,info@pvpnt2.com,,https://s.cafef.vn/Ajax/CongTy/CongTyCon.aspx?sym=NT2
94,106(B2/2021)-207(B1/2021),300741143,REE,364 Cộng Hòa - Phường 13 - Quận Tân Bình - TP. Hồ Chí Minh,028-38100017 / 38100350,028-38100337,ree@reecorp.com.vn,,https://s.cafef.vn/Ajax/CongTy/CongTyCon.aspx?sym=REE
95,108(B2/2021)-209(B1/2021),307979603,CTF,218 Quốc Lộ 13 - Phường Hiệp Bình Chánh - Quận Thủ Đức - TP. Hồ Chí Minh,028-37262626,028-37263626,info@cityford.com.vn,,https://s.cafef.vn/Ajax/CongTy/CongTyCon.aspx?sym=CTF
96,210(B1/2021),1700523208,KTC,190 Trần Phú - Phường Vĩnh Thanh Vân - TP. Rạch Giá - Tỉnh Kiên Giang,0297-3860794 / 3862113,0297-3872316 / 3866080,ktc@ktcvn.com.vn,,https://s.cafef.vn/Ajax/CongTy/CongTyCon.aspx?sym=KTC
97,110(B2/2021)-212(B1/2021),500469512,VCS,Khu công nghệ cao Hòa Lạc - Xã Thạch Hoà - Huyện Thạch Thất - TP. Hà Nội,024-33685826,024-33686652,info@vicostone.vn,,https://s.cafef.vn/Ajax/CongTy/CongTyCon.aspx?sym=VCS
98,214(B1/2021),101463614,PLC,"Tầng 18 & 19, Số 229 phố Tây Sơn - Phường Ngã Tư Sở - Quận Đống Đa - TP. Hà Nội",024-38513205,024-38513207,plc@petrolimex.com.vn,,https://s.cafef.vn/Ajax/CongTy/CongTyCon.aspx?sym=PLC
99,113(B2/2021)-217(B1/2021),4100259236,PTB,278 Nguyễn Thị Định - Phường Nguyễn Văn Cừ - TP. Quy Nhơn - Tỉnh Bình Định,0256-3847668,0256-3847556,phutai@phutai.com.vn,,https://s.cafef.vn/Ajax/CongTy/CongTyCon.aspx?sym=PTB
100,115(B2/2021)-221(B1/2021),100776445,SHI,Lô CN1 - Cụm công nghiệp Từ Liêm - Phường Minh Khai - Quận Bắc Từ Liêm - TP. Hà Nội,024-62656566,024-62656588,support@sonha.com.vn,,https://s.cafef.vn/Ajax/CongTy/CongTyCon.aspx?sym=SHI
101,226(B1/2021),100109385,DVN,Số 12 Ngô Tất Tố - Phường Văn Miếu - Quận Đống Đa - TP. Hà Nội,024-38843151,024-38443665,vinapharm@vinapharm.com.vn,,https://s.cafef.vn/Ajax/CongTy/CongTyCon.aspx?sym=DVN
102,224(B1/2021),302495126,PVD,Lầu 4 Tòa nhà Sailing Tower 111A Pasteur - Phường Bến Nghé - Quận 1 - TP. Hồ Chí Minh,028-39142012,028-39142021,info@pvdrilling.com.vn,,https://s.cafef.vn/Ajax/CongTy/CongTyCon.aspx?sym=PVD
103,114(B2/2021)-220(B1/2021),302000126,HAX,333 Điện Biên Phủ - Phường 15 - Quận Bình Thạnh - TP. Hồ Chí Minh,028-35120026,028-35120025,haxaco@haxaco.com.vn,,https://s.cafef.vn/Ajax/CongTy/CongTyCon.aspx?sym=HAX
104,117(B2/2021)-227(B1/2021),303498754,TAC,"Lầu 10, Tòa nhà Empress Tower, Số 138-142 Đường Hai Bà Trưng - Phường Đa Kao - Quận 1 - TP. Hồ Chí Minh",028-38277806,028-38727832,dichvukhachhang@tuongan.com.vn,,https://s.cafef.vn/Ajax/CongTy/CongTyCon.aspx?sym=TAC
105,231(B1/2021),3600335363,SNZ,"Số 1, Đường 1, KCN Biên Hoà 1 - Phường An Bình - TP. Biên Hòa - Tỉnh Đồng Nai",0251-8860561,0251-8860573,contact@sonadezi.com.vn,,https://s.cafef.vn/Ajax/CongTy/CongTyCon.aspx?sym=SNZ
106,121(B2/2021)-234(B1/2021),301172041,TNA,"Tòa nhà văn phòng Thiên Nam, Số 111-121 Ngô Gia Tự - Phường 2 - Quận 10 - TP. Hồ Chí Minh",028-38348980,028-38348981,info@thiennamgroup.vn,,https://s.cafef.vn/Ajax/CongTy/CongTyCon.aspx?sym=TNA
107,119(B2/2021)-232(B1/2021),100244112,CMG,Tòa nhà CMC - Số 11 Phố Duy Tân - Phường Dịch Vọng Hậu - Quận Cầu Giấy - TP. Hà Nội,024-37958668,024-37958989,info@cmc.com.vn,,https://s.cafef.vn/Ajax/CongTy/CongTyCon.aspx?sym=CMG
108,126(B2/2021)-240(B1/2021),305097236,PGS,"Lầu 4, Tòa nhà PetroVietnam, số 1-5 Lê Duẩn - Phường Bến Nghé - Quận 1 - TP. Hồ Chí Minh",028-39100324 / 39100108,028-39100165,info@pgs.com.vn,,https://s.cafef.vn/Ajax/CongTy/CongTyCon.aspx?sym=PGS
109,129(B2/2021)-244(B1/2021),100283802,HDG,Số 8 Láng Hạ - Phường Thành Công - Quận Ba Đình - TP. Hà Nội,024-38310347 / 38310348,024-38355526,hq@hado.com.vn,,https://s.cafef.vn/Ajax/CongTy/CongTyCon.aspx?sym=HDG
110,134(B2/2021)-251(B1/2021),101526991,RAL,87-89 Hạ Đình - Phường Thanh Xuân Trung - Quận Thanh Xuân - TP. Hà Nội,024-38584310 / 38584165,024-38585038,ralaco@rangdong.com.vn,,https://s.cafef.vn/Ajax/CongTy/CongTyCon.aspx?sym=RAL
111,133(B2/2021)-249(B1/2021),100774631,PTI,"Tầng 8, Tòa nhà Harec, Số 4A Láng Hạ - Quận Ba Đình - TP. Hà Nội",024-37724466 / 1900545475,024-37724460,info@pti.com.vn,,https://s.cafef.vn/Ajax/CongTy/CongTyCon.aspx?sym=PTI
112,253(B1/2021),100100015,MVB,Số 1 Phan Đình Giót - Phường Phương Liệt - Quận Thanh Xuân - TP. Hà Nội,024-36647515,024-36647493,info@cmv.vn,,https://s.cafef.vn/Ajax/CongTy/CongTyCon.aspx?sym=MVB
113,256(B1/2021),300419930,CSM,180 Nguyễn Thị Minh Khai - Phường 6 - Quận 3 - TP. Hồ Chí Minh,028-38362369,028-38362376,casumina@casumina.com.vn,,https://s.cafef.vn/Ajax/CongTy/CongTyCon.aspx?sym=CSM
114,139(B2/2021)-260(B1/2021),301464823,BMP,240 Hậu Giang - Phường 09 - Quận 6 - TP. Hồ Chí Minh,028-39690973,028-39606814,binhminh@binhminhplastic.com.vn,,https://s.cafef.vn/Ajax/CongTy/CongTyCon.aspx?sym=BMP
115,262(B1/2021),302177966,IDC,Số 151 Ter Nguyễn Đình Chiểu - Phường 6 - Quận 3 - TP. Hồ Chí Minh,028-38438883,028-39312705,idico@hcm.fpt.vn; headoffice@idico.com.vn,,https://s.cafef.vn/Ajax/CongTy/CongTyCon.aspx?sym=IDC
116,140(B2/2021)-264(B1/2021),200117929,TCH,116 Nguyễn Đức Cảnh - Phường Cát Dài - Quận Lê Chân - TP. Hải Phòng,0225-3610021,0225-3955322,cbtt@hoanghuy.vn,,https://s.cafef.vn/Ajax/CongTy/CongTyCon.aspx?sym=TCH
117,144(B2/2021)-270(B1/2021),200167782,NTP,Số 2 An Đà - Phường Lạch Tray - Quận Ngô Quyền - TP. Hải Phòng,0225-3813979,0225-3813989,contact@nhuatienphong.vn,,https://s.cafef.vn/Ajax/CongTy/CongTyCon.aspx?sym=NTP
118,143(B2/2021)-268(B1/2021),302588596,KDH,"Phòng 1&2, Tầng 11, Tòa nhà Saigon Centre, 67 Lê Lợi - Phường Bến Nghé - Quận 1 - TP. Hồ Chí Minh",028-38208858,028-38208859,info@khangdien.com.vn,,https://s.cafef.vn/Ajax/CongTy/CongTyCon.aspx?sym=KDH
119,142(B2/2021)-266(B1/2021),301378892,BVB,"Tòa nhà HM Town, số 412 Nguyễn Thị Minh Khai - Phường 5 - Quận 3 - TP. Hồ Chí Minh",028-62679679,028-62638638,N.A,,https://s.cafef.vn/Ajax/CongTy/CongTyCon.aspx?sym=BVB
120,274(B1/2021),4200601069,KHP,Số 11 Lý Thánh Tôn - Phường Vạn Thạnh - TP. Nha Trang - Tỉnh Khánh Hòa,0258-2220220,0258-3823828,pckhanhhoa@cpc.vn,,https://s.cafef.vn/Ajax/CongTy/CongTyCon.aspx?sym=KHP
121,145(B2/2021)-272(B1/2021),305371707,HTN,53 Trần Quốc Thảo - Phường Võ Thị Sáu - Quận 3 - TP. Hồ Chí Minh,028-73075888,028-38249545,info@hungthinhincons.com.vn,,https://s.cafef.vn/Ajax/CongTy/CongTyCon.aspx?sym=HTN
122,146(B2/2021)-276(B1/2021),301955155,SSI,72 Nguyễn Huệ - Phường Bến Nghé - Quận 1 - TP. Hồ Chí Minh,028-38242897,028-38242997,info@ssi.com.vn,,https://s.cafef.vn/Ajax/CongTy/CongTyCon.aspx?sym=SSI
123,286(B1/2021),1800156801,DHG,288 Bis - Nguyễn Văn Cừ - Phường An Hòa - Quận Ninh Kiều - TP. Cần Thơ,0292-3891433,0292-3895209,dhgpharma@dhgpharma.com.vn,,https://s.cafef.vn/Ajax/CongTy/CongTyCon.aspx?sym=DHG
124,149(B2/2021)-279(B1/2021),4600305723,TNG,"Số 434/1, Đường Bắc Kạn - Phường Hoàng Văn Thụ - TP. Thái Nguyên - Tỉnh Thái Nguyên",0208-3858508,0208-3856408,info@tng.vn,,https://s.cafef.vn/Ajax/CongTy/CongTyCon.aspx?sym=TNG
125,150(B2/2021)-281(B1/2021),2200208753,FMC,"Km 2132, Quốc lộ 1A - Phường 2 - TP. Sóc Trăng - Tỉnh Sóc Trăng",0299-3822223,0299-3822122,info@fimexvn.com,,https://s.cafef.vn/Ajax/CongTy/CongTyCon.aspx?sym=FMC
126,289(B1/2021),4600451322,TTS,Tổ 21 - Phường Cam Giá - TP. Thái Nguyên - Tỉnh Thái Nguyên,0208-3735690,0208-3735716,info@ttr.com.vn,,https://s.cafef.vn/Ajax/CongTy/CongTyCon.aspx?sym=TTS
127,156(B2/2021)-294(B1/2021),2000110221,CMV,Số 70-72 Đề Thám - Phường 2 - TP. Cà Mau - Tỉnh Cà Mau,0290-3822847 / 3839220,0290-3834358,info@tncm.com.vn,,https://s.cafef.vn/Ajax/CongTy/CongTyCon.aspx?sym=CMV
128,157(B2/2021)-295(B1/2021),1700197787,KLB,40-42-44 Phạm Hồng Thái - Phường Vĩnh Thanh Vân - TP. Rạch Giá - Tỉnh Kiên Giang,0297-3869950 / 3877541,0297-3871171 / 3877538,kienlong@kienlongbank.com,,https://s.cafef.vn/Ajax/CongTy/CongTyCon.aspx?sym=KLB
129,162(B2/2021)-301(B1/2021),3600512830,TLH,G1A - KP4 - Đường Đồng Khởi - Phường Tân Hiệp - TP. Biên Hòa - Tỉnh Đồng Nai,061-3823187,061-3289043,tienlen_metal@hcm.vnn.vn,,https://s.cafef.vn/Ajax/CongTy/CongTyCon.aspx?sym=TLH
130,159(B2/2021)-298(B1/2021),900222647,VIS,Giai Phạm - Xã Giai Phạm - Huyện Yên Mỹ - Tỉnh Hưng Yên,0321-3942427,0321-3942226,pr@vis.com.vn,,https://s.cafef.vn/Ajax/CongTy/CongTyCon.aspx?sym=VIS
131,161(B2/2021)-300(B1/2021),5200466372,HII,KCN Phía Nam - Xã Văn Tiến - TP. Yên Bái - Tỉnh Yên Bái,0216-3853886 / 3856555,0216-3851123,info@antienindustries.com,,https://s.cafef.vn/Ajax/CongTy/CongTyCon.aspx?sym=HII
132,165(B2/2021)-304(B1/2021),300398889,MNB,Số 4 Bến Nghé - Phường Tân Thuận Đông - Quận 7 - TP. Hồ Chí Minh,028-38720077 / 38729124,028-38725107,info@nhabe.com.vn,,https://s.cafef.vn/Ajax/CongTy/CongTyCon.aspx?sym=MNB
133,167(B2/2021)-306(B1/2021),300446973,BMI,26 Tôn Thất Đạm - Phường Nguyễn Thái Bình - Quận 1 - TP. Hồ Chí Minh,028-38294180,028-38294185,baominh@baominh.com.vn,,https://s.cafef.vn/Ajax/CongTy/CongTyCon.aspx?sym=BMI
134,171(B2/2021)-313(B1/2021),303493756,PDR,"Tầng 8 và 9 Tháp B, Tòa nhà Viettel, 285 Đường Cách Mạng Tháng Tám - Phường 12 - Quận 10 - TP. Hồ Chí Minh",028-22266868,028-22268686,info@phatdat.com.vn,,https://s.cafef.vn/Ajax/CongTy/CongTyCon.aspx?sym=PDR
135,174(B2/2021)-316(B1/2021),600333307,MSH,Số 105 Đường Nguyễn Đức Thuận - Phường Thống Nhất - TP. Nam Định - Tỉnh Nam Định,0228-3649365,0228-3646737,info@songhong.vn,,https://s.cafef.vn/Ajax/CongTy/CongTyCon.aspx?sym=MSH
136,172(B2/2021)-314(B1/2021),3700748131,ACG,"Thửa đất 681, Tờ bản đồ 05, Đường ĐT 747B, Khu phố Phước Hải, Phường Thái Hoà, Thị xã Tân Uyên, Tỉnh Bình Dương",0274-3626282 / 3626283,0274-3626284,ancuong.group@gmail.com,,https://s.cafef.vn/Ajax/CongTy/CongTyCon.aspx?sym=ACG
137,173(B2/2021)-315(B1/2021),302310209,LCG,"24A Phan Đăng Lưu, Phường 6, Quận Bình Thạnh, TP. HCM",028-38411375,028-32411376,info@licogi16.com,,https://s.cafef.vn/Ajax/CongTy/CongTyCon.aspx?sym=LCG
138,177(B2/2021)-320(B1/2021),102287094,SHN,"Tầng 5, Tòa nhà FLC Landmark Tower - Đường Lê Đức Thọ - Phường Mỹ Đình 2 - Quận Nam Từ Liêm - TP. Hà Nội",024-35537188,024-35537168,info@shn.com.vn,,https://s.cafef.vn/Ajax/CongTy/CongTyCon.aspx?sym=SHN
139,190(B2/2021)-341(B1/2021),302181666,GIL,334A Phan Văn Trị - Phường 11 - Quận Bình Thạnh - TP. Hồ Chí Minh,028-71008888,028-35160118,business@gilimex.com,,https://s.cafef.vn/Ajax/CongTy/CongTyCon.aspx?sym=GIL
140,189(B2/2021)-340(B1/2021),3600662561,DNP,Đường 9 KCN Nhơn Trạch 1-Phường An Bình-TP. Biên Hòa-Tỉnh Đồng Nai,0251-3836174,0251-3836174,info@dnpcorp.vn,,https://s.cafef.vn/Ajax/CongTy/CongTyCon.aspx?sym=DNP
141,193(B2/2021)-345(B1/2021),100101308,M10,765A Nguyễn Văn Linh - Phường Sài Đồng - Quận Long Biên - TP. Hà Nội,024-38276923,024-38276925,banbientap@garco10.com.vn,,https://s.cafef.vn/Ajax/CongTy/CongTyCon.aspx?sym=M10
142,343(B1/2021),300405462,PAC,Số 321 Trần Hưng Đạo - Phường Cô Giang - Quận 1 - TP. Hồ Chí Minh,028-39302062 / 39302063,028-39302060 / 39302061,pinaco@pinaco.com.vn,,https://s.cafef.vn/Ajax/CongTy/CongTyCon.aspx?sym=PAC
143,188(B2/2021)-339(B1/2021),303885305,NBB,"Tòa nhà Carina Plaza, 1648 Võ Văn Kiệt - Phường 16 - Quận 8 - TP. Hồ Chí Minh",028-62577577,028-62615577,nbb@nbb.com.vn,,https://s.cafef.vn/Ajax/CongTy/CongTyCon.aspx?sym=NBB
144,191(B2/2021)-342(B1/2021),301446221,TCM,36 Tây Thạnh - Phường Tây Thạnh - Quận Tân Phú - TP. Hồ Chí Minh,028-38153962 / 38153968,028-38152757 / 38154008,tcm@thanhcong.com.vn,,https://s.cafef.vn/Ajax/CongTy/CongTyCon.aspx?sym=TCM
145,194(B2/2021)-346(B1/2021),301874259,TMS,172 (lầu 9-10) Hai Bà Trưng - Phường Đa Kao - Quận 1 - TP. Hồ Chí Minh,028-22202888,028-22202889,info@transimex.com.vn,,https://s.cafef.vn/Ajax/CongTy/CongTyCon.aspx?sym=TMS
146,352(B1/2021),300420157,TV2,32 Ngô Thời Nhiệm - Phường 7 - Quận 3 - TP. Hồ Chí Minh,028-22216468,028-22210408,info@pecc2.com,,https://s.cafef.vn/Ajax/CongTy/CongTyCon.aspx?sym=TV2
147,201(B2/2021)-356(B1/2021),304132047,FHS,60-62 Lê Lợi - Phường Bến Nghé - Quận 1 - TP. Hồ Chí Minh,028-38225446 / 38223798,028-38225795,fahasa-sg@fahasa.com.vn,,https://s.cafef.vn/Ajax/CongTy/CongTyCon.aspx?sym=FHS
148,364(B1/2021),5700100707,MTS,"Tổ 1, Khu 2 - Phường Hồng Hà - TP. Hạ Long - Tỉnh Quảng Ninh",0203-3695899,0203-3634899,mts@vmts.vn,,https://s.cafef.vn/Ajax/CongTy/CongTyCon.aspx?sym=MTS
149,208(B2/2021)-367(B1/2021),101502599,FCN,"Tầng 15, Tháp CEO, Lô HH2-1, KĐT Mễ Trì Hạ - Đường Phạm Hùng - Phường Mễ Trì - Quận Nam Từ Liêm - TP. Hà Nội",024-62690481,024-62690484,info@fecon.com.vn,,https://s.cafef.vn/Ajax/CongTy/CongTyCon.aspx?sym=FCN
150,210(B2/2021)-369(B1/2021),3500101107,DIG,265 Lê Hồng Phong - Phường 8 - TP. Vũng Tàu - Tỉnh Bà Rịa - Vũng Tàu,0254-3859248,0254-3560712,info@dic.vn,,https://s.cafef.vn/Ajax/CongTy/CongTyCon.aspx?sym=DIG
151,214(B2/2021)-375(B1/2021),3700145694,BWE,11 Ngô Văn Trị-Phường Phú Lợi-TP. Thủ Dầu Một-Tỉnh Bình Dương,0274-3824245,0274-3827738,binhduong@biwase.com.vn,,https://s.cafef.vn/Ajax/CongTy/CongTyCon.aspx?sym=BWE
152,218(B2/2021)-379(B1/2021),303104343,DXG,2W Ung Văn Khiêm-Phường 25-Quận Bình Thạnh-TP. Hồ Chí Minh,028-62525252,028-62853896,info@datxanh.com.vn,,https://s.cafef.vn/Ajax/CongTy/CongTyCon.aspx?sym=DXG
153,219(B2/2021)-380(B1/2021),105202998,THD,Số 210 Đường Trần Quang Khải - Phường Tràng Tiền - Quận Hoàn Kiếm - TP. Hà Nội,024-39689898,024-35259898,info@thaigroup.com.vn,,https://s.cafef.vn/Ajax/CongTy/CongTyCon.aspx?sym=THD
154,222(B2/2021)-383(B1/2021),300482393,TCD,89 Cách Mạng Tháng 8-Phường Bến Thành-Quận 1-TP. Hồ Chí Minh,028-38330314,028-38330317,tracodi@tracodi.com.vn,,https://s.cafef.vn/Ajax/CongTy/CongTyCon.aspx?sym=TCD
155,223(B2/2021)-384(B1/2021),301438936,NLG,Số 6 Nguyễn Khắc Viện - Phường Tân Phú - Quận 7 - TP. Hồ Chí Minh,028-54161718,028-54171819,info@namlongvn.com,,https://s.cafef.vn/Ajax/CongTy/CongTyCon.aspx?sym=NLG
156,390(B1/2021),100110768,PGI,Tầng 21 - 22 Tòa nhà Mipec - 229 Tây Sơn - Quận Đống Đa - TP. Hà Nội,024-37760867,024-37760868,pjico@petrolimex.com.vn,,https://s.cafef.vn/Ajax/CongTy/CongTyCon.aspx?sym=PGI
157,389(B1/2021),301444263,LIX,"Số 3, Đường Số 2 - Phường Linh Trung - Quận Thủ Đức - TP. Hồ Chí Minh",028-38966803,028-38967522,lixco@lixco.com,,https://s.cafef.vn/Ajax/CongTy/CongTyCon.aspx?sym=LIX
158,391(B1/2021),300483319,CDP,"Lầu 2,3,4,5,6 Tòa nhà 509-515 Đường Tô Hiến Thành - Phường 14 - Quận 10 - TP. Hồ Chí Minh",028-38651909,028-38650750,contact@codupha.com.vn,,https://s.cafef.vn/Ajax/CongTy/CongTyCon.aspx?sym=CDP
159,227(B2/2021)-392(B1/2021),200786983,AMS,Km 35-Quốc lộ 10-Xã Quốc Tuấn-Huyện An Lão-Hải Phòng,0225-3922786,0225-3922783,info@amecc.com.vn,,https://s.cafef.vn/Ajax/CongTy/CongTyCon.aspx?sym=AMS
160,397(B1/2021),101447725,PGC,"Tầng 20, Tòa nhà Mipec, Số 229 Tây Sơn - Quận Đống Đa - TP. Hà Nội",024-38642243 / 38641212,024-38642249,pgas@petrolimex.com.vn,,https://s.cafef.vn/Ajax/CongTy/CongTyCon.aspx?sym=PGC
161,229(B2/2021)-394(B1/2021),3600261626,VCF,KCN Biên Hòa 1 - Phường An Bình - TP. Biên Hòa - Tỉnh Đồng Nai,0251-3836554,0251-3834967,vinacafe@vinacafebienhoa.com,,https://s.cafef.vn/Ajax/CongTy/CongTyCon.aspx?sym=VCF
162,399(B1/2021),100104443,VLC,519 Minh Khai - Phường Vĩnh Tuy - Quận Hai Bà Trưng - TP. Hà Nội,024-38621814 / 38621688,024-38623645,vilico@vilico.vn,,https://s.cafef.vn/Ajax/CongTy/CongTyCon.aspx?sym=VLC
163,233(B2/2021)-400(B1/2021),300450673,COM,"COMECO Tower, 549 Điện Biên Phủ - Phường 3 - Quận 3 - TP. Hồ Chí Minh",028-38321111 / 38302222,028-38325555,comecopetro@hcm.vnn.vn,,https://s.cafef.vn/Ajax/CongTy/CongTyCon.aspx?sym=COM
164,235(B2/2021)-402(B1/2021),1300358260,DHC,"Lô AIII, KCN Giao Long - Xã An Phước - Huyện Châu Thành - Tỉnh Bến Tre",0275-2470655,0275-3635222,donghaibentre@yahoo.com,,https://s.cafef.vn/Ajax/CongTy/CongTyCon.aspx?sym=DHC
165,237(B2/2021)-404(B1/2021),303224471,ASP,"Phòng 805, Lầu 8, Tòa nhà Paragon, Số 3 Nguyễn Lương Bằng, Phường Tân Phú, Quận 7, TP. Hồ Chí Minh",08-54136338,08-54136340,info@anphapetrol.com,,https://s.cafef.vn/Ajax/CongTy/CongTyCon.aspx?sym=ASP
166,242(B2/2021)-410(B1/2021),300585984,VOC,58 Nguyễn Bỉnh Khiêm - Phường Đa Kao - Quận 1 - TP. Hồ Chí Minh,028-38294513,028-38290586,vocar@vocarimex.com.vn,,https://s.cafef.vn/Ajax/CongTy/CongTyCon.aspx?sym=VOC
167,243(B2/2021)-411(B1/2021),300402493,FIC,"Tầng 15, Tòa nhà Sailling Tower, Số 11A Pasteur - Phường Bến Nghé - Quận 1 - TP. Hồ Chí Minh",028-38230809,028-38213233,fico@fico.com.vn,,https://s.cafef.vn/Ajax/CongTy/CongTyCon.aspx?sym=FIC
168,245(B2/2021)-414(B1/2021),301464830,TLG,"Lô 6, 8, 10, 12 Đường Số 3, KCN Tân Tạo - Phường Tân Tạo A - Quận Bình Tân - TP. Hồ Chí Minh",028-37505555,028-37505577,info@thienlonggroup.com,,https://s.cafef.vn/Ajax/CongTy/CongTyCon.aspx?sym=TLG
169,419(B1/2021),3700147532,PHR,Xã Phước Hoà - Huyện Phú Giáo - Tỉnh Bình Dương,0274-3657106,0274 3657110,phuochoarubber@hcm.vnn.vn,,https://s.cafef.vn/Ajax/CongTy/CongTyCon.aspx?sym=PHR
170,247(B2/2021)-416(B1/2021),300384357,RDP,190 Lạc Long Quân - Phường 3 - Quận 11 - TP. Hồ Chí Minh,028-39692272,028-39692843,info@rdplastic.vn,,https://s.cafef.vn/Ajax/CongTy/CongTyCon.aspx?sym=RDP
171,248(B2/2021)-420(B1/2021),1100414052,HLG,"Tòa nhà Hoàng Long, Số 68 Nguyễn Trung Trực - Khu phố 9 - Thị trấn Bến Lức - Huyện Bến Lức - Tỉnh Long An",0272-3872848 / 39232401,0272-3655335,info@hoanglonggroup.com,,https://s.cafef.vn/Ajax/CongTy/CongTyCon.aspx?sym=HLG
172,250(B2/2021)-422(B1/2021),301116791,GMD,Số 6 Lê Thánh Tôn - Phường Bến Nghé - Quận 1 - TP. Hồ Chí Minh,028-38236236,028-38235236,info@gemadept.com.vn,,https://s.cafef.vn/Ajax/CongTy/CongTyCon.aspx?sym=GMD
173,249(B2/2021)-421(B1/2021),311315789,BCG,"Tầng 14, Vincom Center, 72 Lê Thánh Tôn - Phường Bến Nghé - Quận 1 - TP. Hồ Chí Minh",028-62680680,028-62991188,info@bamboocap.com.vn,,https://s.cafef.vn/Ajax/CongTy/CongTyCon.aspx?sym=BCG
174,258(B2/2021)-430(B1/2021),102385623,MIG,"Tầng 5-6, tòa nhà MB, số 21 Cát Linh, Phường Cát Linh, Quận Đống Đa, Hà Nội.",024-62853388,024-62853366,info@mic.vn,,https://s.cafef.vn/Ajax/CongTy/CongTyCon.aspx?sym=MIG
175,259(B2/2021)-431(B1/2021),500443916,XMC,Tầng 4-Tòa Tháp Xuân Mai-Đường Tô Hiệu-Phường Hà Cầu-Quận Hà Đông-TP. Hà Nội,024-73038866,024-73078866,info@xuanmaicorp.vn,,https://s.cafef.vn/Ajax/CongTy/CongTyCon.aspx?sym=XMC
176,265(B2/2021)-441(B1/2021),302511219,VNF,"Lầu 1, Block C, Tòa nhà văn phòng WASECO, số 10 đường Phổ Quang - Phường 2 - Quận Tân Bình - TP. Hồ Chí Minh",028-38446409,028-38488359,mngt@vinafreight.com.vn,,https://s.cafef.vn/Ajax/CongTy/CongTyCon.aspx?sym=VNF
177,275(B2/2021)-453(B1/2021),100106426,LIG,Tầng 1 - Đơn nguyên A - Tòa nhà LICOGI 13 - Đường Khuất Duy Tiến - Phường Nhân Chính - Quận Thanh Xuân - TP. Hà Nội,04-38544623,04-38544107,banbientap@licogi13.com.vn,,https://s.cafef.vn/Ajax/CongTy/CongTyCon.aspx?sym=LIG
178,278(B2/2021)-458(B1/2021),200826844,VPG,97 Bạch Đằng-Phường Hạ Lý- Quận Hồng Bàng-TP. Hải Phòng,0225-3569 699,0225-3569 689,info@vietphatjsc.com.vn,,https://s.cafef.vn/Ajax/CongTy/CongTyCon.aspx?sym=VPG
179,282(B2/2021)-463(B1/2021),304475742,CMF,"Lô C40-43/I, C51-55/II, Đường số 7, KCN Vĩnh Lộc - Xã Vĩnh Lộc A - Huyện Bình Chánh - TP. Hồ Chí Minh",028-37653389,028-37653025,cholimexfood@cholimexfood.com.vn,,https://s.cafef.vn/Ajax/CongTy/CongTyCon.aspx?sym=CMF
181,284(B2/2021)-465(B1/2021),102702590,VPI,104 Thái Thịnh - Phường Trung Liệt - Quận Đống Đa - TP. Hà Nội,024-62583535,024-62583636,info@vanphu.vn,,https://s.cafef.vn/Ajax/CongTy/CongTyCon.aspx?sym=VPI
182,288(B2/2021)-471(B1/2021),302910950,HCM,"Tầng 5, 6 Toà Nhà Ab, 76 Lê Lai - Phường Bến Thành - Quận 1 - TP. Hồ Chí Minh",028-38233299,028-38233301,info@hsc.com.vn,,https://s.cafef.vn/Ajax/CongTy/CongTyCon.aspx?sym=HCM
183,285(B2/2021)-466(B1/2021),311500196,AGG,30 Nguyễn Thị Diệu-Phường 06-Quận 3-Thành phố Hồ Chí Minh,028-71089999,028-39309595,info@angia.com.vn,,https://s.cafef.vn/Ajax/CongTy/CongTyCon.aspx?sym=AGG
184,291(B2/2021)-474(B1/2021),100150873,PVC,Tầng 6 & 7 - Tòa nhà Viện Dầu khí - số 173 - Trung Kính - Phường Yên Hòa - Quận Cầu Giấy - TP. Hà Nội,04-38342861,04-38562552,dmc@pvdmc.com.vn,,https://s.cafef.vn/Ajax/CongTy/CongTyCon.aspx?sym=PVC
185,478(B1/2021),200236845,PHP,8A Trần Phú - Phường Máy Tơ - Quận Ngô Quyền - TP. Hải Phòng,0225-3859945,0225-3859973,haiphongport@haiphongport.com.vn,,https://s.cafef.vn/Ajax/CongTy/CongTyCon.aspx?sym=PHP
186,294(B2/2021)-480(B1/2021),101160306,CRE,"Tầng 1, Số 137 Nguyễn Ngọc Vũ - Phường Trung Hòa - Quận Cầu Giấy - TP. Hà Nội",024-62636688,024-37754599,info@cenland.vn,,https://s.cafef.vn/Ajax/CongTy/CongTyCon.aspx?sym=CRE
187,481(B1/2021),3700805566,IJC,"Tầng 15, Becamex Tower, 230 Đại lộ Bình Dương - Phường Phú Hòa - TP. Thủ Dầu Một - Tỉnh Bình Dương",0274-3848789,0274-3848678,info@becamexijc.com,,https://s.cafef.vn/Ajax/CongTy/CongTyCon.aspx?sym=IJC
188,482(B1/2021),100931299,BIC,"Tầng 11, Tòa nhà 263 Cầu Giấy - Phường Dịch Vọng - Quận Cầu Giấy - TP. Hà Nội",024-22200282,024-22200281,bic@bidv.com.vn,,https://s.cafef.vn/Ajax/CongTy/CongTyCon.aspx?sym=BIC
189,301(B2/2021)-491(B1/2021),301446006,PPH,48 Tăng Nhơn Phú - Khu phố 3 - Phường Tăng Nhơn Phú B - Quận 9 - TP. Hồ Chí Minh,028-66847979 / 38963533,028-37281893 / 38966088,info@phongphucorp.com,,https://s.cafef.vn/Ajax/CongTy/CongTyCon.aspx?sym=PPH
190,300(B2/2021)-490(B1/2021),102065366,VND,1 Nguyễn Thượng Hiền-Phường Nguyễn Du-Quận Hai Bà Trưng-TP. Hà Nội,024-39410510,024-39724600,info@vnds.com.vn,,https://s.cafef.vn/Ajax/CongTy/CongTyCon.aspx?sym=VND
191,299(B2/2021)-489(B1/2021),101218757,DPG,"Tầng 15, Tòa nhà Handico, KĐT mới Mễ Trì Hạ - Đường Phạm Hùng - Phường Mễ Trì - Quận Nam Từ Liêm - TP. Hà Nội",024-37830856,024-37830859,info@datphuong.com.vn,,https://s.cafef.vn/Ajax/CongTy/CongTyCon.aspx?sym=DPG
192,306(B2/2021)-498(B1/2021),3600253537,SAM,"152/11B Điện Biên Phủ, P.25, Quận Bình Thạnh, TP.HCM",0251-3830936/028-35122919,0251-3830933/028-35122919,contact@samholdings.com.vn,,https://s.cafef.vn/Ajax/CongTy/CongTyCon.aspx?sym=SAM
193,308(B2/2021),105824156,IBC,"Tầng 4, Tháp A - Sky City Tower, 88 Láng Hạ, Đống Đa, Hà Nội",024 6262 9588,024 6262 9588,info@apaxholdings.com.vn,,https://s.cafef.vn/Ajax/CongTy/CongTyCon.aspx?sym=IBC
194,310(B2/2021),300645369,STG,1B Hoàng Diệu - Phường 13 - Quận 4 - TP. Hồ Chí Minh,028-62685858,028-38266593,info@sotrans.com.vn,,https://s.cafef.vn/Ajax/CongTy/CongTyCon.aspx?sym=STG
195,314(B2/2021),500391400,DHT,Số 10A Quang Trung - Quận Hà Đông - TP. Hà Nội,024-33824685,024-33829054,duochatay@gmail.com,,https://s.cafef.vn/Ajax/CongTy/CongTyCon.aspx?sym=DHT
196,315(B2/2021),105167581,ROS,Số 265 Cầu Giấy - Phường Dịch Vọng - Quận Cầu Giấy - TP. Hà Nội,024-32242600,024-32242601,contact@flcfaros.vn,,https://s.cafef.vn/Ajax/CongTy/CongTyCon.aspx?sym=ROS
197,318(B2/2021),3700381282,DTL,Lô CN 8 - đường CN 5 - KCN Sóng Thần 3 - Phường Phú Tân - TP. Thủ Dầu Một - tỉnh Bình Dương,0274-3719999,0274-3732983,daithienloc@hcm.vnn.vn,,https://s.cafef.vn/Ajax/CongTy/CongTyCon.aspx?sym=DTL
198,322(B2/2021),4100733174,PCE,"Lô A2, Cụm công nghiệp Nhơn Bình, TP.Quy Nhơn, Tỉnh Bình Định",0256 3848488,0256 3848588 – 3848928,pvfcco-central@pce.vn,,https://s.cafef.vn/Ajax/CongTy/CongTyCon.aspx?sym=PCE
199,321(B2/2021),100108656,TRA,75 Yên Ninh - Phường Quán Thánh - Quận Ba Đình - TP. Hà Nội,18006612,024-36815097,info@traphaco.com.vn,,https://s.cafef.vn/Ajax/CongTy/CongTyCon.aspx?sym=TRA
200,324(B2/2021),303315400,SCR,253 Hoàng Văn Thụ - Phường 2 - Quận Tân Bình - TP. Hồ Chí Minh,028-38249988,028-38249977,info@ttcland.vn,,https://s.cafef.vn/Ajax/CongTy/CongTyCon.aspx?sym=SCR
201,328(B2/2021),2800463346,LSS,Thị Trấn Lam Sơn-Huyện Thọ Xuân-Tỉnh Thanh Hóa,0237-8996667,0237-3834092,info@lasuco.com.vn,,https://s.cafef.vn/Ajax/CongTy/CongTyCon.aspx?sym=LSS
202,333(B2/2021),102524651,SHS,"Tầng 1-5, Tòa nhà Unimex Hà Nội, Số 41 Ngô Quyền - Phường Hàng Bài - Quận Hoàn Kiếm - TP. Hà Nội",024-38181888,024-38181688,contact@shs.com.vn,,https://s.cafef.vn/Ajax/CongTy/CongTyCon.aspx?sym=SHS
203,335(B2/2021),101449271,NSC,Số 1 Phố Lương Đình Của - Phường Phương Mai - Quận Đống Đa - TP. Hà Nội,024-38523294,024-38527996,nsc@vinaseed.com.vn,,https://s.cafef.vn/Ajax/CongTy/CongTyCon.aspx?sym=NSC
204,338(B2/2021),103018538,PLP,"Lô Đất CN4.3 KCN MP Đình Vũ, Khu Kinh tế Đình Vũ-Cát Hải - Phường Đông Hải 2 - Quận Hải An - TP. Hải Phòng",0225-8830102,,info@phaleminerals.com.vn,,https://s.cafef.vn/Ajax/CongTy/CongTyCon.aspx?sym=PLP
205,343(B2/2021),1800155452,SDG,366E Cách Mạng Tháng 8 - Phường Bùi Hữu Nghĩa - Quận Bình Thuỷ - TP. Cần Thơ,0292-3884354 / 3884919,0292-3821141,kinhdoanh@sadico.com.vn,,https://s.cafef.vn/Ajax/CongTy/CongTyCon.aspx?sym=SDG
206,339(B2/2021),1200526842,THG,90 Đinh Bộ Lĩnh-Phường 9-TP. Mỹ Tho-Tỉnh Tiền Giang,0273-3872878,0273-3850597,ticco@ticco.com.vn,,https://s.cafef.vn/Ajax/CongTy/CongTyCon.aspx?sym=THG
207,347(B2/2021),102806367,EVF,"Tầng 14, 15 và 16, Tháp B, Tòa nhà EVN, số 11 Cửa Bắc - Phường Trúc Bạch - Quận Ba Đình - TP. Hà Nội",024-22229999,024-22221999,taichinhdienluc@evnfe.vn / lienhe@evnfc.vn,,https://s.cafef.vn/Ajax/CongTy/CongTyCon.aspx?sym=EVF
208,349(B2/2021),305475110,PVP,"Tầng 3, Tòa nhà PVFCCo, 43 Mạc Đĩnh Chi - Phường Đa Kao - Quận 1 - TP. Hồ Chí Minh",028-38228546,028-38228545,pacific@pvtrans.com,,https://s.cafef.vn/Ajax/CongTy/CongTyCon.aspx?sym=PVP
209,345(B2/2021),101099228,DAG,Tầng 9 - Tháp Tây - Tòa nhà Hancorp Plaza - 72 Trần Đăng Ninh - Quận Cầu Giấy - TP. Hà Nội,024-37342888,024-37938942,info@nhuadonga.com.vn,,https://s.cafef.vn/Ajax/CongTy/CongTyCon.aspx?sym=DAG
210,348(B2/2021),305299779,VCI,"Tầng 15, Tháp tài chính Bitexco, số 2 Hải Triều, Quận 1, Tp. Hồ Chí Minh, Việt Nam",028-39143588,028-39143209,info@vcsc.com.vn,,https://s.cafef.vn/Ajax/CongTy/CongTyCon.aspx?sym=VCI
211,354(B2/2021),101405355,S99,"Tầng 3, Tháp C, Tòa Nhà Golden Palace - Đường Mễ Trì - Phường Mễ Trì - Quận Nam Từ Liêm - TP. Hà Nội",024-37684495,024-37684490,sci@scigroup.vn,,https://s.cafef.vn/Ajax/CongTy/CongTyCon.aspx?sym=S99
212,362(B2/2021),400101404,DDN,Số 2 Phan Đình Phùng - Phường Hải Châu 1 - Quận Hải Châu - TP. Đà Nẵng,0236-3810735,0236-3891752,infor@dapharco.com.vn,,https://s.cafef.vn/Ajax/CongTy/CongTyCon.aspx?sym=DDN
213,363(B2/2021),305390530,GSP,"Tầng 13, tòa nhà Sofic, số 10 Mai Chí Thọ, P.Thủ Thiêm, Tp. Thủ Đức, TP.HCM, Việt Nam.",028-22205388,028-22205366,postmaster@gasshipping.com.vn,,https://s.cafef.vn/Ajax/CongTy/CongTyCon.aspx?sym=GSP
214,366(B2/2021),101311315,PHC,"Tầng 1, Tháp A, Tòa Nhà CT2 (The Light), Đường Tố Hữu - Phường Trung Văn - Quận Nam Từ Liêm - TP. Hà Nội",024-66646518/19/20,024-66646521,info@phuchung.com.vn,,https://s.cafef.vn/Ajax/CongTy/CongTyCon.aspx?sym=PHC
215,371(B2/2021),301825452,SRF,"Lầu 14, Tòa nhà VP Centec Tower, Số 72 - 74 Nguyễn Thị Minh Khai - Phường 6 - Quận 3 - TP. Hồ Chí Minh",028-38227260,028-38226001,info@searefico.com,,https://s.cafef.vn/Ajax/CongTy/CongTyCon.aspx?sym=SRF
216,380(B2/2021),101183550,CEO,"Tầng 5, Tháp CEO, Lô HH2-1, Đường Phạm Hùng - Phường Mễ Trì - Quận Nam Từ Liêm - TP. Hà Nội",024-37875136,024-37875137,info@ceogroup.com.vn,,https://s.cafef.vn/Ajax/CongTy/CongTyCon.aspx?sym=CEO
217,381(B2/2021),1400384433,IMP,"Số 4, Đường 30/4 - Phường 1 - TP. Cao Lãnh - Tỉnh Đồng Tháp",0277-3851941,0277-3853106,imp@imexpharm.com,,https://s.cafef.vn/Ajax/CongTy/CongTyCon.aspx?sym=IMP
218,389(B2/2021),100100625,SRC,Số 231 Nguyễn Trãi - Phường Thượng Đình - Quận Thanh Xuân - TP. Hà Nội,024-38583656,024-38583644,caosusaovang@src.com.vn,,https://s.cafef.vn/Ajax/CongTy/CongTyCon.aspx?sym=SRC
219,388(B2/2021),3700148825,KSB,Đại lộ Bình Dương - Khu phố Hòa Lân I - Phường Thuận Giao - TP. Thuận An - Tỉnh Bình Dương,0274-3822602,0274-3823922,info@bimico.com.vn,,https://s.cafef.vn/Ajax/CongTy/CongTyCon.aspx?sym=KSB
220,391(B2/2021),900264799,TDP,Thôn Bằng Ngang - Thị trấn Lương Bằng - Huyện Kim Động - Tỉnh Hưng Yên,0221-3810705,0221-3810706,support@thuanducsjc.vn,,https://s.cafef.vn/Ajax/CongTy/CongTyCon.aspx?sym=TDP
221,396(B2/2021),2600106523,CVT,"Lô B10 – B11, Khu công nghiệp Thụy Vân - xã Thụy Vân - TP. Việt Trì - Tỉnh Phú Thọ",0210-3991706,0210-3991800,cmctilejsc@gmail.com,,https://s.cafef.vn/Ajax/CongTy/CongTyCon.aspx?sym=CVT
222,400(B2/2021),3600363970,BBC,443 Lý Thường Kiệt - Phường 8 - Quận Tân Bình - TP. Hồ Chí Minh,028-39717920,028-39717922,bibica@bibica.com.vn,,https://s.cafef.vn/Ajax/CongTy/CongTyCon.aspx?sym=BBC
223,399(B2/2021),102182140,FIT,"Tầng 5, Tòa nhà HACC1 Complex Building, Số 35 Lê Văn Lương - Phường Nhân Chính - Quận Thanh Xuân - TP. Hà Nội",024-73094688,024-73094686,info@fitgroup.com.vn,,https://s.cafef.vn/Ajax/CongTy/CongTyCon.aspx?sym=FIT
224,398(B2/2021),102681319,KOS,"B6-BT5, Khu đô thị mới Mỹ Đình 2 - Phường Mỹ Đình 2 - Quận Nam Từ Liêm - TP. Hà Nội",024-37833660 / 38378866,024-37833661,infor@kosy.vn,,https://s.cafef.vn/Ajax/CongTy/CongTyCon.aspx?sym=KOS
225,402(B2/2021),4100259564,DBD,498 Nguyễn Thái Học - Phường Quang Trung - TP. Quy Nhơn - Tỉnh Bình Định,0256-3846500,0256-3846846,info@bidiphar.com,,https://s.cafef.vn/Ajax/CongTy/CongTyCon.aspx?sym=DBD
226,415(B2/2021),4100258747,C47,8 Biên Cương - Phường Ngô Mây - TP. Quy Nhơn - Tỉnh Bình Định,0256-3522166,0256-3522316,c47@xaydung47.vn,,https://s.cafef.vn/Ajax/CongTy/CongTyCon.aspx?sym=C47
227,423(B2/2021),100105895,VC2,Tầng 2-4-Tòa nhà D1-Khu đô thị mới Kim Văn-Kim Lũ-Phường Đại Kim-Quận Hoàng Mai-TP. Hà Nội,024-37530936,024-38361012,vinaconex2@vinaconex2jsc.vn,,https://s.cafef.vn/Ajax/CongTy/CongTyCon.aspx?sym=VC2
228,422(B2/2021),301776205,VNL,145-147 Nguyễn Tất Thành - Phường 13 - Quận 4 - TP. Hồ Chí Minh,028-38255389,028-39405331,headoffice@vinalinklogistic.com,,https://s.cafef.vn/Ajax/CongTy/CongTyCon.aspx?sym=VNL
229,421(B2/2021),103818809,HAH,"Tầng 7, Số 45 Triệu Việt Vương - Phường Bùi Thị Xuân - Quận Hai Bà Trưng - TP. Hà Nội",024-39877515,024-39744022,info@haiants.vn,,https://s.cafef.vn/Ajax/CongTy/CongTyCon.aspx?sym=HAH
230,419(B2/2021),101508664,INN,Số 72 Trường Chinh - Phường Phương Mai - Quận Đống Đa - TP. Hà Nội,024-36840093 / 38695605,024-36840095 / 38695605,info@appmail.vn,,https://s.cafef.vn/Ajax/CongTy/CongTyCon.aspx?sym=INN
231,420(B2/2021),400101965,HHV,27 Bùi Chát - Phường Hòa Khánh Bắc - Quận Liên Chiểu - TP. Đà Nẵng,0236-3730574,0236-3842713,hmc.vanthu@deoca.vn,,https://s.cafef.vn/Ajax/CongTy/CongTyCon.aspx?sym=HHV
232,425(B2/2021),102278484,OGC,"Tòa nhà VNT Tower – Số 19 Nguyễn Trãi, Thanh Xuân, Hà Nội",024-37727252,024-37727073,info@oceangroup.vn,,https://s.cafef.vn/Ajax/CongTy/CongTyCon.aspx?sym=OGC
233,428(B2/2021),302563707,ST8,A20 Tân Phong Nguyễn Hữu Thọ-Phường Tân Phong-Quận 7-TP. Hồ Chí Minh,028-62628888,028-62625888,info@st8.vn,,https://s.cafef.vn/Ajax/CongTy/CongTyCon.aspx?sym=ST8
234,434(B2/2021),1700113586,CKG,34 Trần Phú - Phường Vĩnh Thanh - TP. Rạch Giá - Tỉnh Kiên Giang,0297-3874660,0297-3866451,tvkg@cicgroups.com,,https://s.cafef.vn/Ajax/CongTy/CongTyCon.aspx?sym=CKG
235,432(B2/2021),301123125,SAS,Sân bay Quốc tế Tân Sơn Nhất - Phường 2 - Quận Tân Bình - TP. Hồ Chí Minh,028-38448358,028-38447812,sasco@sasco.com.vn,,https://s.cafef.vn/Ajax/CongTy/CongTyCon.aspx?sym=SAS
236,435(B2/2021),106393583,MBS,"Tòa nhà MB, Số 3 Liễu Giai - Quận Ba Đình - TP. Hà Nội",024-37262600,024-37262601,,,https://s.cafef.vn/Ajax/CongTy/CongTyCon.aspx?sym=MBS
238,437(B2/2021),3400382278,ABS,Số 3 Nguyễn Du. - Phường Đức Thắng - TP. Phan Thiết - Tỉnh Khánh Hòa,0252-3721555,0252-3722622,dvnnbinhthuan@gmail.com,,https://s.cafef.vn/Ajax/CongTy/CongTyCon.aspx?sym=ABS
239,440(B2/2021),2500217389,NAG,Khu 9 - Phường Phúc Thắng - TP. Phúc Yên - Tỉnh Vĩnh Phúc,0211-3873568 / 024-32151329,0211-3530265 / 024-32151327,info@nagakawa.com.vn,,https://s.cafef.vn/Ajax/CongTy/CongTyCon.aspx?sym=NAG
240,447(B2/2021),100108504,VFC,Thôn Tự Khoát - Xã Ngũ Hiệp - Huyện Thanh Trì - TP. Hà Nội,024-37684464 / 37685775,024-37684465,info@vinafco.com.vn,,https://s.cafef.vn/Ajax/CongTy/CongTyCon.aspx?sym=VFC
241,449(B2/2021),100101273,HTM,38-40 Lê Thái Tổ - Phường Hàng Trống - Quận Hoàn Kiếm - TP. Hà Nội,024-38267984,024-39288407,banthuonghieu@haprogroup.vn,,https://s.cafef.vn/Ajax/CongTy/CongTyCon.aspx?sym=HTM
242,459(B2/2021),300363808,DQC,125 Hàm Nghi-Phường Nguyễn Thái Bình- Quận 1-TP. Hồ Chí Minh,08-38290135,08-38251518,info@dienquang.com,,https://s.cafef.vn/Ajax/CongTy/CongTyCon.aspx?sym=DQC
243,460(B2/2021),302560110,OPC,1017 Hồng Bàng - Phường 12 - Quận 6 - TP. Hồ Chí Minh,028-37517111,028-38752048,info@opcpharma.com,,https://s.cafef.vn/Ajax/CongTy/CongTyCon.aspx?sym=OPC
244,480(B2/2021),301447426,HPT,"Lô E2a-3 đường D1, khu Công nghệ cao, TP. Thủ Đức, TP.HCM",028 38 266 206,028 54108 801,info@hpt.vn,,https://s.cafef.vn/Ajax/CongTy/CongTyCon.aspx?sym=HPT
245,481(B2/2021),2400345718,TDG,Lô D1 KCN Đình Trám-Xã Hoàng Ninh-Huyện Việt Yên-Tỉnh Bắc Giang,(84-204) 2244.903,(84-204) 3661.311,thaiduonggas@gmail.com,,https://s.cafef.vn/Ajax/CongTy/CongTyCon.aspx?sym=TDG
246,483(B2/2021),200380768,TR1,Số 271 Lê Thánh Tông - Phường Máy Chai - Quận Ngô Quyền - TP. Hải Phòng,0225-3822329 / 3822440,0225-3745679,info@traco.vn,,https://s.cafef.vn/Ajax/CongTy/CongTyCon.aspx?sym=TR1
247,488(B2/2021),104228175,EVG,Số 142 Đội Cấn-Phường Đội Cấn-Quận Ba Đình-Thành phố Hà Nội,024-3200 1234,024- 3569 0141,info@everland.vn,,https://s.cafef.vn/Ajax/CongTy/CongTyCon.aspx?sym=EVG
