STT,Tên HO,Ngành nghề,Địa chỉ HO,MST,TTP,MCK,url
4,Ngân hàng Thương mại cổ phần Bưu điện Liên Việt,,"Tầng 2, TN Capital Tower - 109 Trần Hưng Đạo-q.Hoàn Kiếm - Hà nội",6300048638,Hà Nội,LPB,https://s.cafef.vn/Ajax/CongTy/CongTyCon.aspx?sym=LPB
5,Ngân hàng Thương mại Cổ phần Sài Gòn - Hà Nội,,"Số 11 Hàn Thuyên, Phạm đình Hổ, Hai Bà Trưng, Hà Nội - Phòng Kế toán",1800278630,Hà Nội,SHB,https://s.cafef.vn/Ajax/CongTy/CongTyCon.aspx?sym=SHB
6,Ngân hàng TMCP Quốc dân,,"Số 28C-D Bà Triệu, P. Hàng Bài, Q.Hoàn Kiếm, Hà Nội",1700169765,Hà Nội,NVB,https://s.cafef.vn/Ajax/CongTy/CongTyCon.aspx?sym=NVB
12,CÔNG TY CỔ PHẦN TẬP ĐOÀN TRƯỜNG HẢI,,"Tòa nhà Sofic, 10 Mai Chí Thọ, P Thủ Thiêm Thủ Đức, TP. Hồ Chí Minh, Việt Nam",3600252847,TP Hồ Chí Minh,THA,https://s.cafef.vn/Ajax/CongTy/CongTyCon.aspx?sym=THA
13,CÔNG TY CP ĐẦU TƯ THẾ GIỚI DI ĐỘNG,," Lô T2-1.2 đường D1, Khu Công Nghệ Cao, Phường Tân Phú, Quận 9,",0306731335,TP Hồ Chí Minh,MWG,https://s.cafef.vn/Ajax/CongTy/CongTyCon.aspx?sym=MWG
14,CÔNG TY CP VÀNG BẠC ĐÁ QUÝ PHÚ NHUẬN,,170E Phan Đăng Lưu - Phường 3 - Quận Phú Nhuận - TP. Hồ Chí Minh,0300521758,TP Hồ Chí Minh,PNJ,https://s.cafef.vn/Ajax/CongTy/CongTyCon.aspx?sym=PNJ
15,CÔNG TY CP THẾ GIỚI SỐ,,"Số 195 – 197 Đường Nguyễn Thái Bình - P. Nguyễn Thái Bình - Q.1, Tp. Hồ Chí Minh",0302861742,TP Hồ Chí Minh,DWG,https://s.cafef.vn/Ajax/CongTy/CongTyCon.aspx?sym=DWG
16,NGÂN HÀNG TMCP VIỆT Á,,"119-121 Đ. Nguyễn Công Trứ, Phường Nguyễn Thái Bình, Quận 1, Thành phố Hồ Chí Minh",0302963695,TP Hồ Chí Minh,VAB,https://s.cafef.vn/Ajax/CongTy/CongTyCon.aspx?sym=VAB
17,CÔNG TY CP TẬP ĐOÀN ĐẤT XANH,,"2W Ung Văn Khiêm, Phường 25, Bình Thạnh, Thành phố Hồ Chí Minh",0303104343,TP Hồ Chí Minh,DXG,https://s.cafef.vn/Ajax/CongTy/CongTyCon.aspx?sym=DXG
18,CÔNG TY CP ĐỊA ỐC SÀI GÒN THƯƠNG TÍN,,253 Hoàng Văn Thụ - P. 2 - Q. Tân Bình - Tp. Hồ Chí Minh,0303315400,TP Hồ Chí Minh,SCR,https://s.cafef.vn/Ajax/CongTy/CongTyCon.aspx?sym=SCR
19,CÔNG TY CP DỊCH VỤ HÀNG KHÔNG SÂN BAY TÂN SƠN NHẤT (SASCO),,Sân bay Quốc tế Tân Sơn Nhất - Phường 2 - Quận Tân Bình - TP. Hồ Chí Minh,0301123125,TP Hồ Chí Minh,SAS,https://s.cafef.vn/Ajax/CongTy/CongTyCon.aspx?sym=SAS
33,Tập đoàn Xăng dầu Việt Nam,,"Số 1 Khâm Thiên. Phường Khâm Thiên, Quận Đống Đa,Hà Nội",0100107370,Hà Nội,PLX,https://s.cafef.vn/Ajax/CongTy/CongTyCon.aspx?sym=PLX
36,Tập đoàn Dầu khí Việt Nam,,"Tòa nhà Viện Dầu khí Việt Nam, số 167 đường Trung Kính, Phường Yên Hòa, Quận Cầu Giấy, Thành phố Hà Nội, Việt Nam",0102276173,Hà Nội,POW,https://s.cafef.vn/Ajax/CongTy/CongTyCon.aspx?sym=POW
39,Tổng công ty Hàng không Việt Nam,,"Số 200, Phố Nguyễn Sơn, Phường Bồ Đề, Quận Long Biên, TP Hà Nội, Việt Nam",0100107518,Hà Nội,HVN,https://s.cafef.vn/Ajax/CongTy/CongTyCon.aspx?sym=HVN
43,Tổng công ty Lâm nghiệp Việt Nam,,127 Lò Đúc - Phường Đống Mác - Quận Hai Bà Trưng - Thành Phố Hà Nội,0100102012,Hà Nội,VIF,https://s.cafef.vn/Ajax/CongTy/CongTyCon.aspx?sym=VIF
44,Công ty Cổ phần Tổng Công ty Truyền hình cáp Việt Nam,,Tòa nhà VTV - Số 3/84 đường Ngọc Khánh - P.Giảng Võ- Q.Ba Đình - TP.Hà Nội,0105926285,Hà Nội,CAB,https://s.cafef.vn/Ajax/CongTy/CongTyCon.aspx?sym=CAB
51,Tổng công ty Thép Việt Nam - CTCP,,"Số 91 Láng Hạ, Phường Láng Hạ, Quận Đống Đa, Hà Nội, Vietnam",0100100047,Hà Nội,TVN,https://s.cafef.vn/Ajax/CongTy/CongTyCon.aspx?sym=TVN
52,Ngân hàng TMCP Kỹ Thương Việt Nam,,"Số 191 phố Bà Triệu, Phường Lê Đại Hành, Quận Hai Bà Trưng, Thành phố Hà Nội",0100230800,Hà Nội,TCB,https://s.cafef.vn/Ajax/CongTy/CongTyCon.aspx?sym=TCB
53,Ngân hàng TMCP Công thương Việt Nam,,"108 Trần Hưng Đạo,Quận Hoàn Kiếm,Hà Nội",0100111948,Hà Nội,CTG,https://s.cafef.vn/Ajax/CongTy/CongTyCon.aspx?sym=CTG
54,Ngân hàng TMCP Đầu tư và Phát triển Việt Nam,,"35 Hàng Vôi,phường Lý Thái Tổ, quận Hoàn Kiếm, TP Hà Nội",0100150619,Hà Nội,BID,https://s.cafef.vn/Ajax/CongTy/CongTyCon.aspx?sym=BID
55,Ngân hàng TMCP Hàng hải Việt Nam,,"Tâng 29, TNR Tower,54A Nguyễn Chí Thanh, Đống Đa, HN",0200124891,Hà Nội,MSB,https://s.cafef.vn/Ajax/CongTy/CongTyCon.aspx?sym=MSB
57,Ngân hàng Thương mại Cổ phần Tiên Phong,,"Tòa nhà TPBank, số 57, phố Lý Thường Kiệt, phường Trần Hưng Đạo, quận Hoàn Kiếm, TP Hà Nội",0102744865,Hà Nội,TPB,https://s.cafef.vn/Ajax/CongTy/CongTyCon.aspx?sym=TPB
58,Ngân hàng TMCP Quân đội Việt Nam,,"Số 21 Cát Linh, Phường Cát Linh, Quận Đống Đa, Thành phố Hà Nội",0100283873,Hà Nội,MBB,https://s.cafef.vn/Ajax/CongTy/CongTyCon.aspx?sym=MBB
59,Ngân hàng TMCP Việt Nam Thịnh Vượng,,Tầng 19 số 89 Láng Hạ Đống Đa. HN,0100233583,Hà Nội,VPB,https://s.cafef.vn/Ajax/CongTy/CongTyCon.aspx?sym=VPB
60,Ngân hàng Thương mại Cổ phần Quốc tế Việt Nam,,"Tầng 7 Toà nhà Corner Stone, 16 Phan Chu Trinh, P.Phan Chu Trinh, Q.Hoàn Kiếm, Hà Nội.",0100233488,Hà Nội,VIB,https://s.cafef.vn/Ajax/CongTy/CongTyCon.aspx?sym=VIB
62,Ngân hàng TMCP Ngoại thương Việt Nam,,"Tầng 7, tòa nhà Vietcombank, 198 Trần Quang Khải, Hà Nội",0100112437,Hà Nội,VCB,https://s.cafef.vn/Ajax/CongTy/CongTyCon.aspx?sym=VCB
63,Ngân hàng Thương mại Cổ phần Đông Nam á,,"25 Trần Hưng Đạo, Phường Phan Chu Trinh, Hoàn Kiếm, Hà Nội",0200253985,Hà Nội,SSB,https://s.cafef.vn/Ajax/CongTy/CongTyCon.aspx?sym=SSB
69,Ngân hàng Thương mại TNHH MTV Dầu khí Toàn Cầu,,"Tòa nhà capital tower , 109 Trần Hưng Đạo, P Cửa Nam, Q Hoàn Kiếm , TP Hà Nội, VN",2700113651,Hà Nội,PGB,https://s.cafef.vn/Ajax/CongTy/CongTyCon.aspx?sym=PGB
70,Ngân hàng TMCP xăng dầu Petrolimex,,"Tầng 21, tòa nhà MIPEC Tower, số 229 Tây Sơn, quận Đống Đa, TP Hà Nội",0100110768,Hà Nội,PGI,https://s.cafef.vn/Ajax/CongTy/CongTyCon.aspx?sym=PGI
75,Tổng công ty Cổ phần bảo hiểm Bưu điện,,"Tầng 8, Toà nhà số 4A Láng Hạ, Quận Ba Đình,Thành Phố Hà Nội",0100774631,Hà Nội,PTI,https://s.cafef.vn/Ajax/CongTy/CongTyCon.aspx?sym=PTI
78,Tập đoàn Bảo Việt,,"Số 72, phố Trần Hưng Đạo, Phường Trần Hưng Đạo, Quận Hoàn Kiếm, Thành phố Hà Nội",0100111761,Hà Nội,BVH,https://s.cafef.vn/Ajax/CongTy/CongTyCon.aspx?sym=BVH
81,Công ty cổ phần chứng khoán SSI,,1C Ngô Quyền - Phường Lý Thái Tổ - Quận Hoàn Kiếm Thành Phố Hà Nội,0301955155,Hà Nội,SSI,https://s.cafef.vn/Ajax/CongTy/CongTyCon.aspx?sym=SSI
83,Công ty cổ phần chứng khoán VNDIRECT,,Số 1 Nguyễn THượng Hiền- Hai Bà Trưng -Hà Nội,0102065366,Hà Nội,VND,https://s.cafef.vn/Ajax/CongTy/CongTyCon.aspx?sym=VND
84,Công ty Cổ phần chứng khoán MB,,"Tầng M-3-7 Số 03 Liễu Giai, Phường Liễu Giai, Quận Ba Đình, TP.Hà Nội",0106393583,Hà Nội,MBS,https://s.cafef.vn/Ajax/CongTy/CongTyCon.aspx?sym=MBS
85,Tập đoàn Vingroup - Công ty CP,,"Số 7, đường Bằng Lăng 1,KĐT sinh thái Vinhomes Riverside, P.Việt Hưng, Q.Long Biên, TP.Hà Nội",0101245486,Hà Nội,VIC,https://s.cafef.vn/Ajax/CongTy/CongTyCon.aspx?sym=VIC
92,Tập đoàn Dệt may,,"25 Bà Triệu, Quận Hoàn Kiếm, Hà Nội",0100100008,Hà Nội,VGT,https://s.cafef.vn/Ajax/CongTy/CongTyCon.aspx?sym=VGT
93,TCT Sông Đà,,"Tòa nhà Sông Đà, đường Phạm Hùng - Quận Nam Từ Liêm - Hà Nội",0100105870,Hà Nội,SJG,https://s.cafef.vn/Ajax/CongTy/CongTyCon.aspx?sym=SJG
105,Tập đoàn FPT,,Số 17 phố Duy Tân - Phường Dịch Vọng Hậu - Quận Cầu Giấy - Hà Nội.,0101248141,Hà Nội,FPT,https://s.cafef.vn/Ajax/CongTy/CongTyCon.aspx?sym=FPT
110,Tập đoàn Công nghiệp - Viễn thông quân đội,,"Lô D26 Khu đô thị mới Cầu Giấy, Phường Yên Hoà, Quận Cầu Giấy, Thành phố Hà Nội",0100109106,Hà Nội,VTK,https://s.cafef.vn/Ajax/CongTy/CongTyCon.aspx?sym=VTK
155,Ngân hàng TMCP An Bình,,"170 Hai Bà Trưng, P.Đa Kao, Quận 1, Hồ Chí Minh",0301412222,TP Hồ Chí Minh,ABB,https://s.cafef.vn/Ajax/CongTy/CongTyCon.aspx?sym=ABB
156,CÔNG TY CP SỮA VIỆT NAM,,Số 10 Tân Trào - Phường Tân Phú - Quận 7 - TP. Hồ Chí Minh,0300588569,TP Hồ Chí Minh,VNM,https://s.cafef.vn/Ajax/CongTy/CongTyCon.aspx?sym=VNM
157,CÔNG TY CP TẬP ĐOÀN HOA SEN,,183 Nguyễn Văn Trỗi - Phường 10 - Quận Phú Nhuận - TP Hồ Chí Minh,3700381324,TP Hồ Chí Minh,HSG,https://s.cafef.vn/Ajax/CongTy/CongTyCon.aspx?sym=HSG
158,Ngân hàng TMCP xuất nhập khẩu Việt Nam,,"Tầng 8, tòa nhà Vincom Center, 72 Lê Thánh Tôn,P.Bến Nghé,Quận 1,TP. Hồ Chí Minh",0301179079,TP Hồ Chí Minh,EIB,https://s.cafef.vn/Ajax/CongTy/CongTyCon.aspx?sym=EIB
162,Ngân hàng TMCP á châu,,"442 Nguyễn Minh Khai, Phường 5, Quận 3, TP. Hồ Chí Minh",0301452948,TP Hồ Chí Minh,ACB,https://s.cafef.vn/Ajax/CongTy/CongTyCon.aspx?sym=ACB
163,Ngân hàng Thương Mại Cổ Phần Nam á,,"201-203 Cách mạng tháng tám, Phường 4, Quận 3, Tp Hồ Chí Minh, VN",0300872315,TP Hồ Chí Minh,NAB,https://s.cafef.vn/Ajax/CongTy/CongTyCon.aspx?sym=NAB
164,Ngân hàng TMCP Sài Gòn Thương Tín,,"266-268 Nam Kỳ Khởi Nghĩa, P8, Q3, Tp.Hồ Chí Minh",0301103908,TP Hồ Chí Minh,STB,https://s.cafef.vn/Ajax/CongTy/CongTyCon.aspx?sym=STB
166,TỔNG CÔNG TY CP BIA RƯỢU NƯỚC GIẢI KHÁT SÀI GÒN,,Số 187 Nguyễn Chí Thanh - Phường 12 - Quận 5 - TP. Hồ Chí Minh,0300583659,TP Hồ Chí Minh,SAB,https://s.cafef.vn/Ajax/CongTy/CongTyCon.aspx?sym=SAB
167,CÔNG TY CP DU LỊCH VÀ TIẾP THỊ GIAO THÔNG VẬN TẢI VIỆT NAM - VIETRAVEL,,190 Pasteur - Phường 6 - Quận 3 - TP. Hồ Chí Minh,0300465937,TP Hồ Chí Minh,VTR,https://s.cafef.vn/Ajax/CongTy/CongTyCon.aspx?sym=VTR
168,CÔNG TY CP KINH DOANH KHÍ MIỀN NAM,,Tầng 4 - tòa nhà PetroVietnam - 1 - 5 Lê Duẩn - Phường Bến Nghé - Quận 1 - TP. Hồ Chí Minh,0305097236,TP Hồ Chí Minh,PGS,https://s.cafef.vn/Ajax/CongTy/CongTyCon.aspx?sym=PGS
171,Tổng Công ty Cảng hàng không Việt Nam,,"Tòa nhà Tổng công ty Cảng hàng không Việt Nam, 58 Trường Sơn - Phường 2 - Quận Tân Bình - TP. Hồ Chí Minh",0311638525,TP Hồ Chí Minh,ACV,https://s.cafef.vn/Ajax/CongTy/CongTyCon.aspx?sym=ACV
173,Công ty Cổ phần Công Nghệ - Viễn Thông Sài Gòn,,Lô 46 Công viên phần mềm Quang Trung-Phường Tân Chánh Hiệp-Quận 12-TP. Hồ Chí Minh,0302615063,TP Hồ Chí Minh,SGT,https://s.cafef.vn/Ajax/CongTy/CongTyCon.aspx?sym=SGT
175,NGÂN HÀNG TMCP VIỆT NAM THƯƠNG TÍN (VIETBANK),,"62A Cách Mạng Tháng Tám, Phường 6, Quận 3, TP.Hồ Chí Minh",2200269805,TP Hồ Chí Minh,VBB,https://s.cafef.vn/Ajax/CongTy/CongTyCon.aspx?sym=VBB
177,CÔNG TY CP TẬP ĐOÀN MASAN,,"Tầng 8, Tòa nhà Central Plaza, 17 Lê Duẩn - Phường Bến Nghé - Quận 1 - TP. Hồ Chí Minh",0303576603,TP Hồ Chí Minh,MSN,https://s.cafef.vn/Ajax/CongTy/CongTyCon.aspx?sym=MSN
178,NGÂN HÀNG TMCP SÀI GÒN,,"19 Đ. Nguyễn Huệ, Bến Nghé, Quận 1, Thành phố Hồ Chí Minh",0311449990,TP Hồ Chí Minh,SCB,https://s.cafef.vn/Ajax/CongTy/CongTyCon.aspx?sym=SCB
179,NGÂN HÀNG TMCP PHÁT TRIỂN TP. HỒ CHÍ MINH,,25Bis Nguyễn Thị Minh Khai - Phường Bến Nghé - Quận 1 - TP. Hồ Chí Minh,0300608092,TP Hồ Chí Minh,HDB,https://s.cafef.vn/Ajax/CongTy/CongTyCon.aspx?sym=HDB
180,NGÂN HÀNG TMCP PHƯƠNG ĐÔNG,,"45 Lê Duẩn, Quận 1, TP Hồ Chí Minh, Việt Nam",0300852005,TP Hồ Chí Minh,OCB,https://s.cafef.vn/Ajax/CongTy/CongTyCon.aspx?sym=OCB
182,NGÂN HÀNG TMCP SÀI GÒN CÔNG THƯƠNG,,"19-21-23-25 đường Nguyễn Huệ, Phường Bến Nghé, Quận 1, TP. Hồ Chí Minh",0300610408,TP Hồ Chí Minh,SGB,https://s.cafef.vn/Ajax/CongTy/CongTyCon.aspx?sym=SGB
184,TỔNG CÔNG TY PHÂN BÓN VÀ HÓA CHẤT DẦU KHÍ - CTCP,,Lầu 7 - Tòa nhà PVFCCo - Số 43 Mạc Đĩnh Chi - Phường Đa Kao - Quận 1 - TP. Hồ Chí Minh,0303165480,TP Hồ Chí Minh,DPM,https://s.cafef.vn/Ajax/CongTy/CongTyCon.aspx?sym=DPM
192,Tổng Công ty Cổ phần Khoan và DV Khoan Dầu Khí,,"Lầu 4, Sailing Tower, 111A Pasteur, Q.1, TP.Hồ Chí Minh",0302495126,TP Hồ Chí Minh,PVD,https://s.cafef.vn/Ajax/CongTy/CongTyCon.aspx?sym=PVD
222,CÔNG TY CP TẬP ĐOÀN LỘC TRỜI,,23 Hà Hoàng Hổ - Phường Mỹ Xuyên - TP. Long Xuyên - Tỉnh An Giang,1600192619,An Giang,LTG,https://s.cafef.vn/Ajax/CongTy/CongTyCon.aspx?sym=LTG
228,TỔNG CÔNG TY CP ĐẦU TƯ PHÁT TRIỂN XÂY DỰNG,,265 Lê Hồng Phong - Phường 8 - TP. Vũng Tàu - Tỉnh Bà Rịa - Vũng Tàu,3500101107,Bà Rịa - Vũng Tàu,DIG,https://s.cafef.vn/Ajax/CongTy/CongTyCon.aspx?sym=DIG
229,CÔNG TY CP DẦU KHÍ THÁI DƯƠNG,,Lô D1 KCN Đình Trám-Xã Hoàng Ninh-Huyện Việt Yên-Tỉnh Bắc Giang,2400345718,Bắc Giang,TDG,https://s.cafef.vn/Ajax/CongTy/CongTyCon.aspx?sym=TDG
231,CÔNG TY CP TẬP ĐOÀN DABACO VIỆT NAM,,35 Đường Lý Thái Tổ - TP. Bắc Ninh - Tỉnh Bắc Ninh,2300105790,Bắc Ninh,DBC,https://s.cafef.vn/Ajax/CongTy/CongTyCon.aspx?sym=DBC
234,CÔNG TY CP ĐÔNG HẢI BẾN TRE,,"Lô AIII, KCN Giao Long - Xã An Phước - Huyện Châu Thành - Tỉnh Bến Tre",1300358260,Bến Tre,DHC,https://s.cafef.vn/Ajax/CongTy/CongTyCon.aspx?sym=DHC
236,CÔNG TY CP PHÚ TÀI,,278 Nguyễn Thị Định - Phường Nguyễn Văn Cừ - TP. Quy Nhơn - Tỉnh Bình Định,4100259236,Bình Định,PTB,https://s.cafef.vn/Ajax/CongTy/CongTyCon.aspx?sym=PTB
239,CÔNG TY CP CAO SU PHƯỚC HÒA,,Xã Phước Hoà - Huyện Phú Giáo - Tỉnh Bình Dương,3700147532,Bình Dương,PHR,https://s.cafef.vn/Ajax/CongTy/CongTyCon.aspx?sym=PHR
242,CÔNG TY CP GỖ AN CƯỜNG,,"Thửa đất 681, Tờ bản đồ 05, Đường ĐT 747B, Khu phố Phước Hải, Phường Thái Hoà, Thị xã Tân Uyên, Tỉnh Bình Dương",3700748131,Bình Dương,ACG,https://s.cafef.vn/Ajax/CongTy/CongTyCon.aspx?sym=ACG
243,CÔNG TY CP KHOÁNG SẢN VÀ XÂY DỰNG BÌNH DƯƠNG,,Đại lộ Bình Dương - Khu phố Hòa Lân I - Phường Thuận Giao - TP. Thuận An - Tỉnh Bình Dương,3700148825,Bình Dương,KSB,https://s.cafef.vn/Ajax/CongTy/CongTyCon.aspx?sym=KSB
245,CÔNG TY CP NƯỚC - MÔI TRƯỜNG BÌNH DƯƠNG,,11 Ngô Văn Trị-Phường Phú Lợi-TP. Thủ Dầu Một-Tỉnh Bình Dương,3700145694,Bình Dương,BWE,https://s.cafef.vn/Ajax/CongTy/CongTyCon.aspx?sym=BWE
246,CÔNG TY CP PHÁT TRIỂN HẠ TẦNG KỸ THUẬT,,"Tầng 15, Becamex Tower, 230 Đại lộ Bình Dương - Phường Phú Hòa - TP. Thủ Dầu Một - Tỉnh Bình Dương",3700805566,Bình Dương,IJC,https://s.cafef.vn/Ajax/CongTy/CongTyCon.aspx?sym=IJC
247,CÔNG TY CP THÉP NAM KIM,,"Lô A1, Đường Đ2, KCN Đồng An 2 - Phường Hòa Phú - TP. Thủ Dầu Một - Tỉnh Bình Dương",3700477019,Bình Dương,NKG,https://s.cafef.vn/Ajax/CongTy/CongTyCon.aspx?sym=NKG
257,TỔNG CÔNG TY ĐẦU TƯ VÀ PHÁT TRIỂN CÔNG NGHIỆP - CTCP,,Số 8 Hùng Vương - Phường Hòa Phú - TP. Thủ Dầu Một - Tỉnh Bình Dương,3700145020,Bình Dương,BCM,https://s.cafef.vn/Ajax/CongTy/CongTyCon.aspx?sym=BCM
258,TỔNG CÔNG TY THƯƠNG MẠI XUẤT NHẬP KHẨU THANH LỄ - CTCP,,Số 63 Đường Yersin - Phường Hiệp Thành - TP. Thủ Dầu Một - Tỉnh Bình Dương,3700146458,Bình Dương,TLP,https://s.cafef.vn/Ajax/CongTy/CongTyCon.aspx?sym=TLP
259,CÔNG TY CP TẬP ĐOÀN THỦY SẢN MINH PHÚ,,KCN Phường 8 - Phường 8 - TP. Cà Mau - Tỉnh Cà Mau,2000393273,Cà Mau,MPC,https://s.cafef.vn/Ajax/CongTy/CongTyCon.aspx?sym=MPC
261,CÔNG TY CP SADICO CẦN THƠ,,366E Cách Mạng Tháng 8 - Phường Bùi Hữu Nghĩa - Quận Bình Thuỷ - TP. Cần Thơ,1800155452,Cần Thơ,SDG,https://s.cafef.vn/Ajax/CongTy/CongTyCon.aspx?sym=SDG
262,CÔNG TY CP VẬT TƯ HẬU GIANG,,184 Trần Hưng Đạo - Phường An Nghiệp - Quận Ninh Kiều - TP. Cần Thơ,1800506679,Cần Thơ,HAM,https://s.cafef.vn/Ajax/CongTy/CongTyCon.aspx?sym=HAM
264,CÔNG TY CP ĐẦU TƯ HẠ TẦNG GIAO THÔNG ĐÈO CẢ,,27 Bùi Chát - Phường Hòa Khánh Bắc - Quận Liên Chiểu - TP. Đà Nẵng,0400101965,Đà Nẵng,HHV,https://s.cafef.vn/Ajax/CongTy/CongTyCon.aspx?sym=HHV
275,CÔNG TY CP TẬP ĐOÀN THÉP TIẾN LÊN,,G1A - KP4 - Đường Đồng Khởi - Phường Tân Hiệp - TP. Biên Hòa - Tỉnh Đồng Nai,3600512830,Đồng Nai,TLH,https://s.cafef.vn/Ajax/CongTy/CongTyCon.aspx?sym=TLH
278,CÔNG TY CP TỔNG CÔNG TY TÍN NGHĨA,,96 Hà Huy Giáp - Phường Quyết Thắng - TP. Biên Hòa - Tỉnh Đồng Nai,3600283394,Đồng Nai,TID,https://s.cafef.vn/Ajax/CongTy/CongTyCon.aspx?sym=TID
289,TỔNG CÔNG TY CP PHÁT TRIỂN KHU CÔNG NGHIỆP,,"Số 1, Đường 1, KCN Biên Hoà 1 - Phường An Bình - TP. Biên Hòa - Tỉnh Đồng Nai",3600335363,Đồng Nai,SNZ,https://s.cafef.vn/Ajax/CongTy/CongTyCon.aspx?sym=SNZ
290,Công ty Cổ phần DNP Holding,,Đường 9 KCN Nhơn Trạch 1-Phường An Bình-TP. Biên Hòa-Tỉnh Đồng Nai,3600662561,Đồng Nai,DNP,https://s.cafef.vn/Ajax/CongTy/CongTyCon.aspx?sym=DNP
292,CÔNG TY CP VĨNH HOÀN,,Quốc Lộ 30 - Phường 11 - TP. Cao Lãnh - Tỉnh Đồng Tháp,1400112623,Đồng Tháp,VHC,https://s.cafef.vn/Ajax/CongTy/CongTyCon.aspx?sym=VHC
304,CÔNG TY CỔ PHẦN ĐẦU TƯ EVERLAND,,"Tầng 3, Tòa nhà 97-99 Láng Hạ, Phường Láng Hạ, Quận Đống Đa, Thành phố Hà Nội, Việt Nam",0104228175,Hà Nội,EVG,https://s.cafef.vn/Ajax/CongTy/CongTyCon.aspx?sym=EVG
305,CÔNG TY CP BAO BÌ VÀ IN NÔNG NGHIỆP,,Số 72 Trường Chinh - Phường Phương Mai - Quận Đống Đa - TP. Hà Nội,0101508664,Hà Nội,INN,https://s.cafef.vn/Ajax/CongTy/CongTyCon.aspx?sym=INN
306,CÔNG TY CP BẤT ĐỘNG SẢN THẾ KỶ,,"Tầng 1, Số 137 Nguyễn Ngọc Vũ - Phường Trung Hòa - Quận Cầu Giấy - TP. Hà Nội",0101160306,Hà Nội,CRE,https://s.cafef.vn/Ajax/CongTy/CongTyCon.aspx?sym=CRE
307,CÔNG TY CP BÓNG ĐÈN PHÍCH NƯỚC RẠNG ĐÔNG,,87-89 Hạ Đình - Phường Thanh Xuân Trung - Quận Thanh Xuân - TP. Hà Nội,0101526991,Hà Nội,RAL,https://s.cafef.vn/Ajax/CongTy/CongTyCon.aspx?sym=RAL
308,CÔNG TY CP CAO SU SAO VÀNG,,Số 231 Nguyễn Trãi - Phường Thượng Đình - Quận Thanh Xuân - TP. Hà Nội,0100100625,Hà Nội,SRC,https://s.cafef.vn/Ajax/CongTy/CongTyCon.aspx?sym=SRC
310,CÔNG TY CP CHỨNG KHOÁN SÀI GÒN - HÀ NỘI,,"Tầng 1-5, Tòa nhà Unimex Hà Nội, Số 41 Ngô Quyền - Phường Hàng Bài - Quận Hoàn Kiếm - TP. Hà Nội",0102524651,Hà Nội,SHS,https://s.cafef.vn/Ajax/CongTy/CongTyCon.aspx?sym=SHS
318,CÔNG TY CP ĐẦU TƯ TỔNG HỢP HÀ NỘI,,"Tầng 9, Tòa nhà Peakview, 36 Hoàng Cầu, Phường Ô Chợ Dừa, Quận Đống Đa, Thành phố Hà Nội, Việt Nam",0102287094,Hà Nội,SHN,https://s.cafef.vn/Ajax/CongTy/CongTyCon.aspx?sym=SHN
319,CÔNG TY CP ĐẦU TƯ VÀ XÂY DỰNG VINA2,,Tầng 2-4-Tòa nhà D1-Khu đô thị mới Kim Văn-Kim Lũ-Phường Đại Kim-Quận Hoàng Mai-TP. Hà Nội,0100105895,Hà Nội,VC2,https://s.cafef.vn/Ajax/CongTy/CongTyCon.aspx?sym=VC2
320,CÔNG TY CP ĐẦU TƯ VÀ XÂY DỰNG XUÂN MAI,,Tầng 4-Tòa Tháp Xuân Mai-Đường Tô Hiệu-Phường Hà Cầu-Quận Hà Đông-TP. Hà Nội,0500443916,Hà Nội,XMC,https://s.cafef.vn/Ajax/CongTy/CongTyCon.aspx?sym=XMC
321,CÔNG TY CP ĐẦU TƯ VĂN PHÚ - INVEST,,104 Thái Thịnh - Phường Trung Liệt - Quận Đống Đa - TP. Hà Nội,0102702590,Hà Nội,VPI,https://s.cafef.vn/Ajax/CongTy/CongTyCon.aspx?sym=VPI
324,"CÔNG TY CP ĐẦU TƯ, THƯƠNG MẠI VÀ DỊCH VỤ - VINACOMIN",,Số 1 Phan Đình Giót - Phường Phương Liệt - Quận Thanh Xuân - TP. Hà Nội,0200170658,Hà Nội,ITS,https://s.cafef.vn/Ajax/CongTy/CongTyCon.aspx?sym=ITS
325,CTCP Thiết bị điện GELEX,,"Số 52 phố Lê Đại Hành, Phường Lê Đại Hành, Quận Hai Bà Trưng, Thành phố Hà Nội, Việt Nam",0107547109,Hà Nội,GEE,https://s.cafef.vn/Ajax/CongTy/CongTyCon.aspx?sym=GEE
329,CÔNG TY CP DƯỢC PHẨM HÀ TÂY,,Số 10A Quang Trung - Quận Hà Đông - TP. Hà Nội,0500391400,Hà Nội,DHT,https://s.cafef.vn/Ajax/CongTy/CongTyCon.aspx?sym=DHT
333,CÔNG TY CP FECON,,"Tầng 15, Tháp CEO, Lô HH2-1, KĐT Mễ Trì Hạ - Đường Phạm Hùng - Phường Mễ Trì - Quận Nam Từ Liêm - TP. Hà Nội",0101502599,Hà Nội,FCN,https://s.cafef.vn/Ajax/CongTy/CongTyCon.aspx?sym=FCN
336,CÔNG TY CP HÀNG KHÔNG VIETJET,,302/3 phố Kim Mã - Phường Ngọc Khánh - Quận Ba Đình - TP. Hà Nội,0102325399,Hà Nội,VJC,https://s.cafef.vn/Ajax/CongTy/CongTyCon.aspx?sym=VJC
340,CÔNG TY CP KOSY,,"B6-BT5, Khu đô thị mới Mỹ Đình 2 - Phường Mỹ Đình 2 - Quận Nam Từ Liêm - TP. Hà Nội",0102681319,Hà Nội,KOS,https://s.cafef.vn/Ajax/CongTy/CongTyCon.aspx?sym=KOS
343,CÔNG TY CP LICOGI 13,,"Tòa nhà LICOGI 13, đường Khuất Duy Tiến, Phường Nhân Chính, Quận Thanh Xuân, Thành phố Hà Nội, Việt Nam",0100106426,Hà Nội,LIG,https://s.cafef.vn/Ajax/CongTy/CongTyCon.aspx?sym=LIG
349,CÔNG TY CP PVI,,"Tòa Nhà Pvi, Lô Vp2, Phố Phạm Văn Bạch, Phường Yên Hoà, Quận Cầu Giấy, Thành Phố Hà Nội, Việt Nam",0100151161,Hà Nội,PVI,https://s.cafef.vn/Ajax/CongTy/CongTyCon.aspx?sym=PVI
350,CÔNG TY CP QUỐC TẾ SƠN HÀ,,Lô CN1 - Cụm công nghiệp Từ Liêm - Phường Minh Khai - Quận Bắc Từ Liêm - TP. Hà Nội,0100776445,Hà Nội,SHI,https://s.cafef.vn/Ajax/CongTy/CongTyCon.aspx?sym=SHI
353,CÔNG TY CP SCI,,"Tầng 3, Tháp C, Tòa Nhà Golden Palace - Đường Mễ Trì - Phường Mễ Trì - Quận Nam Từ Liêm - TP. Hà Nội",0101405355,Hà Nội,S99,https://s.cafef.vn/Ajax/CongTy/CongTyCon.aspx?sym=S99
356,CÔNG TY CP TẬP ĐOÀN C.E.O,,"Tầng 5, Tháp CEO, Lô HH2-1, Đường Phạm Hùng - Phường Mễ Trì - Quận Nam Từ Liêm - TP. Hà Nội",0101183550,Hà Nội,CEO,https://s.cafef.vn/Ajax/CongTy/CongTyCon.aspx?sym=CEO
357,CÔNG TY CP TẬP ĐOÀN CIENCO4,,"Tầng 10-11 Tòa nhà ICON4, số 243A Đường Đê La Thành-Phường Láng Thượng-Quận Đống Đa-TP. Hà Nội",2900324850,Hà Nội,C4G,https://s.cafef.vn/Ajax/CongTy/CongTyCon.aspx?sym=C4G
358,CÔNG TY CP TẬP ĐOÀN CÔNG NGHỆ CMC,,Tòa nhà CMC - Số 11 Phố Duy Tân - Phường Dịch Vọng Hậu - Quận Cầu Giấy - TP. Hà Nội,0100244112,Hà Nội,CMG,https://s.cafef.vn/Ajax/CongTy/CongTyCon.aspx?sym=CMG
359,CÔNG TY CP TẬP ĐOÀN ĐẠI DƯƠNG,,"Số 4 Láng Hạ, Phường Thành Công, Quận Ba Đình, Thành phố Hà Nội, Việt Nam",0102278484,Hà Nội,OGC,https://s.cafef.vn/Ajax/CongTy/CongTyCon.aspx?sym=OGC
360,CÔNG TY CP TẬP ĐOÀN ĐẠT PHƯƠNG,,"Tầng 15, Tòa nhà Handico, KĐT mới Mễ Trì Hạ - Đường Phạm Hùng - Phường Mễ Trì - Quận Nam Từ Liêm - TP. Hà Nội",0101218757,Hà Nội,DPG,https://s.cafef.vn/Ajax/CongTy/CongTyCon.aspx?sym=DPG
363,CÔNG TY CP TẬP ĐOÀN F.I.T,,"Tầng 5, tòa Times Tower - HACC 1 Complex Building, số 35 đường Lê Văn Lương, Phường Nhân Chính, Quận Thanh Xuân, Thành phố Hà Nội, Việt Nam",0102182140,Hà Nội,FIT,https://s.cafef.vn/Ajax/CongTy/CongTyCon.aspx?sym=FIT
364,CÔNG TY CP TẬP ĐOÀN FLC,,"Tầng 5, Tòa nhà FLC Land Mark Tower Đường Lê Đức Thọ-Phường Mỹ Đình 2-Quận Nam Từ Liêm-TP. Hà Nội",0102683813,Hà Nội,FLC,https://s.cafef.vn/Ajax/CongTy/CongTyCon.aspx?sym=FLC
365,CÔNG TY CP TẬP ĐOÀN GELEX,,GELEX Tower - 52 Lê Đại Hành - Phường Lê Đại Hành - Quận Hai Bà Trưng - TP. Hà Nội,0100100512,Hà Nội,GEX,https://s.cafef.vn/Ajax/CongTy/CongTyCon.aspx?sym=GEX
366,CÔNG TY CP TẬP ĐOÀN HÀ ĐÔ,,Số 8 Láng Hạ - Phường Thành Công - Quận Ba Đình - TP. Hà Nội,0100283802,Hà Nội,HDG,https://s.cafef.vn/Ajax/CongTy/CongTyCon.aspx?sym=HDG
370,CÔNG TY CP TẬP ĐOÀN NHỰA ĐÔNG Á,,"Lô 1-Cn5-Cụm Công Nghiệp Ngọc Hồi, Xã Ngọc Hồi, Huyện Thanh Trì, Thành Phố Hà Nội",0101099228,Hà Nội,DAG,https://s.cafef.vn/Ajax/CongTy/CongTyCon.aspx?sym=DAG
371,CÔNG TY CP TẬP ĐOÀN PAN,,"Lô A1-9, Đường Vl3, Kcn Vĩnh Lộc 2, Xã Long Hiệp, Huyện Bến Lức, Tỉnh Long An, Việt Nam",0301472704,Hà Nội,PAN,https://s.cafef.vn/Ajax/CongTy/CongTyCon.aspx?sym=PAN
372,CÔNG TY CP TẬP ĐOÀN PC1,,"Số 18 Lý Văn Phúc, Lý Văn Phúc, Phường Cát Linh, Quận Đống Đa, Hà Nội",0100100745,Hà Nội,PC1,https://s.cafef.vn/Ajax/CongTy/CongTyCon.aspx?sym=PC1
378,CÔNG TY CP THAIHOLDINGS,,Số 210 Đường Trần Quang Khải - Phường Tràng Tiền - Quận Hoàn Kiếm - TP. Hà Nội,0105202998,Hà Nội,THD,https://s.cafef.vn/Ajax/CongTy/CongTyCon.aspx?sym=THD
385,CÔNG TY CP TRAPHACO,,75 Yên Ninh - Phường Quán Thánh - Quận Ba Đình - TP. Hà Nội,0100108656,Hà Nội,TRA,https://s.cafef.vn/Ajax/CongTy/CongTyCon.aspx?sym=TRA
387,CÔNG TY CP VẬN TẢI VÀ XẾP DỠ HẢI AN,,"Tầng 7, Số 45 Triệu Việt Vương - Phường Bùi Thị Xuân - Quận Hai Bà Trưng - TP. Hà Nội",0103818809,Hà Nội,HAH,https://s.cafef.vn/Ajax/CongTy/CongTyCon.aspx?sym=HAH
390,CÔNG TY CP VINCOM RETAIL,,"Số 7, Đường Bằng Lăng 1 - KĐT Sinh Thái Vinhomes Riverside - Phường Việt Hưng - Quận Long Biên - TP. Hà Nội",0105850244,Hà Nội,VRE,https://s.cafef.vn/Ajax/CongTy/CongTyCon.aspx?sym=VRE
392,CÔNG TY CP XÂY DỰNG FLC FAROS,,Số 265 Cầu Giấy - Phường Dịch Vọng - Quận Cầu Giấy - TP. Hà Nội,0105167581,Hà Nội,ROS,https://s.cafef.vn/Ajax/CongTy/CongTyCon.aspx?sym=ROS
394,CÔNG TY CP XÂY DỰNG PHỤC HƯNG HOLDINGS,,"Tầng 1, Tháp A, Tòa Nhà CT2 (The Light), Đường Tố Hữu - Phường Trung Văn - Quận Nam Từ Liêm - TP. Hà Nội",0101311315,Hà Nội,PHC,https://s.cafef.vn/Ajax/CongTy/CongTyCon.aspx?sym=PHC
395,CÔNG TY CP XÂY DỰNG SCG,,"Tầng 8, toà nhà Sunshine Center, 16 Phạm Hùng - Phường Mỹ Đình 2 - Quận Nam Từ Liêm - TP. Hà Nội",0108704763,Hà Nội,SCG,https://s.cafef.vn/Ajax/CongTy/CongTyCon.aspx?sym=SCG
400,CÔNG TY TÀI CHÍNH CỔ PHẦN TÍN VIỆT,,"Tầng 17, tòa nhà MIPEC TOWER, số 229 Tây Sơn - Phường Ngã Tư Sở - Quận Đống Đa - TP. Hà Nội",0102766770,Hà Nội,TIN,https://s.cafef.vn/Ajax/CongTy/CongTyCon.aspx?sym=TIN
401,Cty Tài Chính Cổ Phần Điện Lực,,"Tầng 14,15,16 Thấp B Tòa Nhà Evn Số 11 Cửa Bắc, Phường Trúc Bạch, Quận Ba Đình, Thành Phố Hà Nội",0102806367,Hà Nội,EVF,https://s.cafef.vn/Ajax/CongTy/CongTyCon.aspx?sym=EVF
428,NGÂN HÀNG TMCP ĐẠI CHÚNG VIỆT NAM,,"Số 22, Ngô Quyền, Phường Hàng Bài, Quận Hoàn Kiếm, Hà Nội",0101057919,Hà Nội,PVF,https://s.cafef.vn/Ajax/CongTy/CongTyCon.aspx?sym=PVF
433,TỔNG CÔNG TY 36,,141 Hồ Đắc Di-Phường Nam Đồng- Quận Đống Đa-TP. Hà Nội,0105454762,Hà Nội,G36,https://s.cafef.vn/Ajax/CongTy/CongTyCon.aspx?sym=G36
439,TỔNG CÔNG TY CP BIA - RƯỢU - NƯỚC GIẢI KHÁT HÀ NỘI,,"Số 183, Phố, Hoàng Hoa Thám, Phường Ngọc Hà, Quận Ba Đình, Hà Nội",0101376672,Hà Nội,BHN,https://s.cafef.vn/Ajax/CongTy/CongTyCon.aspx?sym=BHN
441,TỔNG CÔNG TY CP XUẤT NHẬP KHẨU VÀ XÂY DỰNG VIỆT NAM,,Tòa nhà Vinaconex - 34 Láng Hạ - Quận Đống Đa - TP. Hà Nội,0100105616,Hà Nội,VCG,https://s.cafef.vn/Ajax/CongTy/CongTyCon.aspx?sym=VCG
442,TỔNG CÔNG TY ĐỨC GIANG - CTCP,,59 Đức Giang - Long Biên - Phường Đức Giang - Quận Long Biên - TP. Hà Nội,0100101403,Hà Nội,MGG,https://s.cafef.vn/Ajax/CongTy/CongTyCon.aspx?sym=MGG
443,TỔNG CÔNG TY DƯỢC VIỆT NAM - CTCP,,"Số 12 Ngô Tất Tố, Phường Văn Miếu, Quận Đống Đa, Thành Phố Hà Nội",0100109385,Hà Nội,DVN,https://s.cafef.vn/Ajax/CongTy/CongTyCon.aspx?sym=DVN
444,TỔNG CÔNG TY HÓA CHẤT VÀ DỊCH VỤ DẦU KHÍ - CTCP,,Tầng 6 & 7 - Tòa nhà Viện Dầu khí - số 173 - Trung Kính - Phường Yên Hòa - Quận Cầu Giấy - TP. Hà Nội,0100150873,Hà Nội,PVC,https://s.cafef.vn/Ajax/CongTy/CongTyCon.aspx?sym=PVC
445,Tổng Công Ty Lắp Máy Việt Nam - Ctcp,,124 Minh Khai-Phường Minh Khai-Quận Hai Bà Trưng-TP. Hà Nội,0100106313,Hà Nội,LLM,https://s.cafef.vn/Ajax/CongTy/CongTyCon.aspx?sym=LLM
446,TỔNG CÔNG TY LICOGI- CTCP,,"Nhà G1, Phường Thanh Xuân Nam, Quận Thanh Xuân, Thành phố Hà Nội, Việt Nam",0100106440,Hà Nội,LIC,https://s.cafef.vn/Ajax/CongTy/CongTyCon.aspx?sym=LIC
447,TỔNG CÔNG TY MAY 10 - CTCP,,765A Nguyễn Văn Linh - Phường Sài Đồng - Quận Long Biên - TP. Hà Nội,0100101308,Hà Nội,M10,https://s.cafef.vn/Ajax/CongTy/CongTyCon.aspx?sym=M10
448,TỔNG CÔNG TY MÁY ĐỘNG LỰC VÀ MÁY NÔNG NGHIỆP VIỆT NAM - CTCP,,"Lô D, Khu D1 - Phường Phú Thượng - Quận Tây Hồ - TP. Hà Nội",0100103866,Hà Nội,VEA,https://s.cafef.vn/Ajax/CongTy/CongTyCon.aspx?sym=VEA
449,TỔNG CÔNG TY THIẾT BỊ ĐIỆN ĐÔNG ANH - CTCP,,Số 189 Đường Lâm Tiên-Thị trấn Đông Anh-Huyện Đông Anh-TP. Hà Nội,0100101322,Hà Nội,TBD,https://s.cafef.vn/Ajax/CongTy/CongTyCon.aspx?sym=TBD
450,TỔNG CÔNG TY THƯƠNG MẠI HÀ NỘI - CTCP,,38-40 Lê Thái Tổ - Phường Hàng Trống - Quận Hoàn Kiếm - TP. Hà Nội,0100101273,Hà Nội,HTM,https://s.cafef.vn/Ajax/CongTy/CongTyCon.aspx?sym=HTM
454,TỔNG CÔNG TY XÂY DỰNG HÀ NỘI,,"Số 57 Quang Trung, Nguyễn Du-Phường Nguyễn Du-Quận Hai Bà Trưng-TP. Hà Nội",0100106338,Hà Nội,HAN,https://s.cafef.vn/Ajax/CongTy/CongTyCon.aspx?sym=HAN
456,TỔNG CÔNG TY HÀNG HẢI VIỆT NAM - CTCP,,"Tòa nhà Ocean Park, Số1 Đào Duy Anh - Phường Phương Mai - Quận Đống Đa - TP. Hà Nội",0100104595,Hà Nội,MVN,https://s.cafef.vn/Ajax/CongTy/CongTyCon.aspx?sym=MVN
459,Công ty Cổ phần Nhựa An Phát Xanh,,"Lô CN 11-CN 12, Cụm Công nghiệp An Đồng - Thị trấn Nam Sách - Huyện Nam Sách - Tỉnh Hải Dương",0800373586,Hải Dương,AAA,https://s.cafef.vn/Ajax/CongTy/CongTyCon.aspx?sym=AAA
463,CÔNG TY CP TẬP ĐOÀN AN PHÁT HOLDINGS,,"Lô CN11+CN12, cụm CN An Đồng - Thị trấn Nam Sách - Huyện Nam Sách - Tỉnh Hải Dương",0801210129,Hải Dương,APH,https://s.cafef.vn/Ajax/CongTy/CongTyCon.aspx?sym=APH
465,CÔNG TY CP CƠ KHÍ XÂY DỰNG AMECC,,Km 35-Quốc lộ 10-Xã Quốc Tuấn-Huyện An Lão-Hải Phòng,0200786983,Hải Phòng,AMS,https://s.cafef.vn/Ajax/CongTy/CongTyCon.aspx?sym=AMS
467,CÔNG TY CP ĐẦU TƯ DỊCH VỤ TÀI CHÍNH HOÀNG HUY,,116 Nguyễn Đức Cảnh - Phường Cát Dài - Quận Lê Chân - TP. Hải Phòng,0200117929,Hải Phòng,TCH,https://s.cafef.vn/Ajax/CongTy/CongTyCon.aspx?sym=TCH
468,CÔNG TY CP ĐẦU TƯ THƯƠNG MẠI XNK VIỆT PHÁT,,97 Bạch Đằng-Phường Hạ Lý- Quận Hồng Bàng-TP. Hải Phòng,0200826844,Hải Phòng,VPG,https://s.cafef.vn/Ajax/CongTy/CongTyCon.aspx?sym=VPG
470,CÔNG TY CP NHỰA THIẾU NIÊN TIỀN PHONG,,Số 2 An Đà - Phường Lạch Tray - Quận Ngô Quyền - TP. Hải Phòng,0200167782,Hải Phòng,NTP,https://s.cafef.vn/Ajax/CongTy/CongTyCon.aspx?sym=NTP
472,CÔNG TY CP SẢN XUẤT VÀ CÔNG NGHỆ NHỰA PHA LÊ,,"Lô Đất CN4.3 KCN MP Đình Vũ, Khu Kinh tế Đình Vũ-Cát Hải - Phường Đông Hải 2 - Quận Hải An - TP. Hải Phòng",0103018538,Hải Phòng,PLP,https://s.cafef.vn/Ajax/CongTy/CongTyCon.aspx?sym=PLP
475,CÔNG TY CP VẬN TẢI 1 TRACO,,Số 271 Lê Thánh Tông - Phường Máy Chai - Quận Ngô Quyền - TP. Hải Phòng,0200380768,Hải Phòng,TR1,https://s.cafef.vn/Ajax/CongTy/CongTyCon.aspx?sym=TR1
486,CÔNG TY CP TẬP ĐOÀN HÒA PHÁT,,KCN Phố Nối A - Xã Giai Phạm - Huyện Yên Mỹ - Tỉnh Hưng Yên,0900189284,Hưng Yên,HPG,https://s.cafef.vn/Ajax/CongTy/CongTyCon.aspx?sym=HPG
487,CÔNG TY CP THUẬN ĐỨC,,Thôn Bằng Ngang - Thị trấn Lương Bằng - Huyện Kim Động - Tỉnh Hưng Yên,0900264799,Hưng Yên,TDP,https://s.cafef.vn/Ajax/CongTy/CongTyCon.aspx?sym=TDP
495,CÔNG TY CP DỊCH VỤ NÔNG NGHIỆP BÌNH THUẬN,,Số 3 Nguyễn Du. - Phường Đức Thắng - TP. Phan Thiết - Tỉnh Khánh Hòa,3400382278,Khánh Hòa,ABS,https://s.cafef.vn/Ajax/CongTy/CongTyCon.aspx?sym=ABS
503,CÔNG TY CP TẬP ĐOÀN TƯ VẤN ĐẦU TƯ XÂY DỰNG KIÊN GIANG,,34 Trần Phú - Phường Vĩnh Thanh - TP. Rạch Giá - Tỉnh Kiên Giang,1700113586,Kiên Giang,CKG,https://s.cafef.vn/Ajax/CongTy/CongTyCon.aspx?sym=CKG
504,CÔNG TY CP THƯƠNG MẠI KIÊN GIANG,,190 Trần Phú - Phường Vĩnh Thanh Vân - TP. Rạch Giá - Tỉnh Kiên Giang,1700523208,Kiên Giang,KTC,https://s.cafef.vn/Ajax/CongTy/CongTyCon.aspx?sym=KTC
505,NGÂN HÀNG TMCP KIÊN LONG,,40-42-44 Phạm Hồng Thái - Phường Vĩnh Thanh Vân - TP. Rạch Giá - Tỉnh Kiên Giang,1700197787,Kiên Giang,KLB,https://s.cafef.vn/Ajax/CongTy/CongTyCon.aspx?sym=KLB
510,CÔNG TY CP TẬP ĐOÀN HOÀNG LONG,,"Tòa nhà Hoàng Long, Số 68 Nguyễn Trung Trực - Khu phố 9 - Thị trấn Bến Lức - Huyện Bến Lức - Tỉnh Long An",1100414052,Long An,HLG,https://s.cafef.vn/Ajax/CongTy/CongTyCon.aspx?sym=HLG
520,CÔNG TY CP MAY SÔNG HỒNG,,Số 105 Đường Nguyễn Đức Thuận - Phường Thống Nhất - TP. Nam Định - Tỉnh Nam Định,0600333307,Nam Định,MSH,https://s.cafef.vn/Ajax/CongTy/CongTyCon.aspx?sym=MSH
523,NGÂN HÀNG TMCP BẮC Á,,117 Quang Trung - Phường Quang Trung - TP. Vinh - Tỉnh Nghệ An,2900325526,Nghệ An,BAB,https://s.cafef.vn/Ajax/CongTy/CongTyCon.aspx?sym=BAB
525,CÔNG TY CP GIẤY VIỆT TRÌ,,Đường Sông Thao - Phường Bến Gót - TP. Việt Trì - Tỉnh Phú Thọ,2600107284,Phú Thọ,GVT,https://s.cafef.vn/Ajax/CongTy/CongTyCon.aspx?sym=GVT
537,CÔNG TY CP THỰC PHẨM SAO TA,,"Km 2132, Quốc lộ 1A - Phường 2 - TP. Sóc Trăng - Tỉnh Sóc Trăng",2200208753,Sóc Trăng,FMC,https://s.cafef.vn/Ajax/CongTy/CongTyCon.aspx?sym=FMC
542,CÔNG TY CP GIỐNG BÒ SỮA MỘC CHÂU,,Thị Trấn Nông Trường Mộc Châu - Thị trấn NT Mộc Châu - Huyện Mộc Châu - Tỉnh Sơn La,5500154060,Sơn La,MCM,https://s.cafef.vn/Ajax/CongTy/CongTyCon.aspx?sym=MCM
545,CÔNG TY CP DAMSAN,,"Lô A4, đường Bùi Viện, KCN Nguyễn Đức Cảnh - Phường Trần Hưng Đạo - TP. Thái Bình - Tỉnh Thái Bình",1000389853,Thái Bình,ADS,https://s.cafef.vn/Ajax/CongTy/CongTyCon.aspx?sym=ADS
546,CÔNG TY CP ĐẦU TƯ VÀ THƯƠNG MẠI TNG,,"Số 434/1, Đường Bắc Kạn - Phường Hoàng Văn Thụ - TP. Thái Nguyên - Tỉnh Thái Nguyên",4600305723,Thái Nguyên,TNG,https://s.cafef.vn/Ajax/CongTy/CongTyCon.aspx?sym=TNG
547,CÔNG TY CP GANG THÉP THÁI NGUYÊN,,Tổ 21 - Phường Cam Giá - TP. Thái Nguyên - Tỉnh Thái Nguyên,4600100155,Thái Nguyên,TIS,https://s.cafef.vn/Ajax/CongTy/CongTyCon.aspx?sym=TIS
552,CÔNG TY CP MÍA ĐƯỜNG LAM SƠN,,Thị Trấn Lam Sơn-Huyện Thọ Xuân-Tỉnh Thanh Hóa,2800463346,Thanh Hóa,LSS,https://s.cafef.vn/Ajax/CongTy/CongTyCon.aspx?sym=LSS
559,CÔNG TY CỔ PHẦN SEAREFICO,,"Lầu 14, Tòa nhà VP Centec Tower, Số 72 - 74 Nguyễn Thị Minh Khai - Phường 6 - Quận 3 - TP. Hồ Chí Minh",0301825452,TP Hồ Chí Minh,SRF,https://s.cafef.vn/Ajax/CongTy/CongTyCon.aspx?sym=SRF
565,CÔNG TY CP BÓNG ĐÈN ĐIỆN QUANG,,125 Hàm Nghi-Phường Nguyễn Thái Bình- Quận 1-TP. Hồ Chí Minh,0300363808,TP Hồ Chí Minh,DQC,https://s.cafef.vn/Ajax/CongTy/CongTyCon.aspx?sym=DQC
566,CÔNG TY CP CẢNG RAU QUẢ,,Số 1 Nguyễn Văn Quỳ - Phường Phú Thuận - Quận 7 - TP. Hồ Chí Minh,0302336158,TP Hồ Chí Minh,VGP,https://s.cafef.vn/Ajax/CongTy/CongTyCon.aspx?sym=VGP
568,CÔNG TY CP CHỨNG KHOÁN BẢN VIỆT,,"Tầng 15, Tháp tài chính Bitexco, số 2 Hải Triều, Quận 1, Tp. Hồ Chí Minh, Việt Nam",0305299779,TP Hồ Chí Minh,VCI,https://s.cafef.vn/Ajax/CongTy/CongTyCon.aspx?sym=VCI
569,CÔNG TY CP CHỨNG KHOÁN TP. HỒ CHÍ MINH,,"Tầng 5, 6 Toà Nhà Ab, 76 Lê Lai - Phường Bến Thành - Quận 1 - TP. Hồ Chí Minh",0302910950,TP Hồ Chí Minh,HCM,https://s.cafef.vn/Ajax/CongTy/CongTyCon.aspx?sym=HCM
570,CÔNG TY CP CITY AUTO,,218 Quốc Lộ 13 - Phường Hiệp Bình Chánh - Quận Thủ Đức - TP. Hồ Chí Minh,0307979603,TP Hồ Chí Minh,CTF,https://s.cafef.vn/Ajax/CongTy/CongTyCon.aspx?sym=CTF
572,CÔNG TY CP CƠ ĐIỆN LẠNH,,364 Cộng Hòa - Phường 13 - Quận Tân Bình - TP. Hồ Chí Minh,0300741143,TP Hồ Chí Minh,REE,https://s.cafef.vn/Ajax/CongTy/CongTyCon.aspx?sym=REE
580,CÔNG TY CP ĐẦU TƯ HẠ TẦNG KỸ THUẬT TP. HỒ CHÍ MINH,,3A Nguyễn Văn Thủ - Phường Đa Kao - Quận 1 - TP. Hồ Chí Minh,0302483177,TP Hồ Chí Minh,CII,https://s.cafef.vn/Ajax/CongTy/CongTyCon.aspx?sym=CII
583,CÔNG TY CP ĐẦU TƯ NĂM BẢY BẢY,,"Tòa nhà Carina Plaza, 1648 Võ Văn Kiệt - Phường 16 - Quận 8 - TP. Hồ Chí Minh",0303885305,TP Hồ Chí Minh,NBB,https://s.cafef.vn/Ajax/CongTy/CongTyCon.aspx?sym=NBB
584,CÔNG TY CP ĐẦU TƯ NAM LONG,,Số 6 Nguyễn Khắc Viện - Phường Tân Phú - Quận 7 - TP. Hồ Chí Minh,0301438936,TP Hồ Chí Minh,NLG,https://s.cafef.vn/Ajax/CongTy/CongTyCon.aspx?sym=NLG
586,CÔNG TY CP ĐẦU TƯ SÀI GÒN VRG,,"Lô TT2-1, Đường D4, KCN Đông Nam - Xã Hòa Phú - Huyện Củ Chi - TP. Hồ Chí Minh",0305268812,TP Hồ Chí Minh,SIP,https://s.cafef.vn/Ajax/CongTy/CongTyCon.aspx?sym=SIP
587,CÔNG TY CP ĐẦU TƯ THƯƠNG MẠI SMC,,Số 396 Ung Văn Khiêm - Phường 25 - Quận Bình Thạnh - TP. Hồ Chí Minh,0303522206,TP Hồ Chí Minh,SMC,https://s.cafef.vn/Ajax/CongTy/CongTyCon.aspx?sym=SMC
588,CÔNG TY CP ĐẦU TƯ VÀ KINH DOANH NHÀ KHANG ĐIỀN,,"Phòng 1&2, Tầng 11, Tòa nhà Saigon Centre, 67 Lê Lợi - Phường Bến Nghé - Quận 1 - TP. Hồ Chí Minh",0302588596,TP Hồ Chí Minh,KDH,https://s.cafef.vn/Ajax/CongTy/CongTyCon.aspx?sym=KDH
589,CÔNG TY CP ĐẦU TƯ VÀ PHÁT TRIỂN BẤT ĐỘNG SẢN AN GIA,,30 Nguyễn Thị Diệu-Phường 06-Quận 3-Thành phố Hồ Chí Minh,0311500196,TP Hồ Chí Minh,AGG,https://s.cafef.vn/Ajax/CongTy/CongTyCon.aspx?sym=AGG
595,CÔNG TY CP DỆT MAY - ĐẦU TƯ - THƯƠNG MẠI THÀNH CÔNG,,36 Tây Thạnh - Phường Tây Thạnh - Quận Tân Phú - TP. Hồ Chí Minh,0301446221,TP Hồ Chí Minh,TCM,https://s.cafef.vn/Ajax/CongTy/CongTyCon.aspx?sym=TCM
597,CÔNG TY CP DỊCH VỤ CÔNG NGHỆ TIN HỌC HPT,,"Lô E2a-3 đường D1, khu Công nghệ cao, TP. Thủ Đức, TP.Hồ Chí Minh",0301447426,TP Hồ Chí Minh,HPT,https://s.cafef.vn/Ajax/CongTy/CongTyCon.aspx?sym=HPT
599,Tổng Công ty Cổ phần Dịch vụ Kỹ thuật Dầu khí Việt Nam,,Lầu 5 - PetroVietnam Tower - số 1-5 Lê Duẩn - Quận 1 - TP. Hồ Chí Minh,0100150577,TP Hồ Chí Minh,PVS,https://s.cafef.vn/Ajax/CongTy/CongTyCon.aspx?sym=PVS
600,CÔNG TY CP DỊCH VỤ Ô TÔ HÀNG XANH,,333 Điện Biên Phủ - Phường 15 - Quận Bình Thạnh - TP. Hồ Chí Minh,0302000126,TP Hồ Chí Minh,HAX,https://s.cafef.vn/Ajax/CongTy/CongTyCon.aspx?sym=HAX
601,CÔNG TY CP DỊCH VỤ TỔNG HỢP SÀI GÒN,,66B - 68 Nam Kỳ Khởi Nghĩa - Phường Nguyễn Thái Bình - Quận 1 - TP. Hồ Chí Minh,0301154821,TP Hồ Chí Minh,SVC,https://s.cafef.vn/Ajax/CongTy/CongTyCon.aspx?sym=SVC
605,CÔNG TY CP DƯỢC PHẨM OPC,,1017 Hồng Bàng - Phường 12 - Quận 6 - TP. Hồ Chí Minh,0302560110,TP Hồ Chí Minh,OPC,https://s.cafef.vn/Ajax/CongTy/CongTyCon.aspx?sym=OPC
606,CÔNG TY CP GEMADEPT,,Số 6 Lê Thánh Tôn - Phường Bến Nghé - Quận 1 - TP. Hồ Chí Minh,0301116791,TP Hồ Chí Minh,GMD,https://s.cafef.vn/Ajax/CongTy/CongTyCon.aspx?sym=GMD
611,Công ty TNHH MasanConsumerHoldings,,"Tầng 12, Tòa nhà Mplaza Saigon, Số 39 Lê Duẩn - Phường Bến Nghé - Quận 1 - TP. Hồ Chí Minh",0302017440,TP Hồ Chí Minh,MCH,https://s.cafef.vn/Ajax/CongTy/CongTyCon.aspx?sym=MCH
613,CÔNG TY CP HÓA - DƯỢC PHẨM MEKOPHAR,,297/5 Lý Thường Kiệt - Phường 15 - Quận 11 - TP. Hồ Chí Minh,0302533156,TP Hồ Chí Minh,MKP,https://s.cafef.vn/Ajax/CongTy/CongTyCon.aspx?sym=MKP
615,CÔNG TY CP HƯNG THỊNH INCONS,,53 Trần Quốc Thảo - Phường Võ Thị Sáu - Quận 3 - TP. Hồ Chí Minh,0305371707,TP Hồ Chí Minh,HTN,https://s.cafef.vn/Ajax/CongTy/CongTyCon.aspx?sym=HTN
616,CÔNG TY CP IN VÀ BAO BÌ MỸ CHÂU,,18 Lũy Bán Bích - Phường Tân Thới Hòa - Quận Tân Phú - TP. Hồ Chí Minh,0301671386,TP Hồ Chí Minh,MCP,https://s.cafef.vn/Ajax/CongTy/CongTyCon.aspx?sym=MCP
620,CÔNG TY CP LIZEN,,"24A Phan Đăng Lưu, Phường 6, Quận Bình Thạnh, TP. Hồ Chí Minh",0302310209,TP Hồ Chí Minh,LCG,https://s.cafef.vn/Ajax/CongTy/CongTyCon.aspx?sym=LCG
621,CÔNG TY CP LOGISTICS VINALINK,,145-147 Nguyễn Tất Thành - Phường 13 - Quận 4 - TP. Hồ Chí Minh,0301776205,TP Hồ Chí Minh,VNL,https://s.cafef.vn/Ajax/CongTy/CongTyCon.aspx?sym=VNL
625,Tổng Công ty Khí Việt Nam-CTCP,,Tòa nhà PVGas Tower - 673 Nguyễn Hữu Thọ - Xã Phước Kiến - Huyện Nhà Bè - TP. Hồ Chí Minh,3500102710,TP Hồ Chí Minh,GAS,https://s.cafef.vn/Ajax/CongTy/CongTyCon.aspx?sym=GAS
626,CÔNG TY CP PHÁT HÀNH SÁCH TP. HỒ CHÍ MINH - FAHASA,,60-62 Lê Lợi - Phường Bến Nghé - Quận 1 - TP. Hồ Chí Minh,0304132047,TP Hồ Chí Minh,FHS,https://s.cafef.vn/Ajax/CongTy/CongTyCon.aspx?sym=FHS
627,CÔNG TY CP PHÁT TRIỂN BẤT ĐỘNG SẢN PHÁT ĐẠT,,"Tầng 8 và 9 Tháp B, Tòa nhà Viettel, 285 Đường Cách Mạng Tháng Tám - Phường 12 - Quận 10 - TP. Hồ Chí Minh",0303493756,TP Hồ Chí Minh,PDR,https://s.cafef.vn/Ajax/CongTy/CongTyCon.aspx?sym=PDR
630,CÔNG TY CP RẠNG ĐÔNG HOLDING,,190 Lạc Long Quân - Phường 3 - Quận 11 - TP. Hồ Chí Minh,0300384357,TP Hồ Chí Minh,RDP,https://s.cafef.vn/Ajax/CongTy/CongTyCon.aspx?sym=RDP
632,CÔNG TY CP SAM HOLDINGS,,"152/11B Điện Biên Phủ, P.25, Quận Bình Thạnh, TP.Hồ Chí Minh",3600253537,TP Hồ Chí Minh,SAM,https://s.cafef.vn/Ajax/CongTy/CongTyCon.aspx?sym=SAM
633,CÔNG TY CP SẢN XUẤT KINH DOANH XUẤT NHẬP KHẨU BÌNH THẠNH,,334A Phan Văn Trị - Phường 11 - Quận Bình Thạnh - TP. Hồ Chí Minh,0302181666,TP Hồ Chí Minh,GIL,https://s.cafef.vn/Ajax/CongTy/CongTyCon.aspx?sym=GIL
636,CÔNG TY CP SIÊU THANH,,A20 Tân Phong Nguyễn Hữu Thọ-Phường Tân Phong-Quận 7-TP. Hồ Chí Minh,0302563707,TP Hồ Chí Minh,ST8,https://s.cafef.vn/Ajax/CongTy/CongTyCon.aspx?sym=ST8
637,CÔNG TY CP TẬP ĐOÀN BAMBOO CAPITAL,,"Tầng 14, Vincom Center, 72 Lê Thánh Tôn - Phường Bến Nghé - Quận 1 - TP. Hồ Chí Minh",0311315789,TP Hồ Chí Minh,BCG,https://s.cafef.vn/Ajax/CongTy/CongTyCon.aspx?sym=BCG
638,CÔNG TY CP TẬP ĐOÀN DẦU KHÍ AN PHA,,"Phòng 805, Lầu 8, Tòa nhà Paragon, Số 3 Nguyễn Lương Bằng, Phường Tân Phú, Quận 7, TP. Hồ Chí Minh",0303224471,TP Hồ Chí Minh,ASP,https://s.cafef.vn/Ajax/CongTy/CongTyCon.aspx?sym=ASP
639,CÔNG TY CP TẬP ĐOÀN ĐẦU TƯ ĐỊA ỐC NO VA,,313B-315 Nam Kỳ Khởi Nghĩa - Phường 07 - Quận 3 - TP. Hồ Chí Minh,0301444753,TP Hồ Chí Minh,NVL,https://s.cafef.vn/Ajax/CongTy/CongTyCon.aspx?sym=NVL
642,CÔNG TY CP TẬP ĐOÀN KIDO,,138 - 142 Hai Bà Trưng - Phường Đa Kao - Quận 1 - TP. Hồ Chí Minh,0302705302,TP Hồ Chí Minh,KDC,https://s.cafef.vn/Ajax/CongTy/CongTyCon.aspx?sym=KDC
644,CÔNG TY CP TẬP ĐOÀN THIÊN LONG,,"Lô 6, 8, 10, 12 Đường Số 3, KCN Tân Tạo - Phường Tân Tạo A - Quận Bình Tân - TP. Hồ Chí Minh",0301464830,TP Hồ Chí Minh,TLG,https://s.cafef.vn/Ajax/CongTy/CongTyCon.aspx?sym=TLG
646,CÔNG TY CP TẬP ĐOÀN XÂY DỰNG HÒA BÌNH,,235 Võ Thị Sáu - Phường 7 - Quận 3 - TP. Hồ Chí Minh,0302158498,TP Hồ Chí Minh,HBC,https://s.cafef.vn/Ajax/CongTy/CongTyCon.aspx?sym=HBC
650,CÔNG TY CP THỰC PHẨM CHOLIMEX,,"Lô C40-43/I, C51-55/II, Đường số 7, KCN Vĩnh Lộc - Xã Vĩnh Lộc A - Huyện Bình Chánh - TP. Hồ Chí Minh",0304475742,TP Hồ Chí Minh,CMF,https://s.cafef.vn/Ajax/CongTy/CongTyCon.aspx?sym=CMF
654,CÔNG TY CP THƯƠNG MẠI XUẤT NHẬP KHẨU THIÊN NAM,,"Tòa nhà văn phòng Thiên Nam, Số 111-121 Ngô Gia Tự - Phường 2 - Quận 10 - TP. Hồ Chí Minh",0301172041,TP Hồ Chí Minh,TNA,https://s.cafef.vn/Ajax/CongTy/CongTyCon.aspx?sym=TNA
657,CÔNG TY CP TRANSIMEX,,172 (lầu 9-10) Hai Bà Trưng - Phường Đa Kao - Quận 1 - TP. Hồ Chí Minh,0301874259,TP Hồ Chí Minh,TMS,https://s.cafef.vn/Ajax/CongTy/CongTyCon.aspx?sym=TMS
660,CÔNG TY CP TƯ VẤN XÂY DỰNG ĐIỆN 2,,32 Ngô Thời Nhiệm - Phường 7 - Quận 3 - TP. Hồ Chí Minh,0300420157,TP Hồ Chí Minh,TV2,https://s.cafef.vn/Ajax/CongTy/CongTyCon.aspx?sym=TV2
662,CÔNG TY CP VẬT LIỆU XÂY DỰNG VÀ TRANG TRÍ NỘI THẤT TP. HỒ CHÍ MINH,,215 - 217 Trần Hưng Đạo - Phường Cô Giang - Quận 1 - TP. Hồ Chí Minh,0302495140,TP Hồ Chí Minh,CMD,https://s.cafef.vn/Ajax/CongTy/CongTyCon.aspx?sym=CMD
663,CÔNG TY CP VẬT TƯ XĂNG DẦU (COMECO),,"COMECO Tower, 549 Điện Biên Phủ - Phường 3 - Quận 3 - TP. Hồ Chí Minh",0300450673,TP Hồ Chí Minh,COM,https://s.cafef.vn/Ajax/CongTy/CongTyCon.aspx?sym=COM
669,CÔNG TY CP XÂY DỰNG COTECCONS,,236/6 Điện Biên Phủ-Phường 17-Quận Bình Thạnh-TP. Hồ Chí Minh,0303443233,TP Hồ Chí Minh,CTD,https://s.cafef.vn/Ajax/CongTy/CongTyCon.aspx?sym=CTD
671,CÔNG TY CP XÂY LẮP THƯƠNG MẠI 2,,36 Ung Văn Khiêm - Phường 25 - Quận Bình Thạnh - TP. Hồ Chí Minh,0300584155,TP Hồ Chí Minh,ACS,https://s.cafef.vn/Ajax/CongTy/CongTyCon.aspx?sym=ACS
721,NGÂN HÀNG TMCP BẢN VIỆT,,"Tòa nhà HM Town, số 412 Nguyễn Thị Minh Khai - Phường 5 - Quận 3 - TP. Hồ Chí Minh",0301378892,TP Hồ Chí Minh,BVB,https://s.cafef.vn/Ajax/CongTy/CongTyCon.aspx?sym=BVB
726,TỔNG CÔNG TY CP BẢO HIỂM BẢO LONG,,185 Điện Biên Phủ - Phường Đa Kao - Quận 1 - TP. Hồ Chí Minh,0301458065,TP Hồ Chí Minh,BLI,https://s.cafef.vn/Ajax/CongTy/CongTyCon.aspx?sym=BLI
727,TỔNG CÔNG TY CP DỊCH VỤ TỔNG HỢP DẦU KHÍ,,"Lầu 6, Tòa nhà Petrovietnam, Số 1-5 Lê Duẩn - Phường Bến Nghé - Quận 1 - TP. Hồ Chí Minh",0300452060,TP Hồ Chí Minh,PET,https://s.cafef.vn/Ajax/CongTy/CongTyCon.aspx?sym=PET
728,TỔNG CÔNG TY CP MAY VIỆT TIẾN,,7 Lê Minh Xuân - Phường 07 - Quận Tân Bình - TP. Hồ Chí Minh,0300401524,TP Hồ Chí Minh,VGG,https://s.cafef.vn/Ajax/CongTy/CongTyCon.aspx?sym=VGG
729,TỔNG CÔNG TY CP PHONG PHÚ,,48 Tăng Nhơn Phú - Khu phố 3 - Phường Tăng Nhơn Phú B - Quận 9 - TP. Hồ Chí Minh,0301446006,TP Hồ Chí Minh,PPH,https://s.cafef.vn/Ajax/CongTy/CongTyCon.aspx?sym=PPH
730,TỔNG CÔNG TY CP VẬN TẢI DẦU KHÍ,,Tầng 2 Tòa nhà PVFCCo - 43 Mạc Đĩnh Chi - Phường Đakao - Quận 1 - TP. Hồ Chí Minh,0302743192,TP Hồ Chí Minh,PVT,https://s.cafef.vn/Ajax/CongTy/CongTyCon.aspx?sym=PVT
731,TỔNG CÔNG TY IDICO - CTCP,,Số 151 Ter Nguyễn Đình Chiểu - Phường 6 - Quận 3 - TP. Hồ Chí Minh,0302177966,TP Hồ Chí Minh,IDC,https://s.cafef.vn/Ajax/CongTy/CongTyCon.aspx?sym=IDC
732,TỔNG CÔNG TY MAY NHÀ BÈ - CTCP,,Số 4 Bến Nghé - Phường Tân Thuận Đông - Quận 7 - TP. Hồ Chí Minh,0300398889,TP Hồ Chí Minh,MNB,https://s.cafef.vn/Ajax/CongTy/CongTyCon.aspx?sym=MNB
733,TỔNG CÔNG TY VẬT LIỆU XÂY DỰNG SỐ 1 - CTCP,,"Tầng 15, Tòa nhà Sailling Tower, Số 11A Pasteur - Phường Bến Nghé - Quận 1 - TP. Hồ Chí Minh",0300402493,TP Hồ Chí Minh,FIC,https://s.cafef.vn/Ajax/CongTy/CongTyCon.aspx?sym=FIC
734,TỔNG CÔNG TY XÂY DỰNG SỐ 1 - CTCP,,"Tầng 9, Tòa nhà Sailing Tower, 111A Pasteur - Phường Bến Nghé - Quận 1 - TP. Hồ Chí Minh",0301429113,TP Hồ Chí Minh,CC1,https://s.cafef.vn/Ajax/CongTy/CongTyCon.aspx?sym=CC1
735,TẬP ĐOÀN CÔNG NGHIỆP CAO SU VIỆT NAM - CTCP,,236 Nam Kỳ Khởi Nghĩa - Phường 06 - Quận 3 - TP. Hồ Chí Minh,0301266564,TP Hồ Chí Minh,GVR,https://s.cafef.vn/Ajax/CongTy/CongTyCon.aspx?sym=GVR
742,CÔNG TY CP ỐNG THÉP VIỆT - ĐỨC VG PIPE,,KCN Bình Xuyên - Xã Đạo Đức - Huyện Bình Xuyên - Tỉnh Vĩnh Phúc,2500267703,Vĩnh Phúc,VGS,https://s.cafef.vn/Ajax/CongTy/CongTyCon.aspx?sym=VGS
749,Công ty cổ phần xi măng Bỉm Sơn,,Lô 17 Đường Đông A - Hòa Vượng - Lộc Hòa - T.p Nam Định,2800232620,Nam Định,BCC,https://s.cafef.vn/Ajax/CongTy/CongTyCon.aspx?sym=BCC
760,CONG TY CO PHAN KIM KHI THANG LONG,,"Phố Sài Đồng , Phường Sài Đồng, Quận Long Biên, Hà Nội",0100100618,Hà Nội,KTL,https://s.cafef.vn/Ajax/CongTy/CongTyCon.aspx?sym=KTL
761,CONG TY TU VAN DAU TU VA DICH VU KY THUAT CONG NGHIEP,,"Số 7a Phố Mạc Thị Bưởi, Phường Vĩnh Tuy, Quận Hai Bà Trưng, Thành Phố Hà Nội",0100101379,Hà Nội,MIE,https://s.cafef.vn/Ajax/CongTy/CongTyCon.aspx?sym=MIE
763,CONG TY CO PHAN TAP DOAN HIPT,,"152 Thuỵ Khuê, Thụy Khuê, Phường Thụy Khuê, Quận Tây Hồ, Hà Nội",0100364579,Hà Nội,HIG,https://s.cafef.vn/Ajax/CongTy/CongTyCon.aspx?sym=HIG
770,Công Ty Cổ Phần Chứng Khoán Đà Nẵng,,"Tầng 2 Tòa Nhà Thành Công - Số 80, Dịch Vọng Hậu, Phường Dịch Vọng Hậu, Quận Cầu Giấy, Hà Nội",0400554813,Hà Nội,DSC,https://s.cafef.vn/Ajax/CongTy/CongTyCon.aspx?sym=DSC
784,Công Ty Cổ Phần Nước Sạch Quảng Ninh,,"449 đường Nguyễn Văn Cừ, Phường Hồng Hải, Thành phố Hạ Long, Tỉnh Quảng Ninh",5700100104,Quảng Ninh,NQN,https://s.cafef.vn/Ajax/CongTy/CongTyCon.aspx?sym=NQN
787,Công ty cổ phần Bia Sài Gòn-Miền Trung,,Số 01 đường Nguyễn Văn Linh - Phường Tân An - TP.Buôn Ma Thuột - Đắk Lắk.,4100739909,Đắk Lắk,SMB,https://s.cafef.vn/Ajax/CongTy/CongTyCon.aspx?sym=SMB
788,Công ty cổ phần Cấp nước Đắk Lắk,,Số 339 Tôn Đức Thắng - Phường Tân An - TP.Buôn Ma Thuột - Đắk Lắk.,6000175995,Đắk Lắk,DWC,https://s.cafef.vn/Ajax/CongTy/CongTyCon.aspx?sym=DWC
791,Công ty cổ phần Du lịch Đắk Lắk,,03 đường Phan Chu Trinh - Phường Thống Nhất - TP.Buôn Ma Thuột - Đắk Lắk.,6000177738,Đắk Lắk,DLD,https://s.cafef.vn/Ajax/CongTy/CongTyCon.aspx?sym=DLD
796,Công ty cổ Dược- Vật tư y tế Đắk Lắk,,Số 9 A đường Hùng Vương - Phường Tự An - TP.Buôn Ma Thuột - Đắk Lắk.,6000449389,Đắk Lắk,DBM,https://s.cafef.vn/Ajax/CongTy/CongTyCon.aspx?sym=DBM
803,Công Ty CP Dược Hậu Giang,,"288 Bis, Nguyễn Văn Cừ - Phường An Hòa - Quận Ninh Kiều - Cần Thơ",1800156801,Cần Thơ,DHG,https://s.cafef.vn/Ajax/CongTy/CongTyCon.aspx?sym=DHG
804,CÔNG TY CỔ PHẦN CẤP THOÁT NƯỚC CẦN THƠ,,"2A, Nguyễn Trãi, Phường Tân An, Quận Ninh Kiều, Thành phố Cần Thơ",1800155244,Cần Thơ,CTW,https://s.cafef.vn/Ajax/CongTy/CongTyCon.aspx?sym=CTW
809,CÔNG TY CP DƯỢC PHẨM IMEXPHARM ,,"Số 4, Đường 30/4 - Phường 1 - TP. Cao Lãnh - Tỉnh Đồng Tháp ",1400384433,Đồng Tháp,IMP,https://s.cafef.vn/Ajax/CongTy/CongTyCon.aspx?sym=IMP
818,Công Ty Cổ Phần Cấp Nước Bạc Liêu ,,"92, Đường Lê Duẩn, Phường 1, TP
Bạc Liêu, Bạc Liêu ",1900605680,Bạc Liêu,BLW,https://s.cafef.vn/Ajax/CongTy/CongTyCon.aspx?sym=BLW
