name,href
Bellagio,https://www.spafinder.com/spa/bellagio-5294
"The Ritz-Carlton, Laguna Niguel",https://www.spafinder.com/spa/the-ritz-carlton-laguna-niguel-4767
St Kitts Marriott Resort The Royal Beach Casino,https://www.spafinder.com/spa/st-kitts-marriott-resort-the-royal-beach-casino-6493
Sanibel Harbour Marriott Resort & Spa,https://www.spafinder.com/spa/sanibel-harbour-marriott-resort-and-spa-5423
Ame Spa and Wellness Collective at JW Marriott Miami Turnberry,https://www.spafinder.com/spa/ame-spa-and-wellness-collective-at-jw-marriott-miami-turnberry-4138
Naples Grande Beach Resort,https://www.spafinder.com/spa/naples-grande-beach-resort-5874
"Sahra Spa, Salon & Hammam at The Cosmopolitan of Las Vegas",https://www.spafinder.com/spa/sahra-spa-salon-and-hammam-at-the-cosmopolitan-of-las-vegas-4935
The Spa at the Atlanta Marriott Marquis,https://www.spafinder.com/spa/the-spa-at-the-atlanta-marriott-marquis-5834
The Spa at Harrah's Resort Atlantic City,https://www.spafinder.com/spa/the-spa-at-harrahs-resort-atlantic-city-10085
CasaMagna Marriott Cancun Resort,https://www.spafinder.com/spa/casamagna-marriott-cancun-resort-6176
The Spa at JW Marriott Chicago,https://www.spafinder.com/spa/the-spa-at-jw-marriott-chicago-4791
Waldorf Astoria Spa Las Vegas,https://www.spafinder.com/spa/waldorf-astoria-spa-las-vegas-5163
Majorelle at Hotel Californian,https://www.spafinder.com/spa/majorelle-at-hotel-californian-5145
Palo Verde Spa & Apothecary at Andaz Scottsdale Resort & Bungalows,https://www.spafinder.com/spa/palo-verde-spa-and-apothecary-at-andaz-scottsdale-resort-and-bungalows-5044
Santa Marta Marriott Resort Playa Dormida,https://www.spafinder.com/spa/santa-marta-marriott-resort-playa-dormida-7534
Spa at The Del,https://www.spafinder.com/spa/spa-at-the-del-5414
Well & Being Spa at Fairmont Scottsdale Princess,https://www.spafinder.com/spa/well-and-being-spa-at-fairmont-scottsdale-princess-5343
"Sisley Spa at The Ritz-Carlton, Marina Del Rey",https://www.spafinder.com/spa/sisley-spa-at-the-ritz-carlton-marina-del-rey-4130
Miraval Austin Resort & Spa,https://www.spafinder.com/spa/miraval-austin-resort-and-spa-5160
Rel√¢che Spa Salon at Gaylord Palms Resort,https://www.spafinder.com/spa/relche-spa-salon-at-gaylord-palms-resort-5502
The Spa at PGA National Resort,https://www.spafinder.com/spa/the-spa-at-pga-national-resort-4855
JW Marriott Desert Springs Resort & Spa,https://www.spafinder.com/spa/jw-marriott-desert-springs-resort-and-spa-5286
JW Marriott Desert Ridge Resort & Spa,https://www.spafinder.com/spa/jw-marriott-desert-ridge-resort-and-spa-5428
Six Senses Spa Yao Noi,https://www.spafinder.com/spa/six-senses-spa-yao-noi-6585
"The Ritz-Carlton Spa, Rancho Mirage",https://www.spafinder.com/spa/the-ritz-carlton-spa-rancho-mirage-4157
JW Marriott San Antonio Hill Country Resort & Spa,https://www.spafinder.com/spa/jw-marriott-san-antonio-hill-country-resort-and-spa-5774
Miraval Berkshires Resort & Spa,https://www.spafinder.com/spa/miraval-berkshires-resort-and-spa-9526
Rock Spa Salon Atlantic City,https://www.spafinder.com/spa/rock-spa-salon-atlantic-city-5197
The Spa at The Miami Beach EDITION,https://www.spafinder.com/spa/the-spa-at-the-miami-beach-edition-34
